t,delta,psi_nominal,psi_actual,psi_fitted,err_nominal,err_fitted,r_nominal,r_actual,r_fitted
0,8,0,0,0,0,0,0,0,0
0.2,8,0.0072,0.003478260869565218,0.003277400470581112,0.003721739130434782,-0.0002008603989841055,0.036,0.01739130434782609,0.01638700235290556
0.4,8,0.02142,0.01038101089579406,0.009787446450982198,0.01103898910420594,-0.000593564444811864,0.0711,0.03451375013114422,0.03255022990200543
0.6000000000000001,8,0.0424845,0.02065541220895385,0.01948599413752552,0.02182908779104615,-0.001169418071428334,0.1053225,0.05137200656579895,0.04849273843271659
0.8,8,0.07022238750000001,0.03424954322493274,0.03232950253788312,0.03597284427506727,-0.001920040687049623,0.1386894375,0.06797065507989443,0.06421754200178798
1,8,0.1044668278125,0.05111238139355649,0.04827502523930942,0.05335444641894353,-0.002837356154247073,0.1712222015625,0.08431419084311878,0.07972761350713153
1.2,8,0.1450551571171875,0.07119378624770881,0.06728020228928383,0.07386137086947872,-0.003913583958424977,0.2029416465234375,0.1004070242707616,0.09502588524987207
1.4,8,0.1918287781892578,0.09444448274828153,0.0893032521870282,0.09738429544097631,-0.005141230561253332,0.2338681053603516,0.1162534825028636,0.1101152494887218
1.6,8,0.2446330587345264,0.1208160449200676,0.1143029639843852,0.1238170138144588,-0.006513080935682494,0.2640214027263428,0.1318578108589306,0.1249985589867847
1.8,8,0.3033172322661633,0.1502608797737944,0.1422386894945639,0.1530563524923688,-0.008022190279230512,0.2934208676581842,0.147224174268634,0.1396786275508938
2,8,0.3677343014595092,0.1827322115095777,0.1730703356072806,0.1850020899499315,-0.009661875902297085,0.3220853459667296,0.1623566586789162,0.1541582305635834
2.2,8,0.4377409439230215,0.2181840659971592,0.20675835670884,0.2195568779258623,-0.01142570928831915,0.3500332123175613,0.1772592724379073,0.1684401055077971
2.4,8,0.513197420324946,0.2565712555283703,0.2432637472057262,0.2566261647965757,-0.01330750832264413,0.3772823820096223,0.1919359476560555,0.1825269524844307
2.6,8,0.5939674848168224,0.2978493638373433,0.2825480341502876,0.296118120979479,-0.01530132968705578,0.4038503224593818,0.2063905415448652,0.196421434722807
2.8,8,0.6799182976964018,0.3419747313840692,0.3245732699671238,0.3379435663123326,-0.01740146141694543,0.4297540643978973,0.2206268377336293,0.2101261790841809
3,8,0.7709203402539917,0.3889044408969764,0.3693020252787973,0.3820158993570153,-0.0196024156181791,0.4550102127879498,0.2346485475645359,0.2236437765583678
3.2,8,0.8668473317476419,0.4385963031702809,0.4166973818295154,0.4282510285773611,-0.02189892134076549,0.4796349574682511,0.2484593113665225,0.2369767827535905
3.4,8,0.9675761484539509,0.4910088431119296,0.4667229255054429,0.4765673053420213,-0.02428591760648668,0.5036440835315448,0.2620626997082436,0.2501277183796376
3.6,8,1.072986744742602,0.5461012860380321,0.5193427394503275,0.5268854587045699,-0.0267585465877046,0.5270529814432562,0.2754622146305126,0.263099069724423
3.8,8,1.182962076124037,0.6038335442097459,0.5745213972751352,0.579128531914291,-0.02931214693461071,0.5498766569071748,0.2886612908585692,0.2758932891240385
4,8,1.297388024220936,0.6641662036086502,0.6322239563604126,0.6332218206122857,-0.03194224724823758,0.5721297404844954,0.3016632969945214,0.2885127954263871
4.2,8,1.416153323615412,0.7270605109467104,0.6924159512501097,0.689092812668702,-0.03464455969660074,0.593826496972383,0.314471536690301,0.3009599744484853
4.4,8,1.539149490525027,0.792478360907004,0.7550633871356138,0.7466711296180232,-0.03741497377139014,0.6149808345480734,0.3270892498014676,0.3132371794275207
4.600000000000001,8,1.666270753261901,0.8603822836114419,0.8201327334287638,0.8058884696504596,-0.04024955018267806,0.6356063136843716,0.3395196135221896,0.3253467314657496
4.800000000000001,8,1.797413984430354,0.9307354323117867,0.8875909174226279,0.8666785521185671,-0.04314451488915882,0.6557161558422623,0.3517657435017239,0.3372909199693203
5,8,1.932478634819595,1.003501571300329,0.9574053180388484,0.928977063519266,-0.04609625326148059,0.6753232519462057,0.3638306949427119,0.3490720030811028
5.2,8,2.071366668949105,1.078645064036649,1.02954375966037,0.9927216049124561,-0.04910130437627891,0.6944401706475506,0.3757174636816013,0.3606922081076088
5.4,8,2.213982502225377,1.156130861486949,1.103974506048387,1.057851640738428,-0.05215635543856267,0.7130791663813618,0.3874289872514997,0.3721537319400813
5.600000000000001,8,2.360232939669743,1.235924490672501,1.180666254342353,1.124308448997242,-0.0552582363301477,0.7312521872218277,0.3989681459277594,0.3834587414698344
5.800000000000001,8,2.510027116177999,1.317992043423819,1.259588129141938,1.192035072754181,-0.05840391428188108,0.7489708825412821,0.4103377637565874,0.3946093739979211
6,8,2.663276438273549,1.402300165337212,1.340709676669779,1.260976272936337,-0.06159048866743366,0.76624661047775,0.4215406095669693,0.4056077376392068
6.2,8,2.81989452731671,1.488816044930451,1.424000859013964,1.33107848238626,-0.06481518591648672,0.7830904452158063,0.432579397966191,0.4164559117209251
6.4,8,2.979797164133793,1.577507402994298,1.509432048449122,1.402289761139495,-0.06807535454517577,0.7995131840854112,0.4434567903192365,0.427155947175791
6.600000000000001,8,3.142902235030448,1.668342482136765,1.596974021835071,1.474559752893683,-0.0713684603016933,0.8155253544832759,0.4541753957123338,0.4377098669297459
6.800000000000001,8,3.309129679154687,1.761290036516949,1.686597955091953,1.547839642637738,-0.07469208142499584,0.831137220621194,0.4647377719009202,0.4481196662844074
7,8,3.478401437175819,1.856319321765406,1.778275417750812,1.622082115410413,-0.07804390401459371,0.8463587901056642,0.4751464262422864,0.458387313294297
7.2,8,3.650641401246424,1.953400085088038,1.871978367578596,1.697241316158385,-0.08142171750944271,0.8611998203530226,0.4854038166131617,0.4685147491389167
7.4,8,3.825775366215263,2.052502555550537,1.967679145276544,1.773272810664726,-0.08482341027399243,0.875669824844197,0.495512352312492,0.4785038884897433
7.600000000000001,8,4.003730982059881,2.153597434540469,2.065350469250987,1.850133547519413,-0.08824696528948195,0.889778079223092,0.50547439494966,0.4883566198722131
7.800000000000001,8,4.184437707508384,2.256655886404148,2.164965430455539,1.927781821104237,-0.09169045594860847,0.9035336272425147,0.5152922593183932,0.4980748060227618
8,8,4.367826764820674,2.361649529255467,2.266497487303737,2.006177235565207,-0.09515204195173022,0.9169452865614519,0.5249682142565991,0.50766028424099
8.200000000000001,8,4.553831095700158,2.46855042595394,2.369920460651141,2.085280669746218,-0.09862996530279933,0.9300216543974156,0.534504483492364,0.5171148667370187
8.4,8,4.742385318307654,2.577331075249209,2.475208528845961,2.165054243058445,-0.102122546403248,0.9427711130374802,0.5439032464763457,0.5264403409741022
8.6,8,4.933425685349962,2.687964403089367,2.582336222847274,2.245461282260595,-0.1056281802420931,0.9552018352115432,0.553166639200789,0.5356384700065622
8.800000000000001,8,5.126890043216213,2.800423754090444,2.691278421409895,2.326466289125769,-0.1091453326805487,0.9673217893312547,0.5622967550053857,0.5447109928131065
9,8,5.322717792135808,2.914682883164483,2.802010346335015,2.408034908971324,-0.1126725368294688,0.9791387445979733,0.5712956453701987,0.5536596246255975
9.200000000000001,8,5.520849847332412,3.030715947303656,2.91450755778568,2.490133900028756,-0.116208389517976,0.990660275983024,0.5801653206958655,0.5624860572533293
9.4,8,5.721228601149102,3.148497497517914,3.028745949666256,2.572731103631188,-0.1197515478516582,1.001893769083448,0.5889077510712902,0.5711919594028787
9.600000000000001,8,5.923797886120375,3.268002470923721,3.144701745064973,2.655795415196653,-0.1233007258587482,1.012846424856362,0.5975248670290348,0.579778976993586
9.800000000000001,8,6.128502938967365,3.389206182981443,3.262351491758719,2.739296755985922,-0.1268546912227237,1.023525264234953,0.6060185602886087,0.5882487334687303
10,8,6.335290365493181,3.512084319879015,3.38167205777921,2.823206045614166,-0.1304122620998052,1.033937132629079,0.6143906844878592,0.5966028301024533
10.2,8,6.544108106355852,3.636612931059547,3.502640627039709,2.907495175296305,-0.1339723040198382,1.044088704313352,0.6226430559026581,0.6048428463024932
10.4,8,6.754905403696956,3.762768421890562,3.625234695021466,2.992136981806394,-0.1375337268690964,1.053986486705519,0.630777454155076,0.6129703399087841
10.6,8,6.967632768604532,3.890527546472609,3.749432064519061,3.077105222131924,-0.1410954819535473,1.063636824537881,0.6387956229102333,0.6209868474879779
10.8,8,7.182241949389419,4.019867400585011,3.87521084144385,3.162374548804408,-0.1446565591411608,1.073045903924434,0.6466992705620138,0.6288938846239444
11,8,7.398685900654684,4.150765414766576,4.002549430684711,3.247920485888108,-0.1482159840818644,1.082219756326323,0.6544900709078226,0.6366929462043039
11.2,8,7.616918753138316,4.283199347529089,4.131426532025321,3.333719405609227,-0.1517728155037679,1.091164262418165,0.6621696638125661,0.6443855067030485
11.4,8,7.836895784309858,4.417147278701495,4.261821136117181,3.419748505608363,-0.1553261425843138,1.099885155857711,0.6697396558620299,0.6519730204593017
11.6,8,8.058573389702111,4.55258760290266,4.393712520507636,3.505985786799451,-0.1588750823950242,1.108388026961268,0.6772016210058265,0.6594569219522738
11.8,8,8.281909054959559,4.689499023140677,4.527080245722128,3.592410031818883,-0.1624187774185488,1.116678326287236,0.684557101190082,0.6668386260724607
12,8,8.50686132858557,4.827860544536682,4.661904151399956,3.679000784048888,-0.1659563931367263,1.124761368130055,0.6918076069800263,0.6741195283891406
12.2,8,8.733389795370931,4.967651468171212,4.798164352482799,3.765738327199719,-0.1694871156884128,1.132642333926804,0.6989546181726516,0.6813010054142171
12.4,8,8.961455050486657,5.108851385051131,4.935841235455292,3.852603665435526,-0.1730101495958394,1.140326275578634,0.7059995843995956,0.6883844148624597
12.6,8,9.191018674224491,5.251440170195213,5.07491545463693,3.939578504029278,-0.1765247155582834,1.147818118689168,0.7129439257204099,0.6953710959081904
12.8,8,9.422043207368878,5.395397976836485,5.215367928524623,4.026645230532393,-0.1800300483118624,1.155122665721939,0.7197890332063638,0.702262369438465
13,8,9.654492127184657,5.540705230739473,5.357179836185183,4.113786896445184,-0.1835253945542901,1.16224459907889,0.7265362695149377,0.7090595383027978
13.2,8,9.888329824005041,5.687342624630503,5.500332613697077,4.200987199374538,-0.1870100109334256,1.169188484101918,0.7331869694551512,0.7157638875594748
13.4,8,10.12352157840492,5.835291112739278,5.644807950640779,4.288230465665637,-0.1904831620984995,1.17595877199937,0.7397424405438737,0.7223766847185048
13.6,8,10.36003353894479,5.98453190544993,5.790587786637029,4.375501633494863,-0.193944118812901,1.182559802699386,0.7462039635532595,0.7288991799812513
13.8,8,10.59783270047117,6.135046464059819,5.937654307932387,4.462786236411354,-0.1973921561274317,1.188995807631901,0.7525727930494461,0.7353326064767937
14,8,10.83688688295939,6.28681649564435,6.085989944031399,4.550070387315044,-0.200826551612951,1.195270912441104,0.758850157922656,0.7416781804950595
14.2,8,11.07716471088541,6.439823948026117,6.235577364374755,4.637340762859292,-0.2042465836513623,1.201389139630076,0.765037261908834,0.7479371017167741
14.4,8,11.31863559311327,6.594051004846708,6.386399475062809,4.724584588266566,-0.2076515297838997,1.207354411139324,0.7711352841029551,0.7541105534402691
14.6,8,11.56126970328544,6.749480080739534,6.538439415623848,4.811789622545909,-0.2110406651156866,1.213170550860841,0.7771453794641304,0.760199702805195
14.8,8,11.80503796070331,6.906093816602063,6.691680555826483,4.898944144101245,-0.2144132607755793,1.21884128708932,0.7830686793126416,0.7662057010131773
15,8,12.04991201168573,7.063875074965868,6.846106492535576,4.986036936719858,-0.217768582430292,1.224370254912087,0.7889062918190261,0.7721296835454611
15.2,8,12.29586421139358,7.222806935462935,7.001701046611092,5.073057275930647,-0.2211058888518425,1.229760998539285,0.7946593024853382,0.7779727703775818
15.4,8,12.54286760610874,7.382872690386677,7.158448259849314,5.159994915722066,-0.2244244305373631,1.235016973575803,0.8003287746187064,0.7837360661911064
15.6,8,12.79089591595602,7.544055840346138,7.31633239196581,5.246840075609887,-0.2277234483803277,1.240141549236408,0.805915749797304,0.7894206605824811
15.8,8,13.03992351805712,7.706340090011908,7.475337917619616,5.333583428045216,-0.2310021723922926,1.245138010505497,0.8114212483288508,0.795027628269029
16,8,13.2899254301057,7.86970934395226,7.635449523478043,5.420216086153437,-0.2342598204742172,1.25000956024286,0.8168462697017598,0.8005580292921335
16.2,8,13.54087729435305,8.034147702558068,7.796652105321572,5.506729591794986,-0.2374955972364958,1.254759321236788,0.8221917930290398,0.8060129092176473
16.4,8,13.79275536199423,8.199639458055081,7.958930765188285,5.593115903939147,-0.2407086928667965,1.259390338205869,0.8274587774850649,0.8113932993335653
16.6,8,14.04553647794437,8.366169090602146,8.122270808557284,5.679367387342227,-0.2438982820448619,1.263905579750722,0.8326481627353188,0.8167002168449972
16.8,8,14.29919806599576,8.533721264473989,8.286657741570579,5.765476801521773,-0.2470635229034102,1.268307940256954,0.8377608693592188,0.8219346650664784
17,8,14.55371811434587,8.702280824327215,8.452077268292911,5.851437290018653,-0.2502035560343039,1.27260024175053,0.8427977992661245,0.8270976336116548
17.2,8,14.80907516148722,8.87183279154814,8.618515288008986,5.937242369939081,-0.2533175035391544,1.276785235706767,0.8477598361046335,0.8321900985803764
17.4,8,15.06524828245004,9.042362360681192,8.785957892557633,6.022885921768848,-0.2564044681235593,1.280865604814098,0.8526478456652621,0.8372130227432373
17.6,8,15.32221707538879,9.213854895936516,8.954391363702351,6.108362179452275,-0.2594635322341645,1.284843964693745,0.8574626762766131,0.8421673557235946
17.8,8,15.57996164850407,9.38629592777554,9.123802170537772,6.19366572072853,-0.2624937572377686,1.288722865576401,0.8622051591951231,0.8470540341771023
18,-6,15.83846260729147,9.559671149573237,9.294176966931531,6.278791457718231,-0.2654941826417065,1.292504793936991,0.8668761089884872,0.8518739819687938
18.2,-6,16.08510104210918,9.727879457834069,9.459767138177563,6.357221584275111,-0.2681123196565061,1.233192174088567,0.8410415413041569,0.8279508562301604
18.4,-6,16.32017351605645,9.891012722160786,9.620638021335733,6.429160793895663,-0.2703747008250534,1.175362369736352,0.8156663216335885,0.8043544157908449
18.6,-6,16.54396917815504,10.04916112445872,9.776854061247336,6.494808053696314,-0.2723070632113878,1.118978310492944,0.7907420114896918,0.7810801995580136
18.8,-6,16.75676994870116,10.20241318791069,9.928478822718908,6.554356760790471,-0.2739343651917832,1.06400385273062,0.7662603172598378,0.7581238073578559
19,-6,16.95885069998363,10.35085580546566,10.07557500253965,6.607994894517972,-0.2752808029260123,1.010403756412354,0.7422130877748367,0.7354808991036969
19.2,-6,17.15047943248404,10.49457426784977,10.21820444133474,6.655905164634271,-0.2763698265150278,0.9581436625020456,0.7185923119205457,0.7131471939754693
19.4,-6,17.33191744667194,10.63365229110804,10.35642813525682,6.698265155563902,-0.2772241558512185,0.9071900709394944,0.6953901162913474,0.6911184696103914
19.6,-6,17.50341951050514,10.76817204368499,10.49030624751776,6.735247466820153,-0.2778657961672302,0.8575103191660071,0.6725987628847544,0.6693905613046954
19.8,-6,17.66523402274251,10.89821417305227,10.61989811976301,6.767019849690243,-0.2783160532892595,0.8090725611868569,0.6502106468364068,0.6479593612262582
20,-6,17.81760317217395,11.02385783189122,10.74526228329061,6.793745340282731,-0.2785955486006113,0.7618457471571854,0.6282182941947426,0.6268208176379827
20.2,-6,17.9607630928696,11.14518070383814,10.86645647011696,6.815582389031457,-0.2787242337211815,0.7157996034782558,0.6066143597346324,0.6059709341317853
20.4,-6,18.09494401554786,11.2622590288,10.98353762389157,6.832684986747861,-0.2787214049084312,0.6709046133912994,0.585391624809285,0.5854057688730435
20.6,-6,18.22037041515917,11.37516762784795,11.09656191066264,6.845202787311216,-0.2786057171853074,0.6271319980565169,0.5645429952397386,0.5651214338553612
20.8,-6,18.33726115478019,11.4839799276962,11.20558472949575,6.853281227083983,-0.2783951982004584,0.5844536981051039,0.5440614992412676,0.5451140941655098
21,-6,18.44582962591068,11.58876798477341,11.31066072294743,6.857061641137271,-0.2781072618259852,0.5428423556524764,0.5239402853860436,0.5253799672584086
21.2,-6,18.54628388526292,11.68960250889369,11.41184378739583,6.856681376369224,-0.2777587214978645,0.5022712967611644,0.5041726206014048,0.5059153222420042
21.4,-6,18.63882678813134,11.78655288653431,11.50918708323021,6.852273901597032,-0.2773658033041002,0.4627145143421353,0.4847518882030924,0.4867164791719161
21.6,-6,18.72365611842806,11.87968720372688,11.60274304490135,6.843968914701183,-0.2769441588255237,0.4241466514835819,0.4656715859628332,0.4677798083557146
21.8,-6,18.80096471546736,11.96907226856881,11.69256339083469,6.831892446898552,-0.2765088777341127,0.3865429851964924,0.4469253242096484,0.4491017296666984
22,-6,18.87094059758067,12.05477363336166,11.7786991332081,6.816166964219009,-0.2760745001535607,0.3498794105665801,0.4285068239642867,0.4306787118670437
22.2,-6,18.93376708264116,12.1368556163829,11.86120058759614,6.796911466258255,-0.2756550287867601,0.3141324253024156,0.4104099151061871,0.412507271940196
22.4,-6,18.98962290557513,12.21538132329738,11.94011738248262,6.774241582277748,-0.2752639408147619,0.2792791146698552,0.3926285345723867,0.3945839744323781
22.6,-6,19.03868233293575,12.29041266821494,12.01549846864324,6.748269664720809,-0.2749141995717039,0.2452971368031088,0.3751567245878016,0.3769054308030907
22.8,-6,19.08111527461235,12.3620103944002,12.08739212840013,6.71910488021215,-0.2746182660000702,0.2121647083830311,0.3579886309263157,0.3594682987844823
23,-6,19.11708739274705,12.43023409464063,12.15584598475003,6.686853298106415,-0.2743881098906016,0.1798605906734553,0.3411185012021236,0.3422692817494667
23.2,-6,19.14676020792837,12.49514223127879,12.22090701036772,6.651617976649582,-0.2742352209110646,0.1483640759066189,0.3245406831907849,0.3253051280884702
23.4,-6,19.17029120273016,12.55679215591468,12.28262153648666,6.613499046815484,-0.274170619428018,0.1176549740089535,0.3082496231794535,0.3085726305946888
23.6,-6,19.18783392266191,12.61524012878383,12.34103526165821,6.572593793878079,-0.2742048671256221,0.08771359965872962,0.2922398643457566,0.2920686258577407
23.8,-6,19.19953807459536,12.67054133781679,12.39619326039133,6.528996736778568,-0.2743480774254632,0.05852075966726137,0.2765060451648084,0.2757899936655988
24,-6,19.20554962273048,12.72274991738556,12.44813999167427,6.482799705344915,-0.2746099257112959,0.03005774067557983,0.2610428978438494,0.2597336564146898
24.2,-6,19.20601088216221,12.77191896674236,12.49691930737988,6.434091915419851,-0.2749996593624875,0.002306297158690334,0.2458452467840143,0.2438965785280489
24.4,-6,19.20106061010816,12.81810056815611,12.54257446055616,6.382960041952046,-0.2755261075999513,-0.02475136027027693,0.2309080070687379,0.2282757658814207
24.6,-6,19.19083409485545,12.86134580475177,12.5851481136036,6.329488290103679,-0.2761976911481749,-0.05113257626352001,0.2162261829783174,0.2128682652371958
24.8,-6,19.17546324248407,12.90170477805781,12.62468234634082,6.27375846442626,-0.2770224317169916,-0.07685426185693202,0.2017948665301596,0.197671163686078
25,-6,19.15507666142197,12.93922662526666,12.66121866396009,6.21585003615531,-0.2780079613065656,-0.1019329053105087,0.1876092360442467,0.1826815880963765
25.2,-6,19.12979974488642,12.97395953621333,12.69479800487425,6.155840208673087,-0.2791615313390743,-0.126384582677746,0.173664554733366,0.167896704570817
25.4,-6,19.09975475126426,13.00595077007686,12.72546074845641,6.093803981187397,-0.2804900216204516,-0.1502249681108024,0.1599561693176527,0.1533137179107715
25.6,-6,19.06506088248265,13.03524667180946,12.75324672267397,6.029814210673191,-0.281999949135491,-0.1734693439080323,0.1464795086630077,0.1389298710878039
25.8,-6,19.02583436042059,13.06189268829805,12.77819521161846,5.963941672122534,-0.2836974766795954,-0.1961326103103315,0.1332300824429555,0.124742444722432
26,-6,18.98218850141007,13.08593338426276,12.80034496293246,5.896255117147316,-0.2855884213302975,-0.2182292950525732,0.1202034798235174,0.1107487565700077
26.2,-6,18.93423378887482,13.10741245789689,12.81973419513518,5.826821330977928,-0.2876782627617107,-0.2397735626762589,0.1073953681706824,0.09694616101361704
26.4,-6,18.88207794415295,13.12637275625291,12.83640060484796,5.755705187900045,-0.2899721514049425,-0.2607792236093525,0.09480149178006457,0.08333204856390594
26.6,-6,18.82582599554913,13.14285629037857,12.85038137392111,5.682969705170553,-0.2924749164574649,-0.2812597430191187,0.08241767062834413,0.06990384536573545
26.8,-6,18.7655803456604,13.15690425020779,12.86171317646343,5.608676095452607,-0.2951910737443679,-0.3012282494436407,0.07023979914609514,0.05665901271157423
27,-6,18.70144083701889,13.16855701921012,12.87043218577573,5.532883817808774,-0.2981248334343842,-0.3206975432075497,0.05826384501161104,0.04359504656153594
27.2,-6,18.63350481609342,13.17785418880318,12.87657408118973,5.455650627290233,-0.3012801076134579,-0.3396801046273609,0.04648584796534509,0.03070947706997074
27.4,-6,18.56186719569108,13.1848345725321,12.88017405481343,5.37703262315898,-0.3046605177186716,-0.3581881020116769,0.03490191864459009,0.01799986811852156
27.6,-6,18.4866205157988,13.18953622001971,12.88126681818454,5.297084295779097,-0.3082694018351653,-0.376233399461385,0.02350823743802805,0.005463816855556698
27.8,-6,18.40785500290383,13.19199643069167,12.87988660883292,5.215858572212168,-0.3121098218587441,-0.3938275644748503,0.01230105335978714,-0.006901046758108119
28,-6,18.32565862783124,13.1922517672802,12.87606719675346,5.133406860551043,-0.3161845705267314,-0.4109818753629791,0.001276682942649553,-0.01909706039728438
28.2,-6,18.24011716213546,13.19033806911021,12.86984189079059,5.049779093025251,-0.3204961783196172,-0.4277073284789046,-0.009568490849939704,-0.03112652981436658
28.4,-6,18.15131423308207,13.18629046517153,12.86124354493554,4.965023767910546,-0.3250469202359856,-0.444014645266932,-0.0202380196934071,-0.04299172927525287
28.6,-6,18.05933137725502,13.18014338698083,12.85030456453768,4.879187990274188,-0.3298388224431541,-0.4599142791352587,-0.0307353909534656,-0.05469490198931291
28.8,-6,17.96424809282365,13.17193058123688,12.83705691243098,4.792317511586761,-0.3348736688059031,-0.4754164221568772,-0.04106402871974234,-0.06623826053348431
29,-6,17.86614189050306,13.16168512227249,12.82153211497686,4.70445676823056,-0.3401530072956298,-0.4905310116029553,-0.05122729482194492,-0.07762398727057765
29.2,-6,17.76508834324048,13.14943942430672,12.80376126802449,4.615648918933761,-0.3456781562822258,-0.5052677363128815,-0.06122848982888648,-0.08885423476186943
29.4,-6,17.66116113465947,13.13522525350058,12.78377504278968,4.525935881158885,-0.351450210710901,-0.5196360429050594,-0.07107085403068411,-0.09993112617406065
29.6,-6,17.55443210629298,13.11907373981969,12.76160369165354,4.435358366473286,-0.3574700481661477,-0.5336451418324329,-0.08075756840443953,-0.1108567556806782
29.8,-6,17.44497130363565,13.10101538870695,12.73727705388194,4.343955914928703,-0.3637383348250065,-0.5473040132866221,-0.09029175556370544,-0.121633188857995
30,-6,17.33284702104476,13.08108009256854,12.71082456126684,4.251766928476219,-0.3702555313017086,-0.5606214129544566,-0.09967648069203584,-0.1322624630755432
30.2,-6,17.21812584551865,13.05929714207636,12.68227524369058,4.158828703442284,-0.3770218983857845,-0.5736058776305951,-0.1089147524609127,-0.1427465878812951
30.4,-6,17.10087269938068,13.03569523728989,12.65165773461426,4.065177462090785,-0.3840375026756337,-0.5862657306898302,-0.1180095239323369,-0.153087545381584
30.6,-6,16.98115088189616,13.01030249860062,12.61900027649109,3.970848383295541,-0.3913022221095286,-0.5986090874225845,-0.1269636934463659,-0.1632872906158369
30.8,-6,16.85902210984876,12.98314647750185,12.58433072610585,3.875875632346913,-0.3988157513959916,-0.6106438602370199,-0.1357801054938749,-0.1733477519261903
31,-6,16.73454655710254,12.95425416718688,12.54767655984144,3.780292389915656,-0.4065776073454419,-0.6223777637310944,-0.1444615515748147,-0.1832708313220584
31.2,-6,16.60778289317498,12.92365201297844,12.5090648788735,3.684130880196541,-0.4145871341049396,-0.6338183196378171,-0.153010771042234,-0.1930584048397226
31.4,-6,16.4787883208456,12.89136592259197,12.46852241429409,3.587422398253631,-0.422843508297877,-0.6449728616468716,-0.1614304519323276,-0.2027123228970114
31.6,-6,16.34761861282446,12.85742127623582,12.42607553216547,3.490197336588645,-0.4313457440703505,-0.6558485401056998,-0.1697232317807697,-0.2122344106431365
31.8,-6,16.21432814750385,12.8218429365507,12.38175023850472,3.392485210953149,-0.4400926980459836,-0.6664523266030573,-0.1778916984255863,-0.221626468303751
32,-6,16.07896994381625,12.78465525839134,12.33557218420046,3.294314685424917,-0.4490830741908809,-0.6767910184379808,-0.1859383907968133,-0.2308902715212968
32.2,-6,15.94159569522085,12.7458820984527,12.28756666986232,3.195713596768147,-0.4583154285903834,-0.6868712429770313,-0.1938657996931879,-0.2400275716907039
32.4,-6,15.80225580284033,12.70554682474348,12.23775865060422,3.096708978096848,-0.4677881741392635,-0.6966994619026055,-0.2016763685461099,-0.2490400962905047
32.6,-6,15.66099940776932,12.66367232590926,12.18617274076233,2.997327081860062,-0.4774995851469281,-0.7062819753550403,-0.2093724941711118,-0.2579295492094281
32.8,-6,15.51787442257509,12.62028102040784,12.13283321854862,2.897593402167244,-0.4874478018592203,-0.7156249259711643,-0.2169565275070667,-0.2666976110685327
33,-6,15.37292756201071,12.57539486553917,12.07776403064083,2.79753269647154,-0.4976308348983363,-0.7247343028218852,-0.2244307743433626,-0.2753459395389416
33.2,-6,15.22620437296044,12.52903536633212,12.02098879670979,2.697169006628325,-0.50804656962233,-0.7336159452513381,-0.2317974960352657,-0.2838761696552382
33.4,-6,15.07774926363643,12.48122358429058,11.96253081388487,2.596525679345852,-0.5186927704057087,-0.7422755466200547,-0.2390589102076922,-0.2922899141245822
33.6,-6,14.92760553204552,12.43198014600106,11.90241306115855,2.495625386044463,-0.5295670848425083,-0.7507186579545533,-0.2462171914476029,-0.3005887636316048
33.8,-6,14.77581539374438,12.38132525160401,11.84065820373072,2.394490142140372,-0.5406670478732902,-0.7589506915056895,-0.253274471985233,-0.3087742871391398
34,-6,14.62242000890077,12.32927868313114,11.77728859729375,2.293141325769636,-0.551990085837387,-0.7669769242180473,-0.2602328423643634,-0.316848032184849
34.2,-6,14.46745950867825,12.27585981271077,11.71232629225899,2.191599695967485,-0.5635335204517791,-0.7748025011125961,-0.2670943521018378,-0.3248115251737956
34.4,-6,14.3109730209613,12.22108761064347,11.64579303792559,2.089885410317834,-0.5752945727178798,-0.7824324385847812,-0.2738610103365249,-0.3326662716670237
34.6,-6,14.15299869543727,12.16498065334988,11.57771028659235,1.988018042087386,-0.5872703667575347,-0.7898716276201616,-0.2805347864679223,-0.3404137566661961
34.8,-6,13.99357372805134,12.10755713119296,11.50809919761348,1.886016596858374,-0.599457933579485,-0.7971248369296575,-0.2871176107845947,-0.3480554448943459
35,-6,13.83273438485005,12.04883485617644,11.43698064139892,1.783899528673617,-0.6118542147775177,-0.8041967160064161,-0.2936113750826354,-0.3555927810727937
35.2,-6,13.6705160252288,11.98883126952157,11.36437520336006,1.681684755707233,-0.6244560661615068,-0.8110917981062556,-0.3000179332743363,-0.3630271901942834
35.4,-6,13.50695312459808,11.92756344912412,11.29030318780158,1.579389675473964,-0.6372602613225347,-0.8178145031535993,-0.3063391019872497,-0.3703600777923886
35.6,-6,13.34207929648313,11.86504811689336,11.21478462176014,1.477031179589774,-0.6502634951332187,-0.8243691405747593,-0.3125766611538192,-0.3775928302072395
35.8,-6,13.17592731407105,11.801301645975,11.13783925879061,1.374625668096048,-0.6634623871843921,-0.8307599120603903,-0.3187323545917566,-0.3847268148476218
36,10,13.00852913121927,11.73634006785994,11.05948658270071,1.272189063359338,-0.6768534851592243,-0.8369909142588806,-0.3248078905753364,-0.3917633804494958
36.2,10,12.85431590293879,11.67713560111951,10.98630061217568,1.177180301819282,-0.6908349889438341,-0.7710661414024086,-0.2960223337021249,-0.3659298526251744
36.4,10,12.71295800536532,11.62358263182603,10.9182107926077,1.089375373539294,-0.7053718392183281,-0.7067894878673484,-0.267764846467408,-0.340449097839875
36.6,10,12.58413405523119,11.57557732910705,10.85514753285644,1.008556726124139,-0.7204297962506097,-0.6441197506706647,-0.2400265135948904,-0.3153162987563023
36.8,10,12.46753070385041,11.53301761522234,10.79704219209226,0.9345130886280728,-0.7359754231300801,-0.5830167569038981,-0.2127985694235678,-0.2905267038209255
37,10,12.36284243625415,11.49580313617151,10.74382706681913,0.8670393000826451,-0.7519760693523807,-0.5234413379813007,-0.1860723952541534,-0.2660756263656603
37.2,10,12.2697713753478,11.46383523282296,10.69543537807476,0.8059361425248373,-0.7683998547481981,-0.4653553045317682,-0.1598395167427274,-0.2419584437218167
37.4,10,12.1880270909641,11.4370169125548,10.65180125880553,0.7510101784093042,-0.7852156537492672,-0.4087214219184739,-0.1340916013408002,-0.2181705963461477
37.6,10,12.11732641369,11.4152528213986,10.61285974141377,0.7020735922914003,-0.8023930799848351,-0.3535033863705121,-0.1088204557809906,-0.1947075869588315
37.8,10,12.05739325334775,11.3984492166771,10.57854674547512,0.6589440366706558,-0.8199024712019742,-0.2996658017112493,-0.08401802360753488,-0.1715649796932253
38,10,12.00795842201406,11.38651394012692,10.54879906562367,0.621444481887135,-0.8377148745032486,-0.2471741566684681,-0.05967638275085744,-0.1487383992572299
38.2,10,11.96875946146371,11.37935639149783,10.52355435960245,0.5894030699658721,-0.8558020318953812,-0.1959948027517563,-0.03578774314544448,-0.1262235301061062
38.40000000000001,10,11.93954047492711,11.37688750261978,10.50275113647714,0.562652972307335,-0.8741363661426433,-0.1460949326829624,-0.01234444439027757,-0.1040161156265875
38.6,10,11.92005196305394,11.37901971192956,10.48632874501071,0.5410322511243759,-0.8926909669188507,-0.09744255936588839,0.01066104654890519,-0.08211195733213342
38.8,10,11.91005066397759,11.38566693944881,10.47422736219687,0.5243837245287803,-0.911439577251933,-0.05000649538174118,0.03323613759623925,-0.06050691406917261
39,10,11.90929939737815,11.3967445622052,10.46638798195004,0.5125548351729492,-0.9303565802551628,-0.003756332997197652,0.05538811378196166,-0.03919690123418544
39.2,10,11.91756691244369,11.41216939008899,10.46275240394974,0.5053975223547091,-0.9494169861392443,0.04133757532773229,0.07712413941893195,-0.01817789000147731
39.40000000000001,10,11.9346277396326,11.43185964213701,10.46326322263744,0.5027680974955917,-0.9685964194995691,0.08530413594453898,0.09845126024012868,0.002554093438502453
39.6,10,11.96026204614179,11.45573492323657,10.46786381636353,0.504527122905218,-0.9878711068730386,0.1281715325459255,0.1193764054977927,0.02300296863044064
39.8,10,11.99425549498824,11.48371620124155,10.47649833668257,0.5105392937466977,-1.007217864558978,0.1699672442322774,0.1399063900248772,0.0431726015951809
40,10,12.03639910761354,11.51572578449344,10.48911169779469,0.5206733231201017,-1.026614086698743,0.2107180631264704,0.160047916259453,0.06306680556062541
40.2,10,12.0864891299232,11.55168729973998,10.50564956613122,0.5348018301832234,-1.046037733608753,0.2504501115483087,0.1798075762327063,0.0826893416826557
40.40000000000001,10,12.14432690167512,11.59152567044421,10.52605835008247,0.5528012312309123,-1.065467320361742,0.2891888587596009,0.1991918535211557,0.1020439197562087
40.6,10,12.20971872913324,11.63516709547695,10.55028518986579,0.5745516336562932,-1.084881905611155,0.3269591372906109,0.2182071251637052,0.1211341989166427
40.8,10,12.28247576090491,11.68253902818578,10.5782779475321,0.5999367327191347,-1.104261080653677,0.3637851588583456,0.236859663544137,0.1399637883315257
41,10,12.36241386688229,11.7335701558337,10.60998519710869,0.6288437110485852,-1.12358495872501,0.399690529886887,0.2551556382396409,0.1585362478829771
41.2,10,12.44935352021023,11.7881903794009,10.64535621487683,0.6611631408093341,-1.142834164524064,0.4346982666397148,0.2731011178359652,0.176855088840691
41.40000000000001,10,12.54311968220498,11.84633079374285,10.68434096978199,0.6967888884621267,-1.161989823960862,0.4688308099737219,0.2907020717097629,0.1949237745257701
41.6,10,12.64354169014985,11.90792366809859,10.72689011397509,0.7356180220512609,-1.181033554123504,0.5021100397243788,0.3079643717787002,0.212745720965493
41.8,10,12.7504531478961,11.97290242694257,10.77295497348291,0.7775507209535384,-1.199947453459652,0.5345572887312694,0.3248937942198831,0.2303242975391417
42,10,12.8636918191987,12.041201631174,10.82248753900592,0.8224901880247071,-1.21871409216808,0.5661933565129876,0.3414960211571466,0.2476628276150089
42.2,10,12.98309952371874,12.11275695963755,10.87544045684166,0.8703425640811897,-1.237316502795888,0.5970385226001629,0.3577766423177458,0.2647645891787072
42.40000000000001,10,13.10852203562577,12.18750519096934,10.93176701993224,0.9210168446564246,-1.255738171037105,0.6271125595351588,0.3737411566589764,0.2816328154528978
42.6,10,13.23980898473512,12.26538418576239,10.99142115903395,0.9744247989727324,-1.273963026728442,0.6564347455467798,0.3893949739652426,0.2982706955085569
42.8,10,13.37681376011674,12.34633286904561,11.05435743400753,1.030480891071138,-1.291975435038079,0.6850238769081103,0.4047434164160839,0.3146813748678949
43,10,13.51939341611383,12.43029121307074,11.12053102522733,1.089102203043087,-1.309760187843404,0.7128982799854076,0.4197917201256622,0.3308679560990415
43.2,10,13.66740858071098,12.51720022040158,11.18989772510786,1.150208360309401,-1.327302495293722,0.7400758229857723,0.4345450366542025,0.3468334994026112
43.40000000000001,10,13.8207233661932,12.60700190729995,11.26241392974591,1.213721458893252,-1.344587977554045,0.7665739274111281,0.4490084344918713,0.3625810231902579
43.6,10,13.97920528203838,12.69963928740307,11.33803663067697,1.279565994635307,-1.361602656726095,0.7924095792258499,0.4631869005155712,0.37811350465533
43.8,10,14.14272514998742,12.79505635568689,11.41672340674412,1.347668794300525,-1.378332948942774,0.8175993397452036,0.4770853414191177,0.3934338803357315
44,10,14.31115702123773,12.89319807271034,11.49843241607794,1.417958948527387,-1.394765656632407,0.8421593562515735,0.4907085851172623,0.408545046669098
44.2,10,14.48437809570679,12.99401034913515,11.58312238818602,1.490367746571641,-1.410887960949131,0.8661053723452841,0.5040613821240113,0.4234498605403911
44.40000000000001,10,14.66226864331412,13.09744003051629,11.67075261615042,1.564828612797832,-1.426687414365865,0.8894527380366519,0.5171484069056889,0.4381511398220149
44.6,10,14.84471192723126,13.20343488235812,11.76128294893173,1.641277044873144,-1.442151933426389,0.9122164195857356,0.5299742592091803,0.4526516639065569
44.8,10,15.03159412905048,13.31194357543128,11.85467378377818,1.719650553619205,-1.457269791653095,0.9344110090960922,0.5425434653657866,0.466954174232254
45,10,15.22280427582422,13.4229156713455,11.95088605873844,1.799888604478721,-1.472029612607061,0.9560507338686899,0.5548604795711138,0.4810613748012832
45.2,10,15.41823416892862,13.53630160837378,12.04988124527663,1.881932560554832,-1.48642036309715,0.9771494655219727,0.5669296851414133,0.4949759326909745
45.40000000000001,10,15.6177783147054,13.65205268752314,12.15162134098824,1.965725627182259,-1.500431346534898,0.9977207288839234,0.5787553957467813,0.5087004785580425
45.6,10,15.82133385683776,13.77012105884747,12.25606886241543,2.051212797990299,-1.514052196432036,1.017777710661825,0.5903418566216216,0.5222376071359329
45.8,10,16.02880051041682,13.89045970799802,12.36318683796051,2.138340802418803,-1.527272870037514,1.03733326789528,0.6016932457527662,0.5355898777253779
46,10,16.2400804976564,14.01302244300715,12.47293880089616,2.227058054649254,-1.540083642110991,1.056399936197898,0.6128136750456414,0.5487598146782513
46.2,10,16.45507848521499,14.13776388130092,12.58528878247112,2.31731460391407,-1.552475098829801,1.07498993779295,0.6237071914688654,0.5617499078748174
46.40000000000001,10,16.67370152308462,14.26463943693645,12.70020130511001,2.409062086148166,-1.564438131826439,1.093115189348126,0.6343777781776495,0.5745626131944626
46.6,10,16.8958589850075,14.39360530805973,12.81764137570601,2.502253676947774,-1.575963932353714,1.110787309614423,0.6448293556163751,0.5872003529799986
46.8,10,17.12146251038231,14.52461846457987,12.93757447900514,2.596844045802444,-1.587043985574731,1.128017626874063,0.6550657826007098,0.5996655164956256
47,10,17.35042594762275,14.65763663605579,13.05996657108087,2.692789311566962,-1.597670064974926,1.144817186202211,0.6650908573796189,0.6119604603786412
47.2,10,17.58266529893218,14.79261829979132,13.18478407289786,2.790046999140868,-1.607834226893454,1.161196756547156,0.6749083186776256,0.6240875090849811
47.40000000000001,10,17.81809866645888,14.92952266913485,13.3119938639636,2.888575997324031,-1.617528805171251,1.177166837633477,0.6845218467176638,0.6360489553286766
47.6,10,18.05664619979741,15.06830968197982,13.44156327606666,2.988336517817586,-1.626746405913163,1.19273766669264,0.6939350642248652,0.647847060515309
47.8,10,18.29823004480247,15.20893998946215,13.57346008710057,3.089290055340328,-1.635479902361576,1.207919225025324,0.703151537411613,0.6594840551695477
48,10,18.54277429368241,15.35137494485098,13.70765251497194,3.191399348831427,-1.643722429879045,1.222721244399691,0.7121747769441932,0.6709621393568467
48.2,10,18.79020493634035,15.49557659262926,13.84410921159182,3.294628343711093,-1.65146738103744,1.237153213289699,0.7210082388913645,0.6822834830993857
48.40000000000001,10,19.04044981293184,15.64150765776029,13.98279925694908,3.39894215517155,-1.658708400811209,1.251224382957456,0.7296553256551661,0.6934502267863291
48.6,10,19.29343856760854,15.78913153513714,14.12369215326478,3.504307032471399,-1.665439381872368,1.26494377338352,0.7381193868842759,0.7044644815784837
48.8,10,19.54910260341833,15.93841227921119,14.26675781922626,3.610690324207141,-1.671654459984925,1.278320179048932,0.7464037203702252,0.7153283298074306
49,10,19.80737503833287,16.08931459379654,14.4119665843001,3.718060444536327,-1.677348009496439,1.291362174572708,0.7545115729267738,0.7260438253692054
49.2,10,20.06819066237455,16.24180382204709,14.55928918312263,3.826386840327459,-1.682514638924467,1.30407812020839,0.7624461412527425,0.7366129941126045
49.40000000000001,10,20.33148589581519,16.39584593660281,14.70869674996706,3.935639959212377,-1.687149186635747,1.316476167203181,0.7702105727785936,0.7470378342221871
49.6,10,20.59719874841981,16.55140752990222,14.86016081328627,4.045791218517586,-1.691246716615947,1.328564263023101,0.7778079664970502,0.7573203165960478
49.8,10,20.86526877970931,16.70845580465783,15.01365329032996,4.156812975051484,-1.694802514327867,1.340350156447524,0.7852413737780333,0.7674623852184308
50,10,21.13563706021658,16.86695856449147,15.16914648183541,4.268678495725112,-1.697812082656053,1.351841402536335,0.7925137991681978,0.7774659575272549
50.2,10,21.40824613371116,17.02688420472653,15.32661306679074,4.381361928984632,-1.700271137935795,1.363045367472927,0.7996282011753392,0.7873329247766206
50.40000000000001,10,21.68303998036838,17.18820170333412,15.48602609726961,4.494838277034265,-1.702175606064509,1.373969233286104,0.8065874930379411,0.7970651523943665
50.6,10,21.95996398085918,17.35088061203015,15.64735899333656,4.60908336882903,-1.703521618693587,1.384620002453951,0.8133945434801264,0.8066644803347429
50.8,10,22.2389648813377,17.5148910475206,15.81058553802181,4.724073833817098,-1.704305509498788,1.395004502392603,0.8200521774522744,0.8161327234262701
51,10,22.51999075930425,17.68020368289211,15.97567987236478,4.839787076412144,-1.704523810527329,1.405129389832787,0.8265631768575581,0.8254716717148453
51.2,10,22.80299099032165,17.84678973914504,16.14261649052521,4.956201251176605,-1.704173248619828,1.415001155086968,0.832930281264654,0.8346830908021656
51.40000000000001,10,23.08791621556361,18.01462097686641,16.31137023496112,5.073295238697192,-1.703250741905293,1.424626126209793,0.8391561886068721,0.8437687221795287
51.6,10,23.37471831017452,18.18366968804001,16.48191629167254,5.19104862213451,-1.701753396367469,1.434010473054549,0.8452435558679494,0.8527302835570751
51.8,10,23.66335035242015,18.35390868799096,16.65423018551024,5.309441664429198,-1.699678502480712,1.443160211228185,0.8511949997547457,0.8615694691885354
52,10,23.95376659360965,18.52531130746237,16.82828777554855,5.42845528614728,-1.697023531913818,1.45208120594748,0.8570130973570781,0.8702879501915416
52.2,10,24.24592242876941,18.69785138482136,17.00406525052126,5.548071043948053,-1.69378613430009,1.460779175798793,0.8627003867949258,0.8788873748635657
52.40000000000001,10,24.53977436805017,18.871503258392,17.18153912431997,5.668271109658168,-1.689964134072031,1.469259696403824,0.8682593678532324,0.887369368993543
52.6,10,24.83528000884892,19.04624175891291,17.36068623155382,5.789038249936006,-1.685555527359089,1.477528203993728,0.8736925026045302,0.8957355361692403
52.8,10,25.13239800862769,19.22204220211683,17.54148372316991,5.910355806510861,-1.680558478946924,1.485589998893885,0.879002216019607,0.9039874580804268
53,10,25.431088058412,19.39888038143012,17.72390906213349,6.032207676981884,-1.674971319296631,1.493450248921538,0.8841908965664321,0.912126694817905
53.2,10,25.7313108569517,19.57673256078963,17.90794001916718,6.154578296162072,-1.668792541622452,1.501113992698499,0.8892608967975546,0.9201547851684582
53.40000000000001,10,26.03302808552791,19.75557546757487,18.09355466854833,6.277452617953042,-1.662020799026536,1.508586142881037,0.8942145339261844,0.9280732469057701
53.6,10,26.33620238338971,19.9353862856531,18.28073138396381,6.400816097736612,-1.654654901689291,1.515871489309011,0.8990540903911612,0.9358835770773722
53.8,10,26.64079732380497,20.1161426485353,18.46944883442134,6.524654675269666,-1.646693814113959,1.522974702076286,0.9037818144110156,0.9435872522876722
54,10,26.94677739070984,20.29782263264077,18.65968598021676,6.648954758069078,-1.638136652424002,1.529900334524378,0.9083999205273209,0.9511857289771174
54.2,10,27.2541079559421,20.48040475066827,18.85142206895627,6.773703205273822,-1.628982681711999,1.536652826161269,0.9129105901375332,0.958680443697547
54.40000000000001,10,27.56275525704354,20.66386794507178,19.04463663163303,6.89888731197177,-1.619231313438743,1.543236505507237,0.9173159720175116,0.9660728133837827
54.6,10,27.87268637561746,20.84819158163856,19.23930947875733,7.024494793978899,-1.608882102881221,1.549655592869557,0.9216181828339095,0.9733642356215119
54.8,10,28.18386921622702,21.03335544316788,19.43542069653964,7.150513773059139,-1.597934746628244,1.555914203047818,0.9258193076466239,0.9805560889115119
55,10,28.49627248582134,21.21933972324818,19.63295064312569,7.276932762573164,-1.58638908012249,1.562016347971622,0.9299214004014856,0.9876497329302669
55.2,10,28.80986567367581,21.40612502013085,19.8318799448831,7.403740653544954,-1.574245075247759,1.567965939272332,0.933926484413373,0.9946465087870251
55.40000000000001,10,29.12461903183391,21.59369233069884,20.03218949273856,7.530926701135073,-1.561502837960276,1.573766790790524,0.9378365528399251,1.001547739277346
55.6,10,29.44050355603806,21.78202304452805,20.2338604385652,7.658480511510017,-1.548162605962844,1.57942262102076,0.9416535691460308,1.008354729133185
55.8,10,29.75749096713711,21.9710989380399,20.43687419161911,7.786392029097215,-1.534224746420783,1.584937055495242,0.9453794675592661,1.015068765269565
56,0,30.07555369295869,22.16090216874319,20.64121241502469,7.914651524215497,-1.519689753718499,1.590313629107861,0.9490161535164471,1.021691117027874
56.2,0.1319574121227174,30.38566485063472,22.34706744347653,20.84276027171963,8.038597407158193,-1.504307171756892,1.550555788380164,0.9308263736666854,1.007739283474717
56.40000000000001,0.2636593959086596,30.68814199103976,22.52971065215214,21.04160992557356,8.15843133888762,-1.48810072657858,1.512385702025212,0.9132160433780663,0.9942482692696341
56.6,0.394851017450531,30.98329449639099,22.70894562513788,21.23785217725797,8.27434887125311,-1.471093447879909,1.475762526756171,0.8961748649287098,0.9812112584220615
56.8,0.5252783307429576,31.27142355502415,22.88488405915275,21.43157637842152,8.386539495871407,-1.453307680731221,1.440645293165794,0.8796921700743233,0.968621005817747
57,0.6546888692426079,31.55282213768915,23.05763544486737,21.62287034744199,8.495186692821779,-1.434765097425387,1.406992913324992,0.8637569285731351,0.9564698451022985
57.2,0.7828321345646079,31.82777497576985,23.22730699639343,21.81182028693478,8.600467979376415,-1.415486709458651,1.374764190403459,0.848357757630291,0.9447496974639754
57.40000000000001,0.9094600813691449,32.09655854181963,23.39400358284133,21.9985107031943,8.702554958978293,-1.395492879647037,1.343917830248914,0.8334829322395098,0.9334520812975802
57.6,1.03432759749979,32.35944103279139,23.55782766212096,22.18302432774022,8.801613370670438,-1.37480333438074,1.314412454858852,0.8191203963981256,0.9225681227296123
57.8,1.157192978444094,32.61668235632662,23.71887921715496,22.36544204113686,8.897803139171661,-1.353437176018105,1.28620661767613,0.8052577751700183,0.912088566983199
58,1.277818395197999,32.86853412045406,23.87725569466883,22.5458427992488,8.991278425785232,-1.331412895420037,1.259258820637225,0.7918823875693567,0.9020037905597034
58.2,1.395970354628551,33.115239627034,24.03305194671614,22.72430356209127,9.082187680317858,-1.308748384624877,1.233527532899685,0.7789812602365545,0.8923038142123474
58.40000000000001,1.511420151443647,33.35703386926861,24.18636017509142,22.9008992254284,9.170673694177189,-1.285460949663019,1.208971211173022,0.7665411418763668,0.8829783166856671
58.6,1.623944310894066,33.59414353358364,24.33726987877674,23.07570255526703,9.256873654806896,-1.261567323509716,1.185548321575193,0.7545485184266422,0.8740166491931508
58.8,1.733325021350797,33.8267870061706,24.48586780456172,23.24878412538783,9.340919201608884,-1.237083679173892,1.163217362934836,0.7429896289248884,0.8654078506039964
59,1.839350555920301,34.05517438446211,24.63223790096943,23.42021225804954,9.422936483492688,-1.212025642919883,1.141936891457544,0.731850482038523,0.8571406633085636
59.2,1.941815682281679,34.27950749379666,24.77646127561411,23.5900529679957,9.503046218182551,-1.186408307618411,1.121665546672746,0.7211168732234478,0.849203549730801
59.40000000000001,2.04052205995232,34.4999799095119,24.918616156109,23.75836990988664,9.581363753402901,-1.160246246222361,1.102362078576195,0.7107744024744318,0.8415847094546848
59.6,2.135278624213143,34.71677698468822,25.05877785463494,23.92522432927274,9.657999130053277,-1.133553525362196,1.083985375881576,0.7008084926296958,0.8342720969305351
59.8,2.225901955950227,34.93007588374692,25.19701873627315,24.09067501721794,9.733057147473762,-1.106343719055218,1.066494495293496,0.691204408191073,0.8272534397259643
60,2.312216636696908,35.1400456220895,25.33340819119719,24.25477826867497,9.806637430892312,-1.078629922522218,1.049848691712934,0.6819472746201799,0.8205162572851714
60.2,2.39405558818917,35.34684711194655,25.46801261081122,24.41758784470684,9.87883450113533,-1.050424766104385,1.034007449285247,0.67302209807016,0.8140478801593261
60.40000000000001,2.471260395776957,35.55063321458655,25.60089536791358,24.57915493864082,9.949737846672971,-1.021740429272761,1.018930513199967,0.6644137855117747,0.8078354696698865
60.6,2.543681615065475,35.75154879901674,25.73211680095596,24.73952814623399,10.01943199806078,-0.9925886547219669,1.004577922150964,0.6561071652119018,0.8018660379658705
60.8,2.611179061192867,35.94973080728973,25.86173420246033,24.89875343992106,10.0879966048294,-0.9629807625392743,0.9909100413649848,0.6480870075218743,0.7961264684353476
61,2.673622080184306,36.14530832651098,25.98980181164684,25.05687414720721,10.15550651486414,-0.9329276644396316,0.9778875961062281,0.6403380459325368,0.7906035364307494
61.2,2.730889801857307,36.33840266762386,26.11637081131733,25.21393093326061,10.22203185630653,-0.9024398780567182,0.9654717055644018,0.6328449983524352,0.7852839302669975
61.40000000000001,2.782871373788631,36.52912745103059,26.24148932903036,25.3699617877508,10.28763812200023,-0.8715275412795656,0.9536239170336496,0.6255925885651678,0.7801542724509338
61.6,2.829466175889963,36.71758869908856,26.36520244259469,25.52500201597082,10.35238625649387,-0.8402004266238698,0.9423062402898572,0.6185655678216277,0.7752011411001019
61.8,2.870584015176981,36.90388493550338,26.48755218989922,25.67908423427253,10.41633274560417,-0.8084679556266856,0.9314811820741156,0.6117487365226536,0.7704110915085723
62,2.906145300354796,37.0881072916215,26.60857758308871,25.83223836983598,10.47952970853279,-0.7763392132527329,0.9211117805905591,0.6051269659474725,0.7657706778172345
62.2,2.936081195881847,37.27033961960698,26.72831462708537,25.98449166478513,10.54202499252161,-0.7438229623002357,0.9111616399273917,0.5986852199832799,0.761266474745782
62.40000000000001,2.960333755214008,37.45065861246911,26.84679634244764,26.13586868465384,10.60386227002148,-0.7109276577937997,0.9015949643106753,0.5924085768113405,0.7568850993435159
62.6,2.978856032970998,37.62913393088939,26.96405279254866,26.28639133119705,10.66508113834073,-0.6776614613516116,0.8923765921013714,0.5862822505051222,0.7526132327160605
62.8,2.991612175807981,37.80582833677883,27.0801111150479,26.43607885953408,10.72571722173093,-0.6440322555138209,0.8834720294472066,0.5802916124961893,0.7484376416851467
63,2.998577491816437,37.98079783347927,27.19499555762068,26.58494789960183,10.78580227585859,-0.6100476580188463,0.8748474835021623,0.5744222128638794,0.7443452003387554
63.2,2.99973849831999,38.15409181250482,27.30872751790171,26.73301248188766,10.84536429460312,-0.5757150360140528,0.8664698951277823,0.5686598014051675,0.7403229114291406
63.40000000000001,2.995092947972656,38.32575320670323,27.42132558759003,26.88028406740296,10.9044276191132,-0.5410415201870613,0.8583069709920277,0.5629903484415931,0.7363579275765519
63.6,2.984649833109003,38.49581864969985,27.53280560065416,27.02677158185034,10.96301304904569,-0.5060340188038239,0.8503272149831039,0.5574000653206692,0.732437572236866
63.8,2.968429368337802,38.66431864147135,27.64318068556813,27.1724814539287,11.02113795590323,-0.4706992316394292,0.8424999588575168,0.5518754245698264,0.7285493603918032
64,2.946462951412856,38.83127771988008,27.75246132150046,27.31741765771289,11.07881639837962,-0.435043663787571,0.834795392043599,0.5464031796616553,0.7246810189209506
64.2,2.918793102456751,38.99671463798485,27.86065539837046,27.46158175903598,11.13605923961439,-0.3990736393344818,0.8271845905238668,0.540970384350001,0.7208205066154424
64.40000000000001,2.88547338165519,39.16064254692922,27.96776828067792,27.60497296579474,11.19287426625129,-0.3627953148831793,0.8196395447218255,0.535564411537332,0.7169560337938468
64.60000000000001,2.846568285581188,39.32306918419346,28.07380287500487,27.74758818209106,11.24926630918859,-0.3262146929138083,0.8121331863212282,0.5301729716347496,0.713076081481594
64.8,2.802153122349864,39.48399706698313,28.17875970108028,27.88942206611429,11.30523736590285,-0.2893376349659889,0.8046394139483128,0.5247841303770219,0.7091694201161294
65,2.75231386584543,39.64342369051317,28.2826369662915,28.03046709166247,11.36078672422166,-0.2521698746290326,0.7971331176501794,0.5193863260561177,0.705225127740907
65.2,2.697146989302627,39.80134173093421,28.38543064351908,28.17071361319294,11.41591108741514,-0.2147170303261383,0.7895902021052293,0.5139683861378762,0.7012326076523335
65.40000000000001,2.636759278564657,39.9577392526351,28.48713455216461,28.31014993428591,11.47060470047049,-0.1769846178787056,0.7819876085044605,0.5085195432276758,0.6971816054648461
65.60000000000001,2.571267625379149,40.11259991964418,28.58774044223506,28.44876237939799,11.52485947740911,-0.1389780628370687,0.77430333504539,0.5030294503522607,0.6930622255604364
65.8,2.500798801132246,40.26590321084087,28.68723808134031,28.58653536877602,11.57866512950056,-0.1007027125642885,0.7665164559834614,0.4974881955262401,0.68886494689014
66,2.42548921145877,40.41762463867866,28.78561534445495,28.72345149639528,11.63200929422371,-0.06216384805967223,0.7586071391889699,0.491886315573193,0.684580638096268
66.2,2.345484632203558,40.56773597111082,28.88285830628951,28.85949161078037,11.68487766482131,-0.02336669550913228,0.7505566621608102,0.4862148091727854,0.6802005719254852
66.40000000000001,2.260939927244923,40.71620545640116,28.97895133611087,28.99463489856122,11.73725412029029,0.01568356245034153,0.7423474264517059,0.4804651491068383,0.6757164389042182
66.60000000000001,2.17201874872656,40.86299805049376,29.07387719484665,29.12885897061108,11.78912085564712,0.05498177576443197,0.7339629704630154,0.4746292936788651,0.6711203602493134
66.8,2.078893220278125,41.00807564660791,29.1676171343033,29.26213995060875,11.84045851230461,0.09452281630545656,0.7253879805707095,0.4686996972832287,0.6664048999883553
67,1.981743603837602,41.15139730671744,29.26015099832365,29.39445256586187,11.8912463083938,0.1343015675382233,0.7166083005476933,0.4626693201017438,0.6615630762655897
67.2,1.880757950720545,41.2929194945677,29.3514573257051,29.52577024022407,11.9414621688626,0.1743129145189677,0.7076109392512702,0.4565316369072696,0.6565883718109862
67.40000000000001,1.776131737611432,41.43259630987735,29.44151345469622,29.65606518893438,11.99108285518113,0.2145517342381673,0.6983840765482309,0.4502806449555958,0.6514747435515958
67.60000000000001,1.668067488181859,41.57037972336811,29.53029562888596,29.78530851520359,12.04008409448215,0.2550128863176333,0.6889170674537766,0.4439108709487171,0.646216631346036
67.8,1.556774381067976,41.70621981226095,29.61777910429684,29.91347030836852,12.08844070796411,0.295691204071673,0.6792004444642505,0.4374173770544175,0.6408089658246299
68,1.442467844965945,41.84006499587444,29.70393825749063,30.04051974343241,12.13612673838381,0.3365814859417817,0.6692259180674501,0.4307957659689427,0.6352471753194763
68.2,1.325369141629316,41.97186227095806,29.78874669449291,30.16642518180651,12.18311557646515,0.3776784873135952,0.6589863754181107,0.4240421850114144,0.6295271918704879
68.40000000000001,1.205704937575344,42.10155744639206,29.87217736034102,30.29115427306556,12.22938008605104,0.4189769127245349,0.6484758771699898,0.417153329240544,0.6236454562952355
68.60000000000001,1.083706865329411,42.22909537688403,29.95420264905825,30.41467405752801,12.27489272782578,0.4604714084697612,0.6376896524598291,0.4101264435861226,0.6175989223122541
68.8,0.9596110750568145,42.3544201952925,30.03479451385619,30.53695106946987,12.31962568143631,0.5021565556136842,0.6266240920423157,0.4029593239896944,0.6113850597093066
69,0.8336577774497603,42.4774755432083,30.11392457736634,30.65795144077986,12.36355096584196,0.5440268634135244,0.6152767395790135,0.3956503175507685,0.6050018565499566
69.2,0.7060907787545407,42.59820479942591,30.19156424170172,30.7776410048626,12.4066405577242,0.5860767631608823,0.6036462810880621,0.38819832167687,0.5984478204136702
69.40000000000001,0.5771570088387572,42.71655130593896,30.26768479814925,30.89598540059591,12.44886650778971,0.6283006024466538,0.5917325325652559,0.3806027822376861,0.5917219786665439
69.60000000000001,0.4471060432122185,42.83245859109714,30.34225753629436,31.01295017614824,12.49020105480279,0.6706926398538791,0.5795364257908989,0.3728636907255173,0.584823877761641
69.8,0.3161896199267148,42.94587058956526,30.4152538523796,31.1285008924622,12.53061673718566,0.713247040082603,0.5670599923405815,0.3649815804261856,0.5777535815698014
70,0.1846611522897394,43.05673185872961,30.48664535670089,31.24260322621094,12.57008650202871,0.7559578695100413,0.5543063458217371,0.3569575216064977,0.5705116687436742
70.2,0.05277523833551969,43.1649877912019,30.55640397984615,31.35522307203486,12.60858381135575,0.7988190921887082,0.5412796623614975,0.3487931157262814,0.5630992291196018
70.40000000000001,-0.07921283199729437,43.2705848230769,30.62450207758313,31.46632664386763,12.64608274549376,0.8418245662844939,0.5279851593749699,0.3404904886849299,0.5555178591638502
70.60000000000001,-0.2110475710272053,43.37347063760622,30.69091253420599,31.57588057516194,12.68255810340023,0.8849680409559468,0.5144290726466079,0.3320522831142761,0.54776965647154
70.8,-0.3424737878742242,43.47359436395838,30.75560886415229,31.68385201782763,12.7179854998061,0.9282431536753428,0.5006186317608202,0.3234816497314893,0.5398572133284679
71,-0.4732370824297446,43.57090677074266,30.81856531170579,31.7902087396972,12.75234145903687,0.9716434279914026,0.4865620339213657,0.3147822377675268,0.531783609347835
71.2,-0.6030843377956452,43.66536045398314,30.87975694860349,31.89491922033633,12.78560350537965,1.015162271732844,0.4722684162023977,0.3059581844884853,0.5235524031956881
71.40000000000001,-0.7317642102395826,43.75691001923859,30.93915976936928,31.99795274502047,12.81775024986931,1.058792975651183,0.4577478262772574,0.297014103828972,0.5151676234206559
71.60000000000001,-0.8590276157179561,43.84551225757344,30.99675078420096,32.09927949670153,12.84876147337248,1.102528712500572,0.4430111916742479,0.2879550741583561,0.5066337584052985
71.8,-0.9846282120248087,43.93112631509577,31.05250810924145,32.19887064579314,12.87861820585433,1.146362536551695,0.4280702876116608,0.2787866252024602,0.4979557454580954
72,-1.108322875633431,44.01371385578923,31.10641105407043,32.29669843760649,12.9073028017188,1.190287383536067,0.4129377034672577,0.2695147241449057,0.4891389590667684
72.2,-1.229872172307533,44.09323921737727,31.15844020625721,32.39273627727355,12.93479901112006,1.234296071016335,0.3976268079402258,0.2601457609339341,0.4801891983352611
72.40000000000001,-1.349040820571174,44.16966955997054,31.20857751282163,32.48695881199921,12.96109204714891,1.278381299177578,0.3821517129663362,0.2506865328220838,0.4711126736282866
72.60000000000001,-1.465598147140206,44.24297500726046,31.25680635845515,32.57934201048899,12.98616864880531,1.322535652033835,0.3665272364496075,0.2411442281676049,0.4619159924488919
72.8,-1.579318533433705,44.31312878003571,31.30311164036074,32.66986323940418,13.01001713967497,1.36675159904344,0.3507688638762364,0.231526409527945,0.4526061445759784
73,-1.68998185230111,44.38010732181149,31.34747983957615,32.75850133670221,13.03262748223534,1.411021497126065,0.3348927088788788,0.2218409960770244,0.4431904864901559
73.2,-1.797373894119581,44.44389041637579,31.38989908865202,32.84523668172575,13.05399132772378,1.455337593073736,0.3189154728215519,0.2120962453793493,0.4336767251176905
73.40000000000001,-1.901286781436968,44.50446129707129,31.43035923556307,32.93005126191048,13.07410206150822,1.499692026347407,0.3028544034774749,0.2023007345552728,0.4240729009236313
73.60000000000001,-2.00151937135762,44.5618067476461,31.46885190373765,33.01292873598777,13.09295484390845,1.544076832250116,0.2867272528740717,0.1924633408729105,0.4143873703864669
73.8,-2.097877644892204,44.61591719452232,31.50537054809832,33.09385449356535,13.110546646424,1.588483945467022,0.2705522343811106,0.1825932218033439,0.4046287878878649
74,-2.190175082517899,44.66678679034624,31.53991050701368,33.17281571097578,13.12687628333255,1.6329052039621,0.2543479791195679,0.1726997945768024,0.3948060870521827
74.2,-2.2782330252219,44.71441348870029,31.57246905006938,33.24980140329009,13.1419444386309,1.677332353220702,0.2381334917702482,0.1627927152784957,0.3849284615715114
74.40000000000001,-2.361881020329493,44.75879910987279,31.60304542157412,33.32480247240069,13.15575368829867,1.721757050826572,0.2219281058624934,0.1528818575236769,0.3750053455530137
74.60000000000001,-2.440957151447191,44.79994939759768,31.63164087972459,33.39781175108594,13.16830851787309,1.76617087136135,0.2057514386244484,0.142977290752348,0.3650463934262444
74.8,-2.515308351882292,44.83787406669315,31.65825873136154,33.46882404297574,13.1796153353316,1.810565311614198,0.1896233454773248,0.133089258184771,0.3550614594490023
75,-2.584790700932222,44.87258684154453,31.68290436225747,33.53783615834595,13.18968247928706,1.854931796088479,0.1735638742569214,0.12322815447962,0.345060576851042
75.2,-2.649269702470023,44.90410548539379,31.70558526288491,33.60484694567708,13.19852022250888,1.899261682792172,0.1575932192463033,0.1134045031372024,0.335053936655679
75.40000000000001,-2.708620545286874,44.9324518204146,31.72631104962305,33.66985731892107,13.20614077079155,1.943546269298029,0.1417316751040306,0.1036289336906831,0.3250518662199517
75.60000000000001,-2.762728344687608,44.95765173856913,31.74509348136878,33.73287028042799,13.21255825720035,1.987776799059208,0.1259995907726389,0.09391215872867621,0.3150648075345521
75.8,-2.811488364871593,44.97973520325957,31.76194647152736,33.79389093949303,13.21778873173221,2.031944467965673,0.1104173234522287,0.08426495079290312,0.3051032953252056
76,-2.854806221668548,44.99873624180437,31.77688609536634,33.85292652649255,13.22185014643804,2.076040431126209,0.09500519272400082,0.07469811919487884,0.2951779349975711
76.2,-2.892598065236793,45.01469292878605,31.78993059272549,33.90998640258616,13.22476233606057,2.12005580986067,0.07978343490839233,0.06522248679575537,0.2852993804680388
76.40000000000001,-2.924790742370374,45.02764736033448,31.8011003660842,33.96508206497076,13.22654699425028,2.163981698886563,0.06477215774211695,0.05584886679353836,0.2754783119230265
76.60000000000001,-2.951321938100814,45.03764561942606,31.81041797399658,34.01822714768066,13.22722764542948,2.207809173684087,0.04999129545789734,0.04658803956189216,0.2657254135495221
76.80000000000001,-2.972140296319434,45.04473773229606,31.81790811991351,34.0694374179366,13.22682961238255,2.25152929802309,0.03546056434999625,0.03745072958466261,0.2560513512796753
77,-2.987205519186736,45.04897761607761,31.82359763641952,34.11873076805504,13.22537997965809,2.295133131635524,0.02119941890780889,0.02844758253007526,0.246466750592221
77.2,-2.996488445136439,45.05042301779737,31.82751546492118,34.16612720293773,13.22290755287619,2.338611738016546,0.007227008598773356,0.01958914250830916,0.2369821744134109
77.40000000000001,-2.999971105323158,45.04913544487351,31.82969263083234,34.21164882316972,13.21944281404116,2.381956192337373,-0.006437864619309954,0.01088582955580515,0.2276081011599399
77.60000000000001,-2.997646758404479,45.04518008727795,31.83016221431019,34.25531980376294,13.21501787296776,2.425157589452745,-0.01977678797778142,0.002347917389241149,0.2183549029660843
77.80000000000001,-2.989519903590095,45.03862573153972,31.82895931660451,34.29716636859032,13.20966641493521,2.468207051985807,-0.03277177869115704,-0.006014488528402188,0.209232824136915
78,-2.975606271932738,45.02954466678171,31.82612102209094,34.33721676056412,13.20342364469077,2.511095738473177,-0.04540532379003354,-0.01419147256785359,0.2002519598690168
78.2,-2.955932795877773,45.01801258299791,31.82168635606725,34.37550120762004,13.19632622693067,2.553814851552794,-0.05766041891898002,-0.0221733301184821,0.1914222352796279
78.40000000000001,-2.9305375571304,45.00410846179242,31.8156962383997,34.41205188457695,13.18841222339272,2.596355646177248,-0.06952060602745549,-0.02995058833774041,0.1827533847845248
78.60000000000001,-2.899469712941364,44.98791445981565,31.80819343311459,34.44690287094981,13.17972102670106,2.638709437835217,-0.08097000988385591,-0.03751402642554526,0.1742549318643018
78.80000000000001,-2.862789400953868,44.96951578514665,31.7992224940376,34.4800901048014,13.17029329110904,2.680867610763794,-0.09199337334499566,-0.04485469538492726,0.1659361692579496
79,-2.820567622795886,44.94900056688351,31.78882970659135,34.51165133272576,13.16017086029216,2.722821626134412,-0.1025760913156632,-0.05196393723126552,0.1578061396218119
79.2,-2.772886106643168,44.92645971821644,31.77706302586866,34.54162605606398,13.14939669234779,2.764563030195326,-0.1127042433353531,-0.05883340361347825,0.1498736166911031
79.40000000000001,-2.719837149019044,44.90198679327007,31.76397201110632,34.57005547346002,13.13801478216375,2.806083462353701,-0.1223646247318635,-0.06545507381166775,0.1421470869801998
79.60000000000001,-2.661523436137161,44.87567783801324,31.74960775669094,34.5969824198714,13.1260700813223,2.847374663180464,-0.1315447762841526,-0.07182127207691381,0.1346347320568791
79.80000000000001,-2.59805784513305,44.84763123554531,31.73402281983491,34.62245130215631,13.1136084157104,2.888428482321409,-0.140233012339666,-0.07792468428017264,0.1273444114245714
80,-2.52956322556925,44.81794754607845,31.71727114506719,34.64650803136542,13.10067640101126,2.929236886298227,-0.1484184473342731,-0.08375837383856424,0.1202836460455184
