-2.5,-0.9866142981514303,-2.5,-0.7083160396933266
-2.49,-0.9863457351557237,-2.49,-0.7041162962771865
-2.48,-0.9860718216444758,-2.48,-0.699916552861046
-2.47,-0.9857924525512225,-2.47,-0.695716809444906
-2.46,-0.9855075208083371,-2.46,-0.6915170660287655
-2.45,-0.985216917311436,-2.45,-0.6873173226126255
-2.44,-0.9849205308832533,-2.44,-0.683117579196485
-2.43,-0.9846182482369833,-2.43,-0.6789178357803449
-2.42,-0.9843099539390887,-2.42,-0.6747180923642044
-2.41,-0.9839955303715675,-2.41,-0.6705183489480644
-2.4,-0.9836748576936802,-2.4,-0.6663186055319239
-2.39,-0.9833478138031324,-2.39,-0.6621188621157839
-2.38,-0.9830142742967113,-2.38,-0.6579191186996434
-2.37,-0.9826741124303737,-2.37,-0.6537193752835033
-2.36,-0.9823271990787845,-2.36,-0.6495196318673628
-2.35,-0.9819734026943043,-2.35,-0.6453198884512228
-2.34,-0.9816125892654238,-2.34,-0.6411201450350823
-2.33,-0.9812446222746463,-2.33,-0.6369204016189423
-2.32,-0.9808693626558167,-2.32,-0.6327206582028018
-2.31,-0.9804866687508973,-2.31,-0.6285209147866617
-2.3,-0.9800963962661914,-2.3,-0.6243211713705212
-2.29,-0.9796983982280145,-2.29,-0.6201214279543812
-2.28,-0.9792925249378165,-2.28,-0.6159216845382407
-2.27,-0.9788786239267537,-2.27,-0.6117219411221007
-2.26,-0.9784565399097167,-2.26,-0.6075221977059602
-2.25,-0.9780261147388136,-2.25,-0.6033224542898201
-2.24,-0.9775871873563142,-2.24,-0.5991227108736799
-2.23,-0.9771395937470585,-2.23,-0.5949229674575396
-2.22,-0.9766831668903339,-2.22,-0.5907232240413993
-2.21,-0.976217736711226,-2.21,-0.5865234806252591
-2.2,-0.9757431300314515,-2.2,-0.5823237372091188
-2.19,-0.9752591705196751,-2.19,-0.5781239937929785
-2.18,-0.9747656786413226,-2.18,-0.5739242503768383
-2.17,-0.974262471607895,-2.17,-0.569724506960698
-2.16,-0.9737493633257944,-2.16,-0.5655247635445577
-2.15,-0.9732261643446705,-2.15,-0.5613250201284175
-2.14,-0.9726926818052982,-2.14,-0.5571252767122772
-2.13,-0.9721487193869992,-2.13,-0.5529255332961369
-2.12,-0.9715940772546178,-2.12,-0.5487257898799967
-2.11,-0.9710285520050662,-2.11,-0.5445260464638564
-2.1,-0.9704519366134539,-2.1,-0.5403263030477161
-2.09,-0.9698640203788144,-2.09,-0.5361265596315758
-2.08,-0.9692645888694489,-2.08,-0.5319268162154356
-2.07,-0.9686534238679029,-2.07,-0.5277270727992953
-2.06,-0.9680303033155948,-2.06,-0.523527329383155
-2.05,-0.9673950012571181,-2.05,-0.5193275859670148
-2.04,-0.9667472877842368,-2.04,-0.5151278425508745
-2.03,-0.9660869289795985,-2.03,-0.5109280991347342
-2.02,-0.9654136868601891,-2.02,-0.506728355718594
-2.01,-0.9647273193205547,-2.01,-0.5025286123024537
-2,-0.9640275800758169,-2,-0.4983288688863134
-1.99,-0.9633142186045134,-1.99,-0.4941291254701734
-1.98,-0.9625869800912908,-1.98,-0.4899293820540331
-1.97,-0.9618456053694837,-1.97,-0.4857296386378926
-1.96,-0.9610898308636139,-1.96,-0.4815298952217526
-1.95,-0.960319388531845,-1.95,-0.4773301518056123
-1.94,-0.9595340058084292,-1.94,-0.4731304083894721
-1.93,-0.9587334055461876,-1.93,-0.4689306649733316
-1.92,-0.9579173059590634,-1.92,-0.4647309215571915
-1.91,-0.957085420564793,-1.91,-0.4605311781410513
-1.9,-0.9562374581277391,-1.9,-0.456331434724911
-1.89,-0.9553731226019355,-1.89,-0.4521316913087705
-1.88,-0.954492113074392,-1.88,-0.4479319478926305
-1.87,-0.9535941237087119,-1.87,-0.4437322044764902
-1.86,-0.9526788436890775,-1.86,-0.4395324610603499
-1.85,-0.9517459571646616,-1.85,-0.4353327176442097
-1.84,-0.9507951431945211,-1.84,-0.4311329742280694
-1.83,-0.9498260756930403,-1.83,-0.4269332308119291
-1.82,-0.9488384233759847,-1.82,-0.4227334873957889
-1.81,-0.9478318497072341,-1.81,-0.4185337439796486
-1.8,-0.9468060128462683,-1.8,-0.4143340005635083
-1.79,-0.9457605655964739,-1.79,-0.4101342571473681
-1.78,-0.9446951553543538,-1.78,-0.405934513731228
-1.77,-0.9436094240597148,-1.77,-0.4017347703150875
-1.76,-0.94250300814692,-1.76,-0.3975350268989473
-1.75,-0.9413755384972874,-1.75,-0.393335283482807
-1.74,-0.9402266403927275,-1.74,-0.389135540066667
-1.73,-0.9390559334707117,-1.73,-0.3849357966505265
-1.72,-0.9378630316806652,-1.72,-0.3807360532343862
-1.71,-0.9366475432418871,-1.71,-0.3765363098182459
-1.7,-0.935409070603099,-1.7,-0.3723365664021059
-1.69,-0.9341472104037275,-1.69,-0.3681368229859654
-1.68,-0.9328615534370349,-1.68,-0.3639370795698251
-1.67,-0.9315516846152082,-1.67,-0.3597373361536849
-1.66,-0.9302171829365263,-1.66,-0.3555375927375448
-1.65,-0.9288576214547276,-1.65,-0.3513378493214043
-1.64,-0.9274725672507033,-1.64,-0.3471381059052641
-1.63,-0.9260615814066459,-1.63,-0.3429383624891238
-1.62,-0.9246242189827881,-1.62,-0.3387386190729837
-1.61,-0.9231600289968692,-1.61,-0.3345388756568433
-1.6,-0.9216685544064713,-1.6,-0.3303391322407032
-1.59,-0.9201493320943724,-1.59,-0.3261393888245627
-1.58,-0.9186018928570671,-1.58,-0.3219396454084227
-1.57,-0.9170257613966083,-1.57,-0.3177399019922824
-1.56,-0.9154204563159324,-1.56,-0.3135401585761421
-1.55,-0.9137854901178277,-1.55,-0.3093404151600017
-1.54,-0.9121203692077173,-1.54,-0.3051406717438616
-1.53,-0.9104245939004265,-1.53,-0.3009409283277213
-1.52,-0.9086976584311125,-1.52,-0.2967411849115811
-1.51,-0.9069390509705371,-1.51,-0.2925414414954406
-1.5,-0.9051482536448664,-1.5,-0.2883416980793005
-1.49,-0.9033247425601896,-1.49,-0.2841419546631603
-1.48,-0.9014679878319467,-1.48,-0.27994221124702
-1.47,-0.8995774536194669,-1.47,-0.2757424678308795
-1.46,-0.8976525981658167,-1.46,-0.2715427244147395
-1.45,-0.8956928738431645,-1.45,-0.2673429809985992
-1.44,-0.8936977272038725,-1.44,-0.2631432375824589
-1.43,-0.8916665990375279,-1.43,-0.2589434941663185
-1.42,-0.8895989244341314,-1.42,-0.2547437507501784
-1.41,-0.8874941328536653,-1.41,-0.2505440073340381
-1.4,-0.8853516482022625,-1.4,-0.2463442639178979
-1.39,-0.8831708889152075,-1.39,-0.2421445205017574
-1.38,-0.880951268046997,-1.38,-0.2379447770856173
-1.37,-0.8786921933686958,-1.37,-0.2337450336694772
-1.36,-0.8763930674728228,-1.36,-0.2295452902533368
-1.35,-0.874053287886007,-1.35,-0.2253455468371964
-1.34,-0.8716722471896521,-1.34,-0.2211458034210563
-1.33,-0.8692493331488548,-1.33,-0.2169460600049161
-1.32,-0.8667839288498187,-1.32,-0.2127463165887759
-1.31,-0.8642754128460111,-1.31,-0.2085465731726356
-1.3,-0.8617231593133063,-1.3,-0.2043468297564952
-1.29,-0.8591265382143659,-1.29,-0.2001470863403551
-1.28,-0.8564849154724974,-1.28,-0.1959473429242149
-1.27,-0.8537976531552436,-1.27,-0.1917475995080745
-1.26,-0.8510641096679439,-1.26,-0.1875478560919341
-1.25,-0.8482836399575129,-1.25,-0.183348112675794
-1.24,-0.8454555957266803,-1.24,-0.1791483692596538
-1.23,-0.8425793256589296,-1.23,-0.1749486258435135
-1.22,-0.8396541756543754,-1.22,-0.1707488824273731
-1.21,-0.8366794890768107,-1.21,-0.1665491390112329
-1.2,-0.8336546070121552,-1.2,-0.1623493955950928
-1.19,-0.8305788685385284,-1.19,-0.1581496521789524
-1.18,-0.8274516110081666,-1.18,-0.153949908762812
-1.17,-0.8242721703413975,-1.17,-0.1497501653466718
-1.16,-0.8210398813328771,-1.16,-0.1455504219305317
-1.15,-0.8177540779702877,-1.15,-0.1413506785143913
-1.14,-0.814414093765686,-1.14,-0.1371509350982509
-1.13,-0.8110192620996813,-1.13,-0.1329511916821108
-1.12,-0.8075689165786143,-1.12,-0.1287514482659706
-1.11,-0.8040623914048921,-1.11,-0.1245517048498302
-1.1,-0.8004990217606297,-1.1,-0.1203519614336899
-1.09,-0.7968781442047267,-1.09,-0.1161522180175497
-1.08,-0.7931990970835009,-1.08,-0.1119524746014096
-1.07,-0.7894612209549805,-1.07,-0.1077527311852694
-1.06,-0.7856638590269437,-1.06,-0.103552987769129
-1.05,-0.7818063576087741,-1.05,-0.09935324435298865
-1.04,-0.7778880665771849,-1.04,-0.09515350093684849
-1.03,-0.7739083398558421,-1.03,-0.09095375752070833
-1.02,-0.7698665359089004,-1.02,-0.08675401410456796
-1.01,-0.7657620182484389,-1.01,-0.08255427068842758
-1,-0.7615941559557649,-1,-0.07835452727228742
-0.99,-0.7573623242165263,-0.99,-0.07415478385614716
-0.98,-0.753065904869552,-0.98,-0.06995504044000689
-0.97,-0.7487042869693087,-0.97,-0.06575529702386662
-0.96,-0.7442768673618373,-0.96,-0.06155555360772635
-0.95,-0.7397830512740042,-0.95,-0.05735581019158609
-0.9399999999999999,-0.7352222529158692,-0.9399999999999999,-0.05315606677544582
-0.9299999999999999,-0.7305938960959437,-0.9299999999999999,-0.04895632335930555
-0.9199999999999999,-0.7258974148490807,-0.9199999999999999,-0.04475657994316529
-0.9099999999999999,-0.7211322540766998,-0.9099999999999999,-0.04055683652702502
-0.8999999999999999,-0.7162978701990244,-0.8999999999999999,-0.03635709311088475
-0.89,-0.7113937318189626,-0.89,-0.0321573496947446
-0.88,-0.7064193203972352,-0.88,-0.02795760627860422
-0.87,-0.7013741309383125,-0.87,-0.02375786286246406
-0.86,-0.6962576726866815,-0.86,-0.01955811944632369
-0.85,-0.6910694698329306,-0.85,-0.01535837603018353
-0.84,-0.6858090622290945,-0.84,-0.01115863261404315
-0.83,-0.6804760061126619,-0.83,-0.006958889197902995
-0.82,-0.6750698748386078,-0.82,-0.002759145781762617
-0.8099999999999999,-0.6695902596187707,-0.8099999999999999,0.001440597634377538
-0.7999999999999999,-0.6640367702678489,-0.7999999999999999,0.005640341050517916
-0.7899999999999999,-0.658409035955251,-0.7899999999999999,0.009840084466658072
-0.7799999999999999,-0.6527067059619899,-0.7799999999999999,0.01403982788279845
-0.77,-0.6469294504417666,-0.77,0.01823957129893861
-0.76,-0.6410769611853464,-0.76,0.02243931471507887
-0.75,-0.6351489523872873,-0.75,0.02663905813121914
-0.74,-0.6291451614140354,-0.74,0.03083880154735941
-0.73,-0.6230653495723611,-0.73,0.03503854496349967
-0.72,-0.616909302877065,-0.72,0.03923828837963994
-0.71,-0.6106768328168442,-0.71,0.04343803179578021
-0.7,-0.6043677771171635,-0.7,0.04763777521192047
-0.6899999999999999,-0.5979820004989412,-0.6899999999999999,0.05183751862806074
-0.6799999999999999,-0.5915193954318164,-0.6799999999999999,0.05603726204420101
-0.6699999999999999,-0.5849798828807288,-0.6699999999999999,0.06023700546034128
-0.6599999999999999,-0.5783634130445057,-0.6599999999999999,0.06443674887648154
-0.6499999999999999,-0.5716699660851172,-0.6499999999999999,0.06863649229262181
-0.64,-0.564899552846225,-0.64,0.07283623570876196
-0.63,-0.5580522155596244,-0.63,0.07703597912490234
-0.62,-0.5511280285381469,-0.62,0.0812357225410425
-0.61,-0.5441270988535675,-0.61,0.08543546595718288
-0.6,-0.5370495669980353,-0.6,0.08963520937332303
-0.59,-0.5298956075275294,-0.59,0.0938349527894633
-0.58,-0.5226654296858209,-0.58,0.09803469620560357
-0.57,-0.5153592780074097,-0.57,0.1022344396217438
-0.5599999999999999,-0.5079774328978961,-0.5599999999999999,0.1064341830378841
-0.5499999999999999,-0.5005202111902352,-0.5499999999999999,0.1106339264540244
-0.5399999999999999,-0.4929879666753243,-0.5399999999999999,0.1148336698701646
-0.5299999999999999,-0.4853810906053715,-0.5299999999999999,0.1190334132863049
-0.5199999999999999,-0.4777000121684979,-0.5199999999999999,0.1232331567024452
-0.51,-0.4699451989330377,-0.51,0.1274329001185854
-0.4999999999999999,-0.4621171572600097,-0.4999999999999999,0.1316326435347257
-0.4899999999999999,-0.454216432682259,-0.4899999999999999,0.1358323869508659
-0.48,-0.4462436102487796,-0.48,0.1400321303670061
-0.47,-0.4381993148327678,-0.47,0.1442318737831464
-0.46,-0.4300842114019794,-0.46,0.1484316171992867
-0.45,-0.4218990052500079,-0.45,0.1526313606154269
-0.4399999999999999,-0.4136444421871351,-0.4399999999999999,0.1568311040315672
-0.4299999999999999,-0.4053213086894629,-0.4299999999999999,0.1610308474477075
-0.4199999999999999,-0.3969304320050775,-0.4199999999999999,0.1652305908638477
-0.41,-0.388472680216061,-0.41,0.169430334279988
-0.4,-0.3799489622552248,-0.4,0.1736300776961283
-0.39,-0.3713602278765076,-0.39,0.1778298211122685
-0.3799999999999999,-0.3627074675780511,-0.3799999999999999,0.1820295645284088
-0.3699999999999999,-0.3539917124770459,-0.3699999999999999,0.1862293079445491
-0.3599999999999999,-0.3452140341355208,-0.3599999999999999,0.1904290513606893
-0.35,-0.3363755443363322,-0.35,0.1946287947768295
-0.34,-0.3274773948087053,-0.34,0.1988285381929699
-0.33,-0.3185207769027708,-0.33,0.20302828160911
-0.32,-0.3095069212126384,-0.32,0.2072280250252504
-0.3099999999999999,-0.3004370971476541,-0.3099999999999999,0.2114277684413906
-0.2999999999999999,-0.2913126124515908,-0.2999999999999999,0.2156275118575309
-0.29,-0.2821348126696341,-0.29,0.2198272552736711
-0.28,-0.2729050805631327,-0.28,0.2240269986898114
-0.27,-0.2636248354722033,-0.27,0.2282267421059516
-0.26,-0.2542955326263911,-0.26,0.2324264855220919
-0.2499999999999999,-0.2449186624037091,-0.2499999999999999,0.2366262289382322
-0.24,-0.2354957495384979,-0.24,0.2408259723543724
-0.23,-0.2260283522786709,-0.23,0.2450257157705127
-0.2199999999999999,-0.2165180614930288,-0.2199999999999999,0.249225459186653
-0.21,-0.2069664997294526,-0.21,0.2534252026027932
-0.2,-0.1973753202249039,-0.2,0.2576249460189335
-0.1899999999999999,-0.1877462058682854,-0.1899999999999999,0.2618246894350738
-0.1799999999999999,-0.1780808681173301,-0.1799999999999999,0.266024432851214
-0.17,-0.1683810458708147,-0.17,0.2702241762673543
-0.1599999999999999,-0.1586485042974989,-0.1599999999999999,0.2744239196834946
-0.1499999999999999,-0.1488850336233179,-0.1499999999999999,0.2786236630996348
-0.14,-0.139092447878458,-0.14,0.2828234065157751
-0.1299999999999999,-0.1292725836060583,-0.1299999999999999,0.2870231499319154
-0.12,-0.1194272985343858,-0.12,0.2912228933480556
-0.1099999999999999,-0.1095584702144295,-0.1099999999999999,0.2954226367641959
-0.09999999999999995,-0.09966799462495576,-0.09999999999999995,0.2996223801803362
-0.08999999999999996,-0.08975778474716006,-0.08999999999999996,0.3038221235964764
-0.07999999999999995,-0.07982976911113131,-0.07999999999999995,0.3080218670126167
-0.06999999999999995,-0.06988589031642893,-0.06999999999999995,0.312221610428757
-0.05999999999999995,-0.05992810352914345,-0.05999999999999995,0.3164213538448971
-0.04999999999999995,-0.04995837495787992,-0.04999999999999995,0.3206210972610374
-0.03999999999999995,-0.03997868031116352,-0.03999999999999995,0.3248208406771776
-0.02999999999999995,-0.02999100323882009,-0.02999999999999995,0.3290205840933179
-0.01999999999999995,-0.01999733375993088,-0.01999999999999995,0.3332203275094582
-0.009999999999999948,-0.009999666679999408,-0.009999999999999948,0.3374200709255984
0,0,0,0.3416198143417387
0.009999999999999948,0.009999666679999408,0.009999999999999948,0.3458195577578789
0.01999999999999995,0.01999733375993088,0.01999999999999995,0.3500193011740192
0.02999999999999995,0.02999100323882009,0.02999999999999995,0.3542190445901595
0.03999999999999995,0.03997868031116352,0.03999999999999995,0.3584187880062997
0.04999999999999995,0.04995837495787992,0.04999999999999995,0.36261853142244
0.05999999999999995,0.05992810352914345,0.05999999999999995,0.3668182748385803
0.06999999999999995,0.06988589031642893,0.06999999999999995,0.3710180182547205
0.07999999999999995,0.07982976911113131,0.07999999999999995,0.3752177616708608
0.08999999999999996,0.08975778474716006,0.08999999999999996,0.3794175050870011
0.09999999999999995,0.09966799462495576,0.09999999999999995,0.3836172485031413
0.1099999999999999,0.1095584702144295,0.1099999999999999,0.3878169919192816
0.12,0.1194272985343858,0.12,0.3920167353354219
0.1299999999999999,0.1292725836060583,0.1299999999999999,0.3962164787515621
0.14,0.139092447878458,0.14,0.4004162221677023
0.1499999999999999,0.1488850336233179,0.1499999999999999,0.4046159655838426
0.1599999999999999,0.1586485042974989,0.1599999999999999,0.4088157089999829
0.17,0.1683810458708147,0.17,0.4130154524161231
0.1799999999999999,0.1780808681173301,0.1799999999999999,0.4172151958322634
0.1899999999999999,0.1877462058682854,0.1899999999999999,0.4214149392484037
0.2,0.1973753202249039,0.2,0.4256146826645439
0.21,0.2069664997294526,0.21,0.4298144260806842
0.2199999999999999,0.2165180614930288,0.2199999999999999,0.4340141694968245
0.23,0.2260283522786709,0.23,0.4382139129129647
0.24,0.2354957495384979,0.24,0.442413656329105
0.2499999999999999,0.2449186624037091,0.2499999999999999,0.4466133997452453
0.26,0.2542955326263911,0.26,0.4508131431613855
0.27,0.2636248354722033,0.27,0.4550128865775258
0.28,0.2729050805631327,0.28,0.459212629993666
0.29,0.2821348126696341,0.29,0.4634123734098063
0.2999999999999999,0.2913126124515908,0.2999999999999999,0.4676121168259465
0.3099999999999999,0.3004370971476541,0.3099999999999999,0.4718118602420868
0.32,0.3095069212126384,0.32,0.476011603658227
0.33,0.3185207769027708,0.33,0.4802113470743673
0.34,0.3274773948087053,0.34,0.4844110904905076
0.35,0.3363755443363322,0.35,0.4886108339066478
0.3599999999999999,0.3452140341355208,0.3599999999999999,0.492810577322788
0.3699999999999999,0.3539917124770459,0.3699999999999999,0.4970103207389283
0.3799999999999999,0.3627074675780511,0.3799999999999999,0.5012100641550685
0.39,0.3713602278765076,0.39,0.5054098075712088
0.4,0.3799489622552248,0.4,0.5096095509873491
0.41,0.388472680216061,0.41,0.5138092944034894
0.4199999999999999,0.3969304320050775,0.4199999999999999,0.5180090378196297
0.4299999999999999,0.4053213086894629,0.4299999999999999,0.5222087812357699
0.4399999999999999,0.4136444421871351,0.4399999999999999,0.5264085246519101
0.45,0.4218990052500079,0.45,0.5306082680680504
0.46,0.4300842114019794,0.46,0.5348080114841907
0.47,0.4381993148327678,0.47,0.5390077549003309
0.48,0.4462436102487796,0.48,0.5432074983164712
0.4899999999999999,0.454216432682259,0.4899999999999999,0.5474072417326115
0.4999999999999999,0.4621171572600097,0.4999999999999999,0.5516069851487517
0.51,0.4699451989330377,0.51,0.555806728564892
0.5199999999999999,0.4777000121684979,0.5199999999999999,0.5600064719810323
0.5299999999999999,0.4853810906053715,0.5299999999999999,0.5642062153971725
0.5399999999999999,0.4929879666753243,0.5399999999999999,0.5684059588133128
0.5499999999999999,0.5005202111902352,0.5499999999999999,0.5726057022294531
0.5599999999999999,0.5079774328978961,0.5599999999999999,0.5768054456455933
0.57,0.5153592780074097,0.57,0.5810051890617336
0.58,0.5226654296858209,0.58,0.5852049324778739
0.59,0.5298956075275294,0.59,0.5894046758940141
0.6,0.5370495669980353,0.6,0.5936044193101544
0.61,0.5441270988535675,0.61,0.5978041627262947
0.62,0.5511280285381469,0.62,0.6020039061424349
0.63,0.5580522155596244,0.63,0.6062036495585752
0.64,0.564899552846225,0.64,0.6104033929747155
0.6499999999999999,0.5716699660851172,0.6499999999999999,0.6146031363908557
0.6599999999999999,0.5783634130445057,0.6599999999999999,0.618802879806996
0.6699999999999999,0.5849798828807288,0.6699999999999999,0.6230026232231363
0.6799999999999999,0.5915193954318164,0.6799999999999999,0.6272023666392764
0.6899999999999999,0.5979820004989412,0.6899999999999999,0.6314021100554167
0.7,0.6043677771171635,0.7,0.635601853471557
0.71,0.6106768328168442,0.71,0.6398015968876972
0.72,0.616909302877065,0.72,0.6440013403038375
0.73,0.6230653495723611,0.73,0.6482010837199778
0.74,0.6291451614140354,0.74,0.652400827136118
0.75,0.6351489523872873,0.75,0.6566005705522583
0.76,0.6410769611853464,0.76,0.6608003139683986
0.77,0.6469294504417666,0.77,0.6650000573845388
0.7799999999999999,0.6527067059619899,0.7799999999999999,0.6691998008006791
0.7899999999999999,0.658409035955251,0.7899999999999999,0.6733995442168194
0.7999999999999999,0.6640367702678489,0.7999999999999999,0.6775992876329596
0.8099999999999999,0.6695902596187707,0.8099999999999999,0.6817990310490999
0.82,0.6750698748386078,0.82,0.6859987744652402
0.83,0.6804760061126619,0.83,0.6901985178813804
0.84,0.6858090622290945,0.84,0.6943982612975207
0.85,0.6910694698329306,0.85,0.698598004713661
0.86,0.6962576726866815,0.86,0.7027977481298012
0.87,0.7013741309383125,0.87,0.7069974915459415
0.88,0.7064193203972352,0.88,0.7111972349620818
0.89,0.7113937318189626,0.89,0.715396978378222
0.8999999999999999,0.7162978701990244,0.8999999999999999,0.7195967217943622
0.9099999999999999,0.7211322540766998,0.9099999999999999,0.7237964652105024
0.9199999999999999,0.7258974148490807,0.9199999999999999,0.7279962086266427
0.9299999999999999,0.7305938960959437,0.9299999999999999,0.732195952042783
0.9399999999999999,0.7352222529158692,0.9399999999999999,0.7363956954589232
0.95,0.7397830512740042,0.95,0.7405954388750635
0.96,0.7442768673618373,0.96,0.7447951822912038
0.97,0.7487042869693087,0.97,0.7489949257073441
0.98,0.753065904869552,0.98,0.7531946691234843
0.99,0.7573623242165263,0.99,0.7573944125396246
1,0.7615941559557649,1,0.7615941559557649
1.01,0.7657620182484389,1.01,0.7657938993719051
1.02,0.7698665359089004,1.02,0.7699936427880454
1.03,0.7739083398558421,1.03,0.7741933862041857
1.04,0.7778880665771849,1.04,0.7783931296203259
1.05,0.7818063576087741,1.05,0.7825928730364662
1.06,0.7856638590269437,1.06,0.7867926164526065
1.07,0.7894612209549805,1.07,0.7909923598687467
1.08,0.7931990970835009,1.08,0.795192103284887
1.09,0.7968781442047267,1.09,0.7993918467010273
1.1,0.8004990217606297,1.1,0.8035915901171674
1.11,0.8040623914048921,1.11,0.8077913335333077
1.12,0.8075689165786143,1.12,0.8119910769494479
1.13,0.8110192620996813,1.13,0.8161908203655882
1.14,0.814414093765686,1.14,0.8203905637817285
1.15,0.8177540779702877,1.15,0.8245903071978687
1.16,0.8210398813328771,1.16,0.828790050614009
1.17,0.8242721703413975,1.17,0.8329897940301493
1.18,0.8274516110081666,1.18,0.8371895374462895
1.19,0.8305788685385284,1.19,0.8413892808624298
1.2,0.8336546070121552,1.2,0.8455890242785701
1.21,0.8366794890768107,1.21,0.8497887676947103
1.22,0.8396541756543754,1.22,0.8539885111108506
1.23,0.8425793256589296,1.23,0.8581882545269909
1.24,0.8454555957266803,1.24,0.8623879979431311
1.25,0.8482836399575129,1.25,0.8665877413592714
1.26,0.8510641096679439,1.26,0.8707874847754117
1.27,0.8537976531552436,1.27,0.8749872281915519
1.28,0.8564849154724974,1.28,0.8791869716076922
1.29,0.8591265382143659,1.29,0.8833867150238325
1.3,0.8617231593133063,1.3,0.8875864584399727
1.31,0.8642754128460111,1.31,0.891786201856113
1.32,0.8667839288498187,1.32,0.8959859452722533
1.33,0.8692493331488548,1.33,0.9001856886883934
1.34,0.8716722471896521,1.34,0.9043854321045337
1.35,0.874053287886007,1.35,0.908585175520674
1.36,0.8763930674728228,1.36,0.9127849189368142
1.37,0.8786921933686958,1.37,0.9169846623529545
1.38,0.880951268046997,1.38,0.9211844057690948
1.39,0.8831708889152075,1.39,0.925384149185235
1.4,0.8853516482022625,1.4,0.9295838926013753
1.41,0.8874941328536653,1.41,0.9337836360175156
1.42,0.8895989244341314,1.42,0.9379833794336558
1.43,0.8916665990375279,1.43,0.9421831228497961
1.44,0.8936977272038725,1.44,0.9463828662659364
1.45,0.8956928738431645,1.45,0.9505826096820766
1.46,0.8976525981658167,1.46,0.9547823530982169
1.47,0.8995774536194669,1.47,0.9589820965143572
1.48,0.9014679878319467,1.48,0.9631818399304974
1.49,0.9033247425601896,1.49,0.9673815833466377
1.5,0.9051482536448664,1.5,0.971581326762778
1.51,0.9069390509705371,1.51,0.9757810701789182
1.52,0.9086976584311125,1.52,0.9799808135950585
1.53,0.9104245939004265,1.53,0.9841805570111988
1.54,0.9121203692077173,1.54,0.988380300427339
1.55,0.9137854901178277,1.55,0.9925800438434793
1.56,0.9154204563159324,1.56,0.9967797872596196
1.57,0.9170257613966083,1.57,1.00097953067576
1.58,0.9186018928570671,1.58,1.0051792740919
1.59,0.9201493320943724,1.59,1.00937901750804
1.6,0.9216685544064713,1.6,1.013578760924181
1.61,0.9231600289968692,1.61,1.017778504340321
1.62,0.9246242189827881,1.62,1.021978247756461
1.63,0.9260615814066459,1.63,1.026177991172601
1.64,0.9274725672507033,1.64,1.030377734588741
1.65,0.9288576214547276,1.65,1.034577478004882
1.66,0.9302171829365263,1.66,1.038777221421022
1.67,0.9315516846152082,1.67,1.042976964837162
1.68,0.9328615534370349,1.68,1.047176708253303
1.69,0.9341472104037275,1.69,1.051376451669443
1.7,0.935409070603099,1.7,1.055576195085583
1.71,0.9366475432418871,1.71,1.059775938501723
1.72,0.9378630316806652,1.72,1.063975681917864
1.73,0.9390559334707117,1.73,1.068175425334004
1.74,0.9402266403927275,1.74,1.072375168750144
1.75,0.9413755384972874,1.75,1.076574912166284
1.76,0.94250300814692,1.76,1.080774655582425
1.77,0.9436094240597148,1.77,1.084974398998565
1.78,0.9446951553543538,1.78,1.089174142414705
1.79,0.9457605655964739,1.79,1.093373885830845
1.8,0.9468060128462683,1.8,1.097573629246986
1.81,0.9478318497072341,1.81,1.101773372663126
1.82,0.9488384233759847,1.82,1.105973116079266
1.83,0.9498260756930403,1.83,1.110172859495407
1.84,0.9507951431945211,1.84,1.114372602911547
1.85,0.9517459571646616,1.85,1.118572346327687
1.86,0.9526788436890775,1.86,1.122772089743827
1.87,0.9535941237087119,1.87,1.126971833159967
1.88,0.954492113074392,1.88,1.131171576576108
1.89,0.9553731226019355,1.89,1.135371319992248
1.9,0.9562374581277391,1.9,1.139571063408388
1.91,0.957085420564793,1.91,1.143770806824528
1.92,0.9579173059590634,1.92,1.147970550240669
1.93,0.9587334055461876,1.93,1.152170293656809
1.94,0.9595340058084292,1.94,1.156370037072949
1.95,0.960319388531845,1.95,1.16056978048909
1.96,0.9610898308636139,1.96,1.16476952390523
1.97,0.9618456053694837,1.97,1.16896926732137
1.98,0.9625869800912908,1.98,1.173169010737511
1.99,0.9633142186045134,1.99,1.177368754153651
2,0.9640275800758169,2,1.181568497569791
2.01,0.9647273193205547,2.01,1.185768240985931
2.02,0.9654136868601891,2.02,1.189967984402072
2.03,0.9660869289795985,2.03,1.194167727818212
2.04,0.9667472877842368,2.04,1.198367471234352
2.05,0.9673950012571181,2.05,1.202567214650492
2.06,0.9680303033155948,2.06,1.206766958066633
2.07,0.9686534238679029,2.07,1.210966701482773
2.08,0.9692645888694489,2.08,1.215166444898913
2.09,0.9698640203788144,2.09,1.219366188315053
2.1,0.9704519366134539,2.1,1.223565931731194
2.11,0.9710285520050662,2.11,1.227765675147334
2.12,0.9715940772546178,2.12,1.231965418563474
2.13,0.9721487193869992,2.13,1.236165161979614
2.14,0.9726926818052982,2.14,1.240364905395755
2.15,0.9732261643446705,2.15,1.244564648811895
2.16,0.9737493633257944,2.16,1.248764392228035
2.17,0.974262471607895,2.17,1.252964135644175
2.18,0.9747656786413226,2.18,1.257163879060316
2.19,0.9752591705196751,2.19,1.261363622476456
2.2,0.9757431300314515,2.2,1.265563365892596
2.21,0.976217736711226,2.21,1.269763109308736
2.22,0.9766831668903339,2.22,1.273962852724877
2.23,0.9771395937470585,2.23,1.278162596141017
2.24,0.9775871873563142,2.24,1.282362339557158
2.25,0.9780261147388136,2.25,1.286562082973298
2.26,0.9784565399097167,2.26,1.290761826389438
2.27,0.9788786239267537,2.27,1.294961569805578
2.28,0.9792925249378165,2.28,1.299161313221718
2.29,0.9796983982280145,2.29,1.303361056637859
2.3,0.9800963962661914,2.3,1.307560800053999
2.31,0.9804866687508973,2.31,1.311760543470139
2.32,0.9808693626558167,2.32,1.315960286886279
2.33,0.9812446222746463,2.33,1.32016003030242
2.34,0.9816125892654238,2.34,1.32435977371856
2.35,0.9819734026943043,2.35,1.3285595171347
2.36,0.9823271990787845,2.36,1.33275926055084
2.37,0.9826741124303737,2.37,1.336959003966981
2.38,0.9830142742967113,2.38,1.341158747383121
2.39,0.9833478138031324,2.39,1.345358490799261
2.4,0.9836748576936802,2.4,1.349558234215401
2.41,0.9839955303715675,2.41,1.353757977631542
2.42,0.9843099539390887,2.42,1.357957721047682
2.43,0.9846182482369833,2.43,1.362157464463822
2.44,0.9849205308832533,2.44,1.366357207879962
2.45,0.985216917311436,2.45,1.370556951296103
2.46,0.9855075208083371,2.46,1.374756694712243
2.47,0.9857924525512225,2.47,1.378956438128383
2.48,0.9860718216444758,2.48,1.383156181544523
2.49,0.9863457351557237,2.49,1.387355924960664
2.5,0.9866142981514303,2.5,1.391555668376804
