-3,-4,-0.1135465911607319,0.9935326726564043
-3,-3.666666666666667,-0.1126798434254133,0.9936313465695535
-3,-3.333333333333333,-0.1116569451816851,0.993746812116997
-3,-3,-0.1104315260748465,0.9938837346736189
-3,-2.666666666666667,-0.1089368408988669,0.9940486732021602
-3,-2.333333333333333,-0.1070731997199514,0.9942511402566916
-3,-2,-0.1046847845180428,0.9945054529214061
-3,-1.666666666666667,-0.1015136880133945,0.994834142531266
-3,-1.333333333333333,-0.09709996428542596,0.995274633925616
-3,-1,-0.09053574604251853,0.9958932064677039
-3,-0.6666666666666669,-0.07974522228288999,0.9968152785361249
-3,-0.3333333333333335,-0.05872202195147037,0.998274373174996
-3,0,0,1
-3,0.3333333333333335,0.7071067811865495,0.7071067811865456
-3,0.6666666666666669,0.2747211278973779,-0.9615239476408231
-3,1,0.196116135138184,-0.9805806756909202
-3,1.333333333333333,0.1713411747512477,-0.9852117548196745
-3,1.666666666666667,0.1592324388246205,-0.9872411207126472
-3,2,0.1520571842539411,-0.9883716976506172
-3,2.333333333333333,0.1473113030887813,-0.9890901778818174
-3,2.666666666666667,0.1439398457141108,-0.9895864392845115
-3,3,0.1414213562373095,-0.9899494936611665
-3,3.333333333333333,0.1394685218458926,-0.9902265051058378
-3,3.666666666666667,0.1379100299457416,-0.9904447605194168
-3,4,0.136637397137031,-0.9906211292434748
-2.75,-4,-0.136637397137031,0.9906211292434748
-2.75,-3.666666666666667,-0.1354910858663001,0.9907785653973197
-2.75,-3.333333333333333,-0.1341404175287585,0.9909623344937033
-2.75,-3,-0.132525407272783,0.9911796085610232
-2.75,-2.666666666666667,-0.1305600530596163,0.9914404029214617
-2.75,-2.333333333333333,-0.1281165187448385,0.9917591227837047
-2.75,-2,-0.1249961854773485,0.9921572222264535
-2.75,-1.666666666666667,-0.1208728160815142,0.9926680020694354
-2.75,-1.333333333333333,-0.1151705201197911,0.9933457360331984
-2.75,-1,-0.1067687389194774,0.9942838811876337
-2.75,-0.6666666666666669,-0.09316033864514239,0.9956511192699592
-2.75,-0.3333333333333335,-0.06735722687585832,0.9977289230986512
-2.75,0,0,1
-2.75,0.3333333333333335,0.509802390301734,0.8602915336341737
-2.75,0.6666666666666669,0.3795563562563058,-0.9251686183747458
-2.75,1,0.2537126883649393,-0.9672796243913314
-2.75,1.333333333333333,0.2169304578186561,-0.9761870601839527
-2.75,1.666666666666667,0.1994714774270593,-0.9799036328604289
-2.75,2,0.1892861622639981,-0.9819219667444899
-2.75,2.333333333333333,0.1826147099112286,-0.983184554254204
-2.75,2.666666666666667,0.1779068619921848,-0.9840473303942721
-2.75,3,0.1744071367891643,-0.9846736264554898
-2.75,3.333333333333333,0.1717034732464125,-0.9851486777512918
-2.75,3.666666666666667,0.16955204051065,-0.9855212354681531
-2.75,4,0.1677993480483621,-0.985821169784127
-2.5,-4,-0.1677993480483621,0.985821169784127
-2.5,-3.666666666666667,-0.1662366998116685,0.9860858784283065
-2.5,-3.333333333333333,-0.1643989873053573,0.9863939238321439
-2.5,-3,-0.1622066002983228,0.9867568184814636
-2.5,-2.666666666666667,-0.1595459401862968,0.9871905049027117
-2.5,-2.333333333333333,-0.156249124184012,0.9877176778775042
-2.5,-2,-0.1520571842539411,0.9883716976506172
-2.5,-1.666666666666667,-0.1465486610894624,0.9892034623538708
-2.5,-1.333333333333333,-0.1389886283721887,0.9902939771518444
-2.5,-1,-0.1279713376301968,0.9917778666340251
-2.5,-0.6666666666666669,-0.1104315260748465,0.9938837346736188
-2.5,-0.3333333333333335,-0.07819124531863153,0.9969383778125516
-2.5,0,0,1
-2.5,0.3333333333333335,0.4061384660534483,0.9138115486202568
-2.5,0.6666666666666669,0.5547001962252288,-0.8320502943378438
-2.5,1,0.3417430630867043,-0.939793423488437
-2.5,1.333333333333333,0.284088329691374,-0.9587981127083872
-2.5,1.666666666666667,0.2576626505603324,-0.9662349396012463
-2.5,2,0.242535625036333,-0.9701425001453319
-2.5,2.333333333333333,0.2327441373762986,-0.9725380026081051
-2.5,2.666666666666667,0.225890482018287,-0.9741527037038629
-2.5,3,0.2208256525977952,-0.9753132989735953
-2.5,3.333333333333333,0.2169304578186562,-0.9761870601839527
-2.5,3.666666666666667,0.213841817107177,-0.9768683008759679
-2.5,4,0.2113327925275389,-0.9774141654398673
-2.25,-4,-0.2113327925275389,0.9774141654398673
-2.25,-3.666666666666667,-0.2091233435853709,0.9778892714247739
-2.25,-3.333333333333333,-0.2065308878382298,0.9784400811336138
-2.25,-3,-0.2034464568190837,0.9790860734418404
-2.25,-2.666666666666667,-0.1997154521600573,0.979853937160281
-2.25,-2.333333333333333,-0.1951109960904722,0.9807811678476416
-2.25,-2,-0.1892861622639981,0.9819219667444899
-2.25,-1.666666666666667,-0.1816826273270196,0.9833572204074934
-2.25,-1.333333333333333,-0.1713411747512477,0.9852117548196745
-2.25,-1,-0.1564647204953325,0.9876835481267862
-2.25,-0.6666666666666669,-0.133254699246715,0.9910818256474425
-2.25,-0.3333333333333335,-0.09209252752516446,0.9957504538658404
-2.25,0,0,1
-2.25,0.3333333333333335,0.3487337120214187,0.9372218510575615
-2.25,0.6666666666666669,0.8240419241993674,-0.5665288228870656
-2.25,1,0.4830773429113347,-0.8755776840267944
-2.25,1.333333333333333,0.3880570000581328,-0.9216353751380653
-2.25,1.666666666666667,0.3459057231631992,-0.938269274080178
-2.25,2,0.3222637978043043,-0.946649906050144
-2.25,2.333333333333333,0.3071630363436988,-0.9516569072434243
-2.25,2.666666666666667,0.2966908236787135,-0.954973588715859
-2.25,3,0.2890045919356118,-0.9573277107867141
-2.25,3.333333333333333,0.2831242070926215,-0.9590832515262554
-2.25,3.666666666666667,0.2784806640556279,-0.960441835691853
-2.25,4,0.2747211278973781,-0.9615239476408232
-2,-4,-0.2747211278973781,0.9615239476408232
-2,-3.666666666666667,-0.2714601650218062,0.9624496759864039
-2,-3.333333333333333,-0.2676438637860946,0.9635179096299407
-2,-3,-0.2631174057921088,0.9647638212377322
-2,-2.666666666666667,-0.2576626505603324,0.9662349396012463
-2,-2.333333333333333,-0.2509621587837262,0.9679968981658008
-2,-2,-0.242535625036333,0.9701425001453319
-2,-1.666666666666667,-0.2316205273060397,0.9728062146853669
-2,-1.333333333333333,-0.2169304578186562,0.9761870601839527
-2,-1,-0.196116135138184,0.9805806756909201
-2,-0.6666666666666669,-0.1643989873053573,0.9863939238321436
-2,-0.3333333333333335,-0.1104315260748466,0.993883734673619
-2,0,0,1
-2,0.3333333333333335,0.3162277660168383,0.9486832980505137
-2,0.6666666666666669,1,-6.661338147750937e-16
-2,1,0.7071067811865474,-0.7071067811865478
-2,1.333333333333333,0.5547001962252291,-0.8320502943378437
-2,1.666666666666667,0.4856429311786321,-0.8741572761215377
-2,2,0.4472135954999579,-0.8944271909999159
-2,2.333333333333333,0.4228854653311239,-0.9061831399952655
-2,2.666666666666667,0.4061384660534477,-0.913811548620257
-2,3,0.3939192985791676,-0.9191450300180578
-2,3.333333333333333,0.3846153846153846,-0.9230769230769231
-2,3.666666666666667,0.3772968873135195,-0.9260923597695478
-2,4,0.3713906763541037,-0.9284766908852594
-1.75,-4,-0.3713906763541037,0.9284766908852594
-1.75,-3.666666666666667,-0.3663606987959941,0.9304729111466443
-1.75,-3.333333333333333,-0.3604883870466232,0.9327637014831376
-1.75,-3,-0.3535438002339769,0.9354179714523971
-1.75,-2.666666666666667,-0.3452053934179291,0.9385271633549946
-1.75,-2.333333333333333,-0.3350096676548056,0.9422146902791406
-1.75,-2,-0.3222637978043043,0.946649906050144
-1.75,-1.666666666666667,-0.3058854091644685,0.9520683360244082
-1.75,-1.333333333333333,-0.284088329691374,0.9587981127083872
-1.75,-1,-0.2537126883649394,0.9672796243913313
-1.75,-0.6666666666666669,-0.208638471770519,0.9779928364243076
-1.75,-0.3333333333333335,-0.1354910858663002,0.9907785653973197
-1.75,0,0,1
-1.75,0.3333333333333335,0.2993400745373251,0.9541464875877228
-1.75,0.6666666666666669,0.8715755371245496,0.4902612396325584
-1.75,1,0.9544799780350297,-0.2982749931359471
-1.75,1.333333333333333,0.7999999999999999,-0.6000000000000002
-1.75,1.666666666666667,0.702701259061168,-0.7114850247994325
-1.75,2,0.6441357457827797,-0.7649111981170508
-1.75,2.333333333333333,0.6060432152628562,-0.7954317200324986
-1.75,2.666666666666667,0.5795237863600036,-0.8149553245687551
-1.75,3,0.5600739035159481,-0.8284426489506732
-1.75,3.333333333333333,0.5452278836601583,-0.8382878711274934
-1.75,3.666666666666667,0.5335366941537993,-0.8457769185733524
-1.75,4,0.5240974256643347,-0.8516583167045439
-1.5,-4,-0.5240974256643347,0.8516583167045439
-1.5,-3.666666666666667,-0.5162200483655012,0.8564559893336724
-1.5,-3.333333333333333,-0.5070201265633938,0.8619342151577695
-1.5,-3,-0.4961389383568339,0.8682431421244593
-1.5,-2.666666666666667,-0.4830773429113348,0.8755776840267941
-1.5,-2.333333333333333,-0.4671210330955523,0.8841933840737239
-1.5,-2,-0.4472135954999579,0.8944271909999159
-1.5,-1.666666666666667,-0.4217307497155847,0.9067211118885072
-1.5,-1.333333333333333,-0.3880570000581328,0.9216353751380653
-1.5,-1,-0.3417430630867044,0.939793423488437
-1.5,-0.6666666666666669,-0.2747211278973781,0.9615239476408231
-1.5,-0.3333333333333335,-0.1713411747512478,0.9852117548196745
-1.5,0,0,1
-1.5,0.3333333333333335,0.2940858488375234,0.95577900872195
-1.5,0.6666666666666669,0.7071067811865477,0.7071067811865472
-1.5,1,0.9701425001453319,0.2425356250363327
-1.5,1.333333333333333,0.9922778767136676,-0.1240347345892087
-1.5,1.666666666666667,0.9438583563660173,-0.3303504247281061
-1.5,2,0.8944271909999159,-0.4472135954999579
-1.5,2.333333333333333,0.8547875152217289,-0.5189781342417641
-1.5,2.666666666666667,0.8240419241993675,-0.5665288228870653
-1.5,3,0.8,-0.6
-1.5,3.333333333333333,0.7808688094430303,-0.6246950475544243
-1.5,3.666666666666667,0.7653620859054907,-0.6435999358750717
-1.5,4,0.7525766947068778,-0.6585046078685181
-1.25,-4,-0.7525766947068778,0.6585046078685181
-1.25,-3.666666666666667,-0.7420349879566062,0.6703611538926159
-1.25,-3.333333333333333,-0.729537204140085,0.6839411288813297
-1.25,-3,-0.7145104264934942,0.699624792608213
-1.25,-2.666666666666667,-0.6961458360737502,0.7179003934510548
-1.25,-2.333333333333333,-0.6732709887595629,0.7393958180127342
-1.25,-2,-0.6441357457827797,0.7649111981170508
-1.25,-1.666666666666667,-0.6060432152628562,0.7954317200324987
-1.25,-1.333333333333333,-0.5547001962252291,0.8320502943378437
-1.25,-1,-0.4830773429113348,0.8755776840267941
-1.25,-0.6666666666666669,-0.3795563562563061,0.9251686183747457
-1.25,-0.3333333333333335,-0.2258904820182872,0.9741527037038629
-1.25,0,0,1
-1.25,0.3333333333333335,0.299340074537325,0.954146487587723
-1.25,0.6666666666666669,0.6060432152628563,0.7954317200324986
-1.25,1,0.8240419241993677,0.5665288228870651
-1.25,1.333333333333333,0.9363291775690445,0.3511234415883916
-1.25,1.666666666666667,0.9828721869343219,0.1842885350501853
-1.25,2,0.9980525784828885,0.06237828615518053
-1.25,2.333333333333333,0.9996414556783739,-0.02677611041995644
-1.25,2.666666666666667,0.9956342260592881,-0.09334070869305833
-1.25,3,0.9895329810632816,-0.1443068930717286
-1.25,3.333333333333333,0.9828721869343219,-0.1842885350501853
-1.25,3.666666666666667,0.9763174071997253,-0.2163430618226664
-1.25,4,0.9701425001453319,-0.242535625036333
-1,-4,-0.9701425001453319,0.242535625036333
-1,-3.666666666666667,-0.9647638212377322,0.2631174057921088
-1,-3.333333333333333,-0.9578262852211513,0.2873478855663454
-1,-3,-0.9486832980505138,0.3162277660168379
-1,-2.666666666666667,-0.9363291775690445,0.3511234415883916
-1,-2.333333333333333,-0.9191450300180578,0.3939192985791676
-1,-2,-0.8944271909999159,0.4472135954999579
-1,-1.666666666666667,-0.8574929257125442,0.5144957554275265
-1,-1.333333333333333,-0.8,0.6
-1,-1,-0.7071067811865477,0.7071067811865475
-1,-0.6666666666666669,-0.5547001962252293,0.8320502943378437
-1,-0.3333333333333335,-0.3162277660168381,0.9486832980505138
-1,0,0,1
-1,0.3333333333333335,0.3162277660168381,0.9486832980505138
-1,0.6666666666666669,0.5547001962252293,0.8320502943378437
-1,1,0.7071067811865477,0.7071067811865475
-1,1.333333333333333,0.8,0.6
-1,1.666666666666667,0.8574929257125442,0.5144957554275265
-1,2,0.8944271909999159,0.4472135954999579
-1,2.333333333333333,0.9191450300180578,0.3939192985791676
-1,2.666666666666667,0.9363291775690445,0.3511234415883916
-1,3,0.9486832980505138,0.3162277660168379
-1,3.333333333333333,0.9578262852211513,0.2873478855663454
-1,3.666666666666667,0.9647638212377322,0.2631174057921088
-1,4,0.9701425001453319,0.242535625036333
-0.75,-4,-0.9701425001453319,-0.242535625036333
-0.75,-3.666666666666667,-0.9739227813853714,-0.2268797388454558
-0.75,-3.333333333333333,-0.9781588509178574,-0.2078587558200447
-0.75,-3,-0.9828721869343219,-0.1842885350501854
-0.75,-2.666666666666667,-0.9880120337511015,-0.1543768802736096
-0.75,-2.333333333333333,-0.9933310228137114,-0.1152973508623059
-0.75,-2,-0.9980525784828885,-0.06237828615518053
-0.75,-1.666666666666667,-0.9999218841540815,0.01249902355192597
-0.75,-1.333333333333333,-0.9922778767136676,0.1240347345892084
-0.75,-1,-0.9544799780350297,0.2982749931359466
-0.75,-0.6666666666666669,-0.8240419241993677,0.5665288228870651
-0.75,-0.3333333333333335,-0.483077342911335,0.875577684026794
-0.75,0,0,1
-0.75,0.3333333333333335,0.3487337120214185,0.9372218510575617
-0.75,0.6666666666666669,0.5390536964233673,0.8422714006615113
-0.75,1,0.6441357457827798,0.7649111981170508
-0.75,1.333333333333333,0.7071067811865476,0.7071067811865476
-0.75,1.666666666666667,0.7479249036955813,0.6637833520298284
-0.75,2,0.7761140001162655,0.6305926250944657
-0.75,2.333333333333333,0.7965731653334005,0.6045421344048129
-0.75,2.666666666666667,0.8120153713427134,0.5836360481525752
-0.75,3,0.8240419241993676,0.5665288228870652
-0.75,3.333333333333333,0.8336499923211392,0.5522931199127548
-0.75,3.666666666666667,0.8414890274326332,0.5402742051129974
-0.75,4,0.847998304005088,0.52999894000318
-0.5,-4,-0.847998304005088,-0.52999894000318
-0.5,-3.666666666666667,-0.8523227286486655,-0.5230162198525903
-0.5,-3.333333333333333,-0.8574929257125442,-0.5144957554275265
-0.5,-3,-0.8637789008984335,-0.5038710255240862
-0.5,-2.666666666666667,-0.8715755371245494,-0.490261239632559
-0.5,-2.333333333333333,-0.881479970028782,-0.4722214125154189
-0.5,-2,-0.8944271909999159,-0.4472135954999579
-0.5,-1.666666666666667,-0.9119215051751064,-0.4103646773287978
-0.5,-1.333333333333333,-0.9363291775690445,-0.3511234415883916
-0.5,-1,-0.9701425001453319,-0.2425356250363331
-0.5,-0.6666666666666669,-1,-1.665334536937734e-16
-0.5,-0.3333333333333335,-0.8000000000000004,0.5999999999999995
-0.5,0,0,1
-0.5,0.3333333333333335,0.4061384660534477,0.9138115486202572
-0.5,0.6666666666666669,0.5547001962252293,0.8320502943378437
-0.5,1,0.6246950475544243,0.7808688094430304
-0.5,1.333333333333333,0.6643638388299198,0.7474093186836597
-0.5,1.666666666666667,0.689655172413793,0.7241379310344827
-0.5,2,0.7071067811865475,0.7071067811865475
-0.5,2.333333333333333,0.7198442954206851,0.6941355705842319
-0.5,2.666666666666667,0.7295372041400852,0.6839411288813297
-0.5,3,0.7371541402007414,0.6757246285173463
-0.5,3.333333333333333,0.7432941462471663,0.6689647316224496
-0.5,3.666666666666667,0.7483469392281404,0.6633075143158518
-0.5,4,0.7525766947068778,0.6585046078685181
-0.25,-4,-0.7525766947068778,-0.6585046078685181
-0.25,-3.666666666666667,-0.7546978302145749,-0.6560725455842612
-0.25,-3.333333333333333,-0.757248519517734,-0.6531268480840455
-0.25,-3,-0.7603736781933834,-0.649485850123515
-0.25,-2.666666666666667,-0.7642914835078909,-0.644870939209783
-0.25,-2.333333333333333,-0.7693461832991668,-0.6388320986323438
-0.25,-2,-0.7761140001162655,-0.6305926250944657
-0.25,-1.666666666666667,-0.7856363146781559,-0.6186885978090477
-0.25,-1.333333333333333,-0.7999999999999999,-0.6
-0.25,-1,-0.8240419241993675,-0.5665288228870652
-0.25,-0.6666666666666669,-0.8715755371245493,-0.4902612396325591
-0.25,-0.3333333333333335,-0.9828721869343219,-0.1842885350501857
-0.25,0,0,1
-0.25,0.3333333333333335,0.509802390301733,0.8602915336341743
-0.25,0.6666666666666669,0.6060432152628562,0.7954317200324987
-0.25,1,0.6441357457827797,0.7649111981170509
-0.25,1.333333333333333,0.6643638388299198,0.7474093186836598
-0.25,1.666666666666667,0.6768732144311415,0.7360996206938664
-0.25,2,0.685364699004991,0.7281999926928029
-0.25,2.333333333333333,0.6915029593388362,0.7223736271664628
-0.25,2.666666666666667,0.6961458360737501,0.7179003934510548
-0.25,3,0.6997798348164428,0.7143585813751188
-0.25,3.333333333333333,0.702701259061168,0.7114850247994325
-0.25,3.666666666666667,0.7051008165815846,0.7091070712212527
-0.25,4,0.7071067811865475,0.7071067811865475
0,-4,-0.7071067811865475,-0.7071067811865475
0,-3.666666666666667,-0.7071067811865476,-0.7071067811865476
0,-3.333333333333333,-0.7071067811865476,-0.7071067811865476
0,-3,-0.7071067811865476,-0.7071067811865476
0,-2.666666666666667,-0.7071067811865476,-0.7071067811865476
0,-2.333333333333333,-0.7071067811865475,-0.7071067811865475
0,-2,-0.7071067811865475,-0.7071067811865475
0,-1.666666666666667,-0.7071067811865476,-0.7071067811865476
0,-1.333333333333333,-0.7071067811865476,-0.7071067811865476
0,-1,-0.7071067811865476,-0.7071067811865476
0,-0.6666666666666669,-0.7071067811865475,-0.7071067811865475
0,-0.3333333333333335,-0.7071067811865476,-0.7071067811865476
0,0,0,0
0,0.3333333333333335,0.7071067811865476,0.7071067811865476
0,0.6666666666666669,0.7071067811865475,0.7071067811865475
0,1,0.7071067811865476,0.7071067811865476
0,1.333333333333333,0.7071067811865476,0.7071067811865476
0,1.666666666666667,0.7071067811865476,0.7071067811865476
0,2,0.7071067811865475,0.7071067811865475
0,2.333333333333333,0.7071067811865475,0.7071067811865475
0,2.666666666666667,0.7071067811865476,0.7071067811865476
0,3,0.7071067811865476,0.7071067811865476
0,3.333333333333333,0.7071067811865476,0.7071067811865476
0,3.666666666666667,0.7071067811865476,0.7071067811865476
0,4,0.7071067811865475,0.7071067811865475
0.25,-4,-0.7071067811865475,-0.7071067811865475
0.25,-3.666666666666667,-0.7051008165815846,-0.7091070712212527
0.25,-3.333333333333333,-0.702701259061168,-0.7114850247994325
0.25,-3,-0.6997798348164428,-0.7143585813751188
0.25,-2.666666666666667,-0.6961458360737501,-0.7179003934510548
0.25,-2.333333333333333,-0.6915029593388362,-0.7223736271664628
0.25,-2,-0.685364699004991,-0.7281999926928029
0.25,-1.666666666666667,-0.6768732144311415,-0.7360996206938664
0.25,-1.333333333333333,-0.6643638388299198,-0.7474093186836598
0.25,-1,-0.6441357457827797,-0.7649111981170509
0.25,-0.6666666666666669,-0.6060432152628562,-0.7954317200324987
0.25,-0.3333333333333335,-0.509802390301733,-0.8602915336341743
0.25,0,0,-1
0.25,0.3333333333333335,0.9828721869343219,0.1842885350501857
0.25,0.6666666666666669,0.8715755371245493,0.4902612396325591
0.25,1,0.8240419241993675,0.5665288228870652
0.25,1.333333333333333,0.7999999999999999,0.6
0.25,1.666666666666667,0.7856363146781559,0.6186885978090477
0.25,2,0.7761140001162655,0.6305926250944657
0.25,2.333333333333333,0.7693461832991668,0.6388320986323438
0.25,2.666666666666667,0.7642914835078909,0.644870939209783
0.25,3,0.7603736781933834,0.649485850123515
0.25,3.333333333333333,0.757248519517734,0.6531268480840455
0.25,3.666666666666667,0.7546978302145749,0.6560725455842612
0.25,4,0.7525766947068778,0.6585046078685181
0.5,-4,-0.7525766947068778,-0.6585046078685181
0.5,-3.666666666666667,-0.7483469392281404,-0.6633075143158518
0.5,-3.333333333333333,-0.7432941462471663,-0.6689647316224496
0.5,-3,-0.7371541402007414,-0.6757246285173463
0.5,-2.666666666666667,-0.7295372041400852,-0.6839411288813297
0.5,-2.333333333333333,-0.7198442954206851,-0.6941355705842319
0.5,-2,-0.7071067811865475,-0.7071067811865475
0.5,-1.666666666666667,-0.689655172413793,-0.7241379310344827
0.5,-1.333333333333333,-0.6643638388299198,-0.7474093186836597
0.5,-1,-0.6246950475544243,-0.7808688094430304
0.5,-0.6666666666666669,-0.5547001962252293,-0.8320502943378437
0.5,-0.3333333333333335,-0.4061384660534477,-0.9138115486202572
0.5,0,0,-1
0.5,0.3333333333333335,0.8000000000000004,-0.5999999999999995
0.5,0.6666666666666669,1,1.665334536937734e-16
0.5,1,0.9701425001453319,0.2425356250363331
0.5,1.333333333333333,0.9363291775690445,0.3511234415883916
0.5,1.666666666666667,0.9119215051751064,0.4103646773287978
0.5,2,0.8944271909999159,0.4472135954999579
0.5,2.333333333333333,0.881479970028782,0.4722214125154189
0.5,2.666666666666667,0.8715755371245494,0.490261239632559
0.5,3,0.8637789008984335,0.5038710255240862
0.5,3.333333333333333,0.8574929257125442,0.5144957554275265
0.5,3.666666666666667,0.8523227286486655,0.5230162198525903
0.5,4,0.847998304005088,0.52999894000318
0.75,-4,-0.847998304005088,-0.52999894000318
0.75,-3.666666666666667,-0.8414890274326332,-0.5402742051129974
0.75,-3.333333333333333,-0.8336499923211392,-0.5522931199127548
0.75,-3,-0.8240419241993676,-0.5665288228870652
0.75,-2.666666666666667,-0.8120153713427134,-0.5836360481525752
0.75,-2.333333333333333,-0.7965731653334005,-0.6045421344048129
0.75,-2,-0.7761140001162655,-0.6305926250944657
0.75,-1.666666666666667,-0.7479249036955813,-0.6637833520298284
0.75,-1.333333333333333,-0.7071067811865476,-0.7071067811865476
0.75,-1,-0.6441357457827798,-0.7649111981170508
0.75,-0.6666666666666669,-0.5390536964233673,-0.8422714006615113
0.75,-0.3333333333333335,-0.3487337120214185,-0.9372218510575617
0.75,0,0,-1
0.75,0.3333333333333335,0.483077342911335,-0.875577684026794
0.75,0.6666666666666669,0.8240419241993677,-0.5665288228870651
0.75,1,0.9544799780350297,-0.2982749931359466
0.75,1.333333333333333,0.9922778767136676,-0.1240347345892084
0.75,1.666666666666667,0.9999218841540815,-0.01249902355192597
0.75,2,0.9980525784828885,0.06237828615518053
0.75,2.333333333333333,0.9933310228137114,0.1152973508623059
0.75,2.666666666666667,0.9880120337511015,0.1543768802736096
0.75,3,0.9828721869343219,0.1842885350501854
0.75,3.333333333333333,0.9781588509178574,0.2078587558200447
0.75,3.666666666666667,0.9739227813853714,0.2268797388454558
0.75,4,0.9701425001453319,0.242535625036333
1,-4,-0.9701425001453319,-0.242535625036333
1,-3.666666666666667,-0.9647638212377322,-0.2631174057921088
1,-3.333333333333333,-0.9578262852211513,-0.2873478855663454
1,-3,-0.9486832980505138,-0.3162277660168379
1,-2.666666666666667,-0.9363291775690445,-0.3511234415883916
1,-2.333333333333333,-0.9191450300180578,-0.3939192985791676
1,-2,-0.8944271909999159,-0.4472135954999579
1,-1.666666666666667,-0.8574929257125442,-0.5144957554275265
1,-1.333333333333333,-0.8,-0.6
1,-1,-0.7071067811865477,-0.7071067811865475
1,-0.6666666666666669,-0.5547001962252293,-0.8320502943378437
1,-0.3333333333333335,-0.3162277660168381,-0.9486832980505138
1,0,0,-1
1,0.3333333333333335,0.3162277660168381,-0.9486832980505138
1,0.6666666666666669,0.5547001962252293,-0.8320502943378437
1,1,0.7071067811865477,-0.7071067811865475
1,1.333333333333333,0.8,-0.6
1,1.666666666666667,0.8574929257125442,-0.5144957554275265
1,2,0.8944271909999159,-0.4472135954999579
1,2.333333333333333,0.9191450300180578,-0.3939192985791676
1,2.666666666666667,0.9363291775690445,-0.3511234415883916
1,3,0.9486832980505138,-0.3162277660168379
1,3.333333333333333,0.9578262852211513,-0.2873478855663454
1,3.666666666666667,0.9647638212377322,-0.2631174057921088
1,4,0.9701425001453319,-0.242535625036333
1.25,-4,-0.9701425001453319,0.242535625036333
1.25,-3.666666666666667,-0.9763174071997253,0.2163430618226664
1.25,-3.333333333333333,-0.9828721869343219,0.1842885350501853
1.25,-3,-0.9895329810632816,0.1443068930717286
1.25,-2.666666666666667,-0.9956342260592881,0.09334070869305833
1.25,-2.333333333333333,-0.9996414556783739,0.02677611041995644
1.25,-2,-0.9980525784828885,-0.06237828615518053
1.25,-1.666666666666667,-0.9828721869343219,-0.1842885350501853
1.25,-1.333333333333333,-0.9363291775690445,-0.3511234415883916
1.25,-1,-0.8240419241993677,-0.5665288228870651
1.25,-0.6666666666666669,-0.6060432152628563,-0.7954317200324986
1.25,-0.3333333333333335,-0.299340074537325,-0.954146487587723
1.25,0,0,-1
1.25,0.3333333333333335,0.2258904820182872,-0.9741527037038629
1.25,0.6666666666666669,0.3795563562563061,-0.9251686183747457
1.25,1,0.4830773429113348,-0.8755776840267941
1.25,1.333333333333333,0.5547001962252291,-0.8320502943378437
1.25,1.666666666666667,0.6060432152628562,-0.7954317200324987
1.25,2,0.6441357457827797,-0.7649111981170508
1.25,2.333333333333333,0.6732709887595629,-0.7393958180127342
1.25,2.666666666666667,0.6961458360737502,-0.7179003934510548
1.25,3,0.7145104264934942,-0.699624792608213
1.25,3.333333333333333,0.729537204140085,-0.6839411288813297
1.25,3.666666666666667,0.7420349879566062,-0.6703611538926159
1.25,4,0.7525766947068778,-0.6585046078685181
1.5,-4,-0.7525766947068778,0.6585046078685181
1.5,-3.666666666666667,-0.7653620859054907,0.6435999358750717
1.5,-3.333333333333333,-0.7808688094430303,0.6246950475544243
1.5,-3,-0.8,0.6
1.5,-2.666666666666667,-0.8240419241993675,0.5665288228870653
1.5,-2.333333333333333,-0.8547875152217289,0.5189781342417641
1.5,-2,-0.8944271909999159,0.4472135954999579
1.5,-1.666666666666667,-0.9438583563660173,0.3303504247281061
1.5,-1.333333333333333,-0.9922778767136676,0.1240347345892087
1.5,-1,-0.9701425001453319,-0.2425356250363327
1.5,-0.6666666666666669,-0.7071067811865477,-0.7071067811865472
1.5,-0.3333333333333335,-0.2940858488375234,-0.95577900872195
1.5,0,0,-1
1.5,0.3333333333333335,0.1713411747512478,-0.9852117548196745
1.5,0.6666666666666669,0.2747211278973781,-0.9615239476408231
1.5,1,0.3417430630867044,-0.939793423488437
1.5,1.333333333333333,0.3880570000581328,-0.9216353751380653
1.5,1.666666666666667,0.4217307497155847,-0.9067211118885072
1.5,2,0.4472135954999579,-0.8944271909999159
1.5,2.333333333333333,0.4671210330955523,-0.8841933840737239
1.5,2.666666666666667,0.4830773429113348,-0.8755776840267941
1.5,3,0.4961389383568339,-0.8682431421244593
1.5,3.333333333333333,0.5070201265633938,-0.8619342151577695
1.5,3.666666666666667,0.5162200483655012,-0.8564559893336724
1.5,4,0.5240974256643347,-0.8516583167045439
1.75,-4,-0.5240974256643347,0.8516583167045439
1.75,-3.666666666666667,-0.5335366941537993,0.8457769185733524
1.75,-3.333333333333333,-0.5452278836601583,0.8382878711274934
1.75,-3,-0.5600739035159481,0.8284426489506732
1.75,-2.666666666666667,-0.5795237863600036,0.8149553245687551
1.75,-2.333333333333333,-0.6060432152628562,0.7954317200324986
1.75,-2,-0.6441357457827797,0.7649111981170508
1.75,-1.666666666666667,-0.702701259061168,0.7114850247994325
1.75,-1.333333333333333,-0.7999999999999999,0.6000000000000002
1.75,-1,-0.9544799780350297,0.2982749931359471
1.75,-0.6666666666666669,-0.8715755371245496,-0.4902612396325584
1.75,-0.3333333333333335,-0.2993400745373251,-0.9541464875877228
1.75,0,0,-1
1.75,0.3333333333333335,0.1354910858663002,-0.9907785653973197
1.75,0.6666666666666669,0.208638471770519,-0.9779928364243076
1.75,1,0.2537126883649394,-0.9672796243913313
1.75,1.333333333333333,0.284088329691374,-0.9587981127083872
1.75,1.666666666666667,0.3058854091644685,-0.9520683360244082
1.75,2,0.3222637978043043,-0.946649906050144
1.75,2.333333333333333,0.3350096676548056,-0.9422146902791406
1.75,2.666666666666667,0.3452053934179291,-0.9385271633549946
1.75,3,0.3535438002339769,-0.9354179714523971
1.75,3.333333333333333,0.3604883870466232,-0.9327637014831376
1.75,3.666666666666667,0.3663606987959941,-0.9304729111466443
1.75,4,0.3713906763541037,-0.9284766908852594
2,-4,-0.3713906763541037,0.9284766908852594
2,-3.666666666666667,-0.3772968873135195,0.9260923597695478
2,-3.333333333333333,-0.3846153846153846,0.9230769230769231
2,-3,-0.3939192985791676,0.9191450300180578
2,-2.666666666666667,-0.4061384660534477,0.913811548620257
2,-2.333333333333333,-0.4228854653311239,0.9061831399952655
2,-2,-0.4472135954999579,0.8944271909999159
2,-1.666666666666667,-0.4856429311786321,0.8741572761215377
2,-1.333333333333333,-0.5547001962252291,0.8320502943378437
2,-1,-0.7071067811865474,0.7071067811865478
2,-0.6666666666666669,-1,6.661338147750937e-16
2,-0.3333333333333335,-0.3162277660168383,-0.9486832980505137
2,0,0,-1
2,0.3333333333333335,0.1104315260748466,-0.993883734673619
2,0.6666666666666669,0.1643989873053573,-0.9863939238321436
2,1,0.196116135138184,-0.9805806756909201
2,1.333333333333333,0.2169304578186562,-0.9761870601839527
2,1.666666666666667,0.2316205273060397,-0.9728062146853669
2,2,0.242535625036333,-0.9701425001453319
2,2.333333333333333,0.2509621587837262,-0.9679968981658008
2,2.666666666666667,0.2576626505603324,-0.9662349396012463
2,3,0.2631174057921088,-0.9647638212377322
2,3.333333333333333,0.2676438637860946,-0.9635179096299407
2,3.666666666666667,0.2714601650218062,-0.9624496759864039
2,4,0.2747211278973781,-0.9615239476408232
2.25,-4,-0.2747211278973781,0.9615239476408232
2.25,-3.666666666666667,-0.2784806640556279,0.960441835691853
2.25,-3.333333333333333,-0.2831242070926215,0.9590832515262554
2.25,-3,-0.2890045919356118,0.9573277107867141
2.25,-2.666666666666667,-0.2966908236787135,0.954973588715859
2.25,-2.333333333333333,-0.3071630363436988,0.9516569072434243
2.25,-2,-0.3222637978043043,0.946649906050144
2.25,-1.666666666666667,-0.3459057231631992,0.938269274080178
2.25,-1.333333333333333,-0.3880570000581328,0.9216353751380653
2.25,-1,-0.4830773429113347,0.8755776840267944
2.25,-0.6666666666666669,-0.8240419241993674,0.5665288228870656
2.25,-0.3333333333333335,-0.3487337120214187,-0.9372218510575615
2.25,0,0,-1
2.25,0.3333333333333335,0.09209252752516446,-0.9957504538658404
2.25,0.6666666666666669,0.133254699246715,-0.9910818256474425
2.25,1,0.1564647204953325,-0.9876835481267862
2.25,1.333333333333333,0.1713411747512477,-0.9852117548196745
2.25,1.666666666666667,0.1816826273270196,-0.9833572204074934
2.25,2,0.1892861622639981,-0.9819219667444899
2.25,2.333333333333333,0.1951109960904722,-0.9807811678476416
2.25,2.666666666666667,0.1997154521600573,-0.979853937160281
2.25,3,0.2034464568190837,-0.9790860734418404
2.25,3.333333333333333,0.2065308878382298,-0.9784400811336138
2.25,3.666666666666667,0.2091233435853709,-0.9778892714247739
2.25,4,0.2113327925275389,-0.9774141654398673
2.5,-4,-0.2113327925275389,0.9774141654398673
2.5,-3.666666666666667,-0.213841817107177,0.9768683008759679
2.5,-3.333333333333333,-0.2169304578186562,0.9761870601839527
2.5,-3,-0.2208256525977952,0.9753132989735953
2.5,-2.666666666666667,-0.225890482018287,0.9741527037038629
2.5,-2.333333333333333,-0.2327441373762986,0.9725380026081051
2.5,-2,-0.242535625036333,0.9701425001453319
2.5,-1.666666666666667,-0.2576626505603324,0.9662349396012463
2.5,-1.333333333333333,-0.284088329691374,0.9587981127083872
2.5,-1,-0.3417430630867043,0.939793423488437
2.5,-0.6666666666666669,-0.5547001962252288,0.8320502943378438
2.5,-0.3333333333333335,-0.4061384660534483,-0.9138115486202568
2.5,0,0,-1
2.5,0.3333333333333335,0.07819124531863153,-0.9969383778125516
2.5,0.6666666666666669,0.1104315260748465,-0.9938837346736188
2.5,1,0.1279713376301968,-0.9917778666340251
2.5,1.333333333333333,0.1389886283721887,-0.9902939771518444
2.5,1.666666666666667,0.1465486610894624,-0.9892034623538708
2.5,2,0.1520571842539411,-0.9883716976506172
2.5,2.333333333333333,0.156249124184012,-0.9877176778775042
2.5,2.666666666666667,0.1595459401862968,-0.9871905049027117
2.5,3,0.1622066002983228,-0.9867568184814636
2.5,3.333333333333333,0.1643989873053573,-0.9863939238321439
2.5,3.666666666666667,0.1662366998116685,-0.9860858784283065
2.5,4,0.1677993480483621,-0.985821169784127
2.75,-4,-0.1677993480483621,0.985821169784127
2.75,-3.666666666666667,-0.16955204051065,0.9855212354681531
2.75,-3.333333333333333,-0.1717034732464125,0.9851486777512918
2.75,-3,-0.1744071367891643,0.9846736264554898
2.75,-2.666666666666667,-0.1779068619921848,0.9840473303942721
2.75,-2.333333333333333,-0.1826147099112286,0.983184554254204
2.75,-2,-0.1892861622639981,0.9819219667444899
2.75,-1.666666666666667,-0.1994714774270593,0.9799036328604289
2.75,-1.333333333333333,-0.2169304578186561,0.9761870601839527
2.75,-1,-0.2537126883649393,0.9672796243913314
2.75,-0.6666666666666669,-0.3795563562563058,0.9251686183747458
2.75,-0.3333333333333335,-0.509802390301734,-0.8602915336341737
2.75,0,0,-1
2.75,0.3333333333333335,0.06735722687585832,-0.9977289230986512
2.75,0.6666666666666669,0.09316033864514239,-0.9956511192699592
2.75,1,0.1067687389194774,-0.9942838811876337
2.75,1.333333333333333,0.1151705201197911,-0.9933457360331984
2.75,1.666666666666667,0.1208728160815142,-0.9926680020694354
2.75,2,0.1249961854773485,-0.9921572222264535
2.75,2.333333333333333,0.1281165187448385,-0.9917591227837047
2.75,2.666666666666667,0.1305600530596163,-0.9914404029214617
2.75,3,0.132525407272783,-0.9911796085610232
2.75,3.333333333333333,0.1341404175287585,-0.9909623344937033
2.75,3.666666666666667,0.1354910858663001,-0.9907785653973197
2.75,4,0.136637397137031,-0.9906211292434748
3,-4,-0.136637397137031,0.9906211292434748
3,-3.666666666666667,-0.1379100299457416,0.9904447605194168
3,-3.333333333333333,-0.1394685218458926,0.9902265051058378
3,-3,-0.1414213562373095,0.9899494936611665
3,-2.666666666666667,-0.1439398457141108,0.9895864392845115
3,-2.333333333333333,-0.1473113030887813,0.9890901778818174
3,-2,-0.1520571842539411,0.9883716976506172
3,-1.666666666666667,-0.1592324388246205,0.9872411207126472
3,-1.333333333333333,-0.1713411747512477,0.9852117548196745
3,-1,-0.196116135138184,0.9805806756909202
3,-0.6666666666666669,-0.2747211278973779,0.9615239476408231
3,-0.3333333333333335,-0.7071067811865495,-0.7071067811865456
3,0,0,-1
3,0.3333333333333335,0.05872202195147037,-0.998274373174996
3,0.6666666666666669,0.07974522228288999,-0.9968152785361249
3,1,0.09053574604251853,-0.9958932064677039
3,1.333333333333333,0.09709996428542596,-0.995274633925616
3,1.666666666666667,0.1015136880133945,-0.994834142531266
3,2,0.1046847845180428,-0.9945054529214061
3,2.333333333333333,0.1070731997199514,-0.9942511402566916
3,2.666666666666667,0.1089368408988669,-0.9940486732021602
3,3,0.1104315260748465,-0.9938837346736189
3,3.333333333333333,0.1116569451816851,-0.993746812116997
3,3.666666666666667,0.1126798434254133,-0.9936313465695535
3,4,0.1135465911607319,-0.9935326726564043
