t,r,y,ym,yf,feedback,e,u,delta
0,0.15,0,-0.010564702,-0.010564702,-0.010564702,0.1605647,0.34521411,0.34521411
0.02,0.15,0.0043096869,0.054629339,-0.0081940095,0.054629339,0.095370661,0.20504692,0.33400073
0.04,0.15,0.0084686085,0.037526511,-0.0065314451,0.037526511,0.11247349,0.241818,0.32662612
0.06,0.15,0.012371937,0.089066827,-0.0030551443,0.089066827,0.060933173,0.13100632,0.31097653
0.08,0.15,0.016241982,-0.002337661,-0.003029054,-0.002337661,0.15233766,0.32752597,0.31230049
0.1,0.15,0.020059737,0.0058053226,-0.002707804,0.0058053226,0.14419468,0.31001856,0.31211793
0.12,0.15,0.023858049,-0.0086073962,-0.0029223346,-0.0086073962,0.1586074,0.3410059,0.31442897
0.14,0.15,0.027672735,-0.025706656,-0.0037508554,-0.025706656,0.17570666,0.37776931,0.3194962
0.16,0.15,0.031476015,-0.015642054,-0.0041832626,-0.015642054,0.16564205,0.35613042,0.32242693
0.18,0.15,0.035178291,0.023432361,-0.0031790581,0.023432361,0.12656764,0.27212042,0.31840241
0.2,0.15,0.038827412,0.0043316511,-0.0029059414,0.0043316511,0.14566835,0.31318695,0.31798518
0.22,0.15,0.042154053,0.12618766,0.0017883714,0.12618766,0.02381234,0.051196531,0.29664209
0.24,0.15,0.045378069,0.038926863,0.003138862,0.038926863,0.11107314,0.23880724,0.2920153
0.26,0.15,0.048380572,0.095244271,0.0064881496,0.095244271,0.054755729,0.11772482,0.27807206
0.28,0.15,0.051425144,-0.015747623,0.0056795761,-0.015747623,0.16574762,0.35635739,0.28433489
0.3,0.15,0.054608169,-0.062334226,0.0032063469,-0.062334226,0.21233423,0.45651859,0.29810958
0.32,0.15,0.057528732,0.1110991,0.0071297198,0.1110991,0.038900899,0.083636933,0.28095177
0.34,0.15,0.060288105,0.074973575,0.009596769,0.074973575,0.075026425,0.16130681,0.27138017
0.36,0.15,0.063061553,0.0013920637,0.0092984161,0.0013920637,0.14860794,0.31950706,0.27523032
0.38,0.15,0.065560944,0.12934621,0.01366379,0.12934621,0.020653789,0.044405646,0.25676435
0.4,0.15,0.067860928,0.10589231,0.017017555,0.10589231,0.04410769,0.094831534,0.24380973
0.42,0.15,0.070145065,0.030368997,0.017503062,0.030368997,0.119631,0.25720666,0.24488148
0.44,0.15,0.072198773,0.12664805,0.02147197,0.12664805,0.023351951,0.050206695,0.2293075
0.46,0.15,0.074149584,0.077769316,0.023519147,0.077769316,0.072230684,0.15529597,0.22338657
0.48,0.15,0.076069667,0.048602367,0.024431264,0.048602367,0.10139763,0.21800491,0.22295604
0.5,0.15,0.077764663,0.13655628,0.028508537,0.13655628,0.01344372,0.028903998,0.20743188
0.52,0.15,0.079516069,0.0182482,0.028135434,0.0182482,0.1317518,0.28326637,0.21349864
0.54,0.15,0.081474944,-0.052965676,0.025186303,-0.052965676,0.20296568,0.4363762,0.23132884
0.56,0.15,0.083179934,0.1454119,0.029558143,0.1454119,0.0045880953,0.0098644049,0.21361169
0.58,0.15,0.084800871,0.078605799,0.031341694,0.078605799,0.071394201,0.15349753,0.20880256
0.6,0.15,0.086435589,0.037249099,0.031556509,0.037249099,0.1127509,0.24241444,0.21149151
0.62,0.15,0.087911389,0.11373322,0.034544753,0.11373322,0.036266783,0.077973583,0.20081007
0.64,0.15,0.089423678,0.031578133,0.034436875,0.031578133,0.11842187,0.25460701,0.20511383
0.66,0.15,0.090838507,0.089720104,0.036447175,0.089720104,0.060279896,0.12960178,0.19907286
0.68,0.15,0.092191892,0.076866975,0.037916986,0.076866975,0.073133025,0.157236,0.19572591
0.7,0.15,0.093097657,0.2527862,0.045730411,0.2527862,-0.1027862,-0.22099032,0.16238862
0.72,0.15,0.094004834,0.068567585,0.046560854,0.068567585,0.081432415,0.17507969,0.1634039
0.74,0.15,0.094783469,0.12664278,0.049472924,0.12664278,0.023357215,0.050218013,0.15434903
0.76,0.15,0.095577342,0.066816658,0.050103606,0.066816658,0.083183342,0.17884419,0.15630864
0.78,0.15,0.096355601,0.079718288,0.051180503,0.079718288,0.070281712,0.15110568,0.15589241
0.8,0.15,0.097135819,0.072084236,0.051940639,0.072084236,0.077915764,0.16751889,0.15682253
0.82,0.15,0.097803751,0.12311744,0.054528886,0.12311744,0.02688256,0.057797504,0.14890052
0.84,0.15,0.09857484,0.030379769,0.053650736,0.030379769,0.11962023,0.2571835,0.15756316
0.86,0.15,0.099310833,0.088045529,0.054901456,0.088045529,0.061954471,0.13320211,0.15561428
0.88,0.15,0.10013711,0.032660438,0.054092692,0.032660438,0.11733956,0.25228006,0.16334754
0.9,0.15,0.10086176,0.11501584,0.056308079,0.11501584,0.034984155,0.075215934,0.15629701
0.92,0.15,0.10161041,0.062271926,0.056524946,0.062271926,0.087728074,0.18861536,0.15888248
0.94,0.15,0.10225535,0.11847914,0.058777826,0.11847914,0.031520859,0.067769848,0.15159347
0.96,0.15,0.1027644,0.13697297,0.061621286,0.13697297,0.013027028,0.02800811,0.14170664
0.98,0.15,0.10306441,0.17532143,0.065755837,0.17532143,-0.02532143,-0.054441075,0.12601482
1,0.15,0.1032802,0.12758735,0.068004256,0.12758735,0.022412645,0.048187187,0.11978861
1.02,0.15,0.10324688,0.20527757,0.072996012,0.20527757,-0.055277566,-0.11884677,0.10069778
1.04,0.15,0.10339218,0.022874612,0.071173416,0.022874612,0.12712539,0.27331958,0.11450753
1.06,0.15,0.10364061,0.049425851,0.070382595,0.049425851,0.10057415,0.21623442,0.12264568
1.08,0.15,0.1038649,0.1023889,0.071546461,0.1023889,0.047611095,0.10236386,0.12102313
1.1,0.15,0.10409528,0.089666353,0.072205366,0.089666353,0.060333647,0.12971734,0.12171867
1.12,0.15,0.10433445,0.088079687,0.072782614,0.088079687,0.061920313,0.13312867,0.12263147
1.14,0.15,0.10457803,0.089586671,0.073393671,0.089586671,0.060413329,0.12988866,0.12321204
1.16,0.15,0.10488975,0.060576119,0.072927578,0.060576119,0.089423881,0.19226134,0.12873599
1.18,0.15,0.1052453,0.068559055,0.072768723,0.068559055,0.081440945,0.17509803,0.13244495
1.2,0.15,0.10561501,0.079950142,0.073029865,0.079950142,0.070049858,0.1506072,0.13389793
1.22,0.15,0.10586495,0.13953961,0.075448401,0.13953961,0.010460395,0.022489849,0.12498528
1.24,0.15,0.10604399,0.12236231,0.077154362,0.12236231,0.027637686,0.059421024,0.11974014
1.26,0.15,0.10619499,0.10589656,0.078199533,0.10589656,0.044103435,0.094822386,0.11774672
1.28,0.15,0.10633101,0.10110536,0.079032472,0.10110536,0.048894644,0.10512349,0.11673686
1.3,0.15,0.10651609,0.072809617,0.078806186,0.072809617,0.077190383,0.16595932,0.12067466
1.32,0.15,0.10678296,0.055942378,0.077974775,0.055942378,0.094057622,0.20222389,0.1271986
1.34,0.15,0.10721155,0.016422191,0.075736499,0.016422191,0.13357781,0.28719229,0.13999809
1.36,0.15,0.10743719,0.17383166,0.079303596,0.17383166,-0.023831661,-0.051238071,0.1246992
1.38,0.15,0.10756462,0.13494231,0.081326822,0.13494231,0.015057687,0.032374026,0.11731319
1.4,0.15,0.10763418,0.12077261,0.082761214,0.12077261,0.029227387,0.062838881,0.11295524
1.42,0.15,0.10793548,-0.0073586553,0.079484128,-0.0073586553,0.15735866,0.33832111,0.13098451
1.44,0.15,0.10788483,0.24590344,0.08553574,0.24590344,-0.095903438,-0.20619239,0.10401036
1.46,0.15,0.10777656,0.12788326,0.087075649,0.12788326,0.022116737,0.047550985,0.09949361
1.48,0.15,0.10771579,0.08294709,0.08692552,0.08294709,0.06705291,0.14416376,0.10306722
1.5,0.15,0.10751571,0.16518621,0.089771363,0.16518621,-0.015186213,-0.032650358,0.092209815
1.52,0.15,0.10733492,0.099585684,0.090128248,0.099585684,0.050414316,0.10839078,0.093504292
1.54,0.15,0.10726966,0.055503657,0.088869172,0.055503657,0.094496343,0.20316714,0.10227732
1.56,0.15,0.10726426,0.075838962,0.088395346,0.075838962,0.074161038,0.15944623,0.10685083
1.58,0.15,0.10727818,0.091623628,0.088512738,0.091623628,0.058376372,0.1255092,0.1083435
1.6,0.15,0.10706328,0.20263156,0.092662513,0.20263156,-0.052631559,-0.11315785,0.090623394
1.62,0.15,0.10686905,0.099784109,0.09292148,0.099784109,0.050215891,0.10796417,0.092010656
1.64,0.15,0.10651883,0.17862274,0.09603789,0.17862274,-0.028622735,-0.061538881,0.079726693
1.66,0.15,0.10617616,0.11154862,0.096601916,0.11154862,0.038451384,0.082670476,0.079962195
1.68,0.15,0.10569693,0.17633698,0.099501373,0.17633698,-0.026336984,-0.056624515,0.069035259
1.7,0.15,0.10533996,0.06558282,0.098267971,0.06558282,0.08441718,0.18149694,0.078032193
1.72,0.15,0.10484528,0.17783333,0.10116126,0.17783333,-0.027833329,-0.059841656,0.067002285
1.74,0.15,0.10432186,0.13466257,0.10237949,0.13466257,0.015337426,0.032975467,0.064280139
1.76,0.15,0.10376015,0.14040018,0.10376206,0.14040018,0.0095998192,0.020639611,0.060788897
1.78,0.15,0.10329532,0.081336293,0.10294657,0.081336293,0.068663707,0.14762697,0.067735943
1.8,0.15,0.10313993,-0.01822938,0.098540177,-0.01822938,0.16822938,0.36169317,0.091252521
1.82,0.15,0.10320695,0.0082426123,0.095256629,0.0082426123,0.14175739,0.30477838,0.10833459
1.84,0.15,0.10330569,0.084934122,0.094881265,0.084934122,0.065065878,0.13989164,0.11085915
1.86,0.15,0.10343582,0.08371802,0.094475329,0.08371802,0.06628198,0.14250626,0.11339092
1.88,0.15,0.10352564,0.11467064,0.095209704,0.11467064,0.035329362,0.075958129,0.1103963
1.9,0.15,0.10348004,0.15914216,0.09753452,0.15914216,-0.0091421603,-0.019655645,0.099992143
1.92,0.15,0.10343394,0.10398493,0.097769081,0.10398493,0.046015067,0.098932394,0.099907363
1.94,0.15,0.1034473,0.077011228,0.09701425,0.077011228,0.072988772,0.15692586,0.10446884
1.96,0.15,0.10360792,0.034973957,0.094758239,0.034973957,0.11502604,0.24730599,0.11589581
1.98,0.15,0.10383075,0.067133167,0.093753691,0.067133167,0.082866833,0.17816369,0.12087724
2,0.15,0.10406307,0.088206546,0.093551977,0.088206546,0.061793454,0.13285593,0.12183554
2.02,0.15,0.10440139,0.044220859,0.091758118,0.044220859,0.10577914,0.22742515,0.13028271
2.04,0.15,0.10469725,0.10656866,0.092296683,0.10656866,0.043431341,0.093377383,0.12733028
2.06,0.15,0.10502532,0.074539698,0.091650974,0.074539698,0.075460302,0.16223965,0.13012303
2.08,0.15,0.10531932,0.10292483,0.092060933,0.10292483,0.047075169,0.10121161,0.12781012
2.1,0.15,0.10529915,0.23040076,0.097091472,0.23040076,-0.080400759,-0.17286163,0.10375638
2.12,0.15,0.10493356,0.25750317,0.10292462,0.25750317,-0.10750317,-0.23113182,0.076965322
2.14,0.15,0.10445942,0.16523265,0.10519037,0.16523265,-0.015232651,-0.032750199,0.06818808
2.16,0.15,0.10414682,0.048255722,0.10312002,0.048255722,0.10174428,0.2187502,0.08023305
2.18,0.15,0.10399494,0.042083505,0.10090051,0.042083505,0.1079165,0.23202046,0.092376043
2.2,0.15,0.10391303,0.076390822,0.10000925,0.076390822,0.073609178,0.15825973,0.097646738
2.22,0.15,0.10390653,0.071080378,0.09895729,0.071080378,0.078919622,0.16967719,0.10340917
2.24,0.15,0.10390169,0.10118919,0.09903845,0.10118919,0.048810806,0.10494323,0.1035319
2.26,0.15,0.10393881,0.082969501,0.098454125,0.082969501,0.067030499,0.14411557,0.10677859
2.28,0.15,0.10392603,0.12260825,0.099332457,0.12260825,0.027391748,0.058892258,0.10294769
2.3,0.15,0.10399626,0.064782672,0.098076101,0.064782672,0.085217328,0.18321725,0.10936925
2.32,0.15,0.10380047,0.21858687,0.10245831,0.21858687,-0.068586865,-0.14746176,0.088822771
2.34,0.15,0.10362853,0.099082167,0.10233554,0.099082167,0.050917833,0.10947334,0.090474816
2.36,0.15,0.10374372,-0.020458212,0.097870314,-0.020458212,0.17045821,0.36648516,0.11255564
2.38,0.15,0.10376975,0.13715081,0.099298696,0.13715081,0.012849188,0.027625754,0.10576125
2.4,0.15,0.10398504,0.01538288,0.096247212,0.01538288,0.13461712,0.28942681,0.1204545
2.42,0.15,0.10424489,0.072643624,0.0953889,0.072643624,0.077356376,0.16631621,0.12412343
2.44,0.15,0.10460102,0.047373533,0.093642886,0.047373533,0.10262647,0.2206469,0.13184531
2.46,0.15,0.10501629,0.059960856,0.092418085,0.059960856,0.090039144,0.19358416,0.13678442
2.48,0.15,0.10540788,0.094633909,0.092498661,0.094633909,0.055366091,0.1190371,0.13536463
2.5,0.15,0.10590672,0.036439854,0.090460159,0.036439854,0.11356015,0.24415431,0.14406781
2.52,0.15,0.10634461,0.10755361,0.091081739,0.10755361,0.042446386,0.091259729,0.13984316
2.54,0.15,0.10657216,0.17718857,0.094212896,0.17718857,-0.027188566,-0.058455418,0.12397928
2.56,0.15,0.10677906,0.10031032,0.094434621,0.10031032,0.049689683,0.10683282,0.12260756
2.58,0.15,0.10696743,0.10012381,0.0946415,0.10012381,0.049876189,0.10723381,0.12137766
2.6,0.15,0.10707257,0.12995339,0.095925569,0.12995339,0.020046606,0.043100203,0.11511546
2.62,0.15,0.10717507,0.097035346,0.095965925,0.097035346,0.052964654,0.11387401,0.11501615
2.64,0.15,0.10741838,0.032458438,0.093656561,0.032458438,0.11754156,0.25271436,0.126032
2.66,0.15,0.10774926,0.050511162,0.092087638,0.050511162,0.099488838,0.213901,0.13306152
2.68,0.15,0.10785212,0.18892793,0.095609103,0.18892793,-0.03892793,-0.083695049,0.115721
2.7,0.15,0.10794613,0.099567827,0.095753057,0.099567827,0.050432173,0.10842917,0.11513765
2.72,0.15,0.10814065,0.050609521,0.094111473,0.050609521,0.099390479,0.21368953,0.1230218
2.74,0.15,0.1083424,0.088396026,0.093903639,0.088396026,0.061603974,0.13244854,0.12377594
2.76,0.15,0.10865285,0.042277591,0.092026328,0.042277591,0.10772241,0.23160318,0.13240212
2.78,0.15,0.10903039,0.056381447,0.090730151,0.056381447,0.093618553,0.20127989,0.13791234
2.8,0.15,0.10934993,0.10979533,0.09142343,0.10979533,0.040204668,0.086440037,0.13379456
2.82,0.15,0.10991099,-0.022916203,0.087265625,-0.022916203,0.1729162,0.37176984,0.15283258
2.84,0.15,0.11043525,0.09223832,0.08744645,0.09223832,0.05776168,0.12418761,0.15054098
2.86,0.15,0.1110697,0.027282044,0.085258654,0.027282044,0.12271796,0.26384361,0.15960519
2.88,0.15,0.11160771,0.11553149,0.086359484,0.11553149,0.034468511,0.074107298,0.15276536
2.9,0.15,0.11217719,0.061638634,0.085460544,0.061638634,0.088361366,0.18997694,0.15574229
2.92,0.15,0.11268844,0.10048588,0.08600692,0.10048588,0.049514116,0.10645535,0.15179933
2.94,0.15,0.11314812,0.099661084,0.086503435,0.099661084,0.050338916,0.10822867,0.14831368
2.96,0.15,0.11346905,0.14086399,0.088480183,0.14086399,0.0091360124,0.019642427,0.13801998
2.98,0.15,0.11378325,0.086971732,0.08842533,0.086971732,0.063028268,0.13551078,0.13781924
3,0.15,0.11430905,-0.01127325,0.084799927,-0.01127325,0.16127325,0.34673749,0.1545327
3.02,0.15,0.11455821,0.19971503,0.088978658,0.19971503,-0.049715032,-0.10688732,0.1336191
3.04,0.15,0.11458785,0.18531402,0.092481762,0.18531402,-0.035314021,-0.075925145,0.11685556
3.06,0.15,0.1142894,0.24331073,0.097966452,0.24331073,-0.093310732,-0.20061807,0.09145767
3.08,0.15,0.11388784,0.15565224,0.10006412,0.15565224,-0.0056522404,-0.012152317,0.083168871
3.1,0.15,0.11361777,0.054405957,0.09840382,0.054405957,0.095594043,0.20552719,0.092957537
3.12,0.15,0.11344405,0.064922562,0.09718632,0.064922562,0.085077438,0.18291649,0.10015425
3.14,0.15,0.11349165,0.0047016947,0.093823243,0.0047016947,0.14529831,0.31239136,0.11713322
3.16,0.15,0.11364881,0.045878408,0.092079794,0.045878408,0.10412159,0.22386142,0.12567148
3.18,0.15,0.11383514,0.077490078,0.091549259,0.077490078,0.072509922,0.15589633,0.12808947
3.2,0.15,0.11417581,0.019798782,0.088940151,0.019798782,0.13020122,0.27993262,0.14023692
3.22,0.15,0.1145316,0.075981505,0.088468927,0.075981505,0.074018495,0.15913976,0.14174915
3.24,0.15,0.11482975,0.10796937,0.089178034,0.10796937,0.042030629,0.090365853,0.13763848
3.26,0.15,0.11489444,0.18944165,0.092823984,0.18944165,-0.03944165,-0.084799547,0.11984344
3.28,0.15,0.11487187,0.13320045,0.094292219,0.13320045,0.016799549,0.03611903,0.11314549
3.3,0.15,0.11493346,0.059587088,0.093030214,0.059587088,0.090412912,0.19438776,0.11964487
3.32,0.15,0.1150242,0.080859826,0.092587655,0.080859826,0.069140174,0.14865137,0.12196539
3.34,0.15,0.11503271,0.12978979,0.09394046,0.12978979,0.020210207,0.043451944,0.11568431
3.36,0.15,0.11503653,0.098261061,0.094097573,0.098261061,0.051738939,0.11123872,0.11532867
3.38,0.15,0.11515124,0.04637282,0.092362127,0.04637282,0.10362718,0.22279844,0.12392625
3.4,0.15,0.11535048,0.053603396,0.090952719,0.053603396,0.096396604,0.2072527,0.13059236
3.42,0.15,0.11559683,0.066872099,0.09007706,0.066872099,0.083127901,0.17872499,0.13444297
3.44,0.15,0.11522307,0.36544992,0.10009062,0.36544992,-0.21544992,-0.46321733,0.086630149
3.46,0.15,0.11464572,0.2036107,0.10385498,0.2036107,-0.053610697,-0.115263,0.070478697
3.48,0.15,0.11411666,0.098819233,0.10367187,0.098819233,0.051180767,0.11003865,0.073643494
3.5,0.15,0.11342624,0.19152872,0.10686666,0.19152872,-0.041528722,-0.089286753,0.060609074
3.52,0.15,0.11274801,0.12032971,0.10735623,0.12032971,0.029670293,0.063791131,0.060863638
3.54,0.15,0.11211354,0.10592039,0.10730401,0.10592039,0.044079612,0.094771167,0.063576241
3.56,0.15,0.11156241,0.086564868,0.10654986,0.086564868,0.063435132,0.13638553,0.069400984
3.58,0.15,0.11099598,0.12781909,0.10732329,0.12781909,0.022180913,0.047688963,0.067664023
3.6,0.15,0.11060047,0.044807206,0.10504998,0.044807206,0.10519279,0.22616451,0.080344061
3.62,0.15,0.1102783,0.081885936,0.10420765,0.081885936,0.068114064,0.14644524,0.085632155
3.64,0.15,0.10984317,0.16294158,0.10634343,0.16294158,-0.012941577,-0.027824391,0.076555632
3.66,0.15,0.10953968,0.057605932,0.10457116,0.057605932,0.092394068,0.19864725,0.086322961
3.68,0.15,0.10916402,0.14413331,0.10600978,0.14413331,0.005866695,0.012613394,0.080426196
3.7,0.15,0.10870719,0.15135338,0.10765864,0.15135338,-0.0013533778,-0.0029097623,0.073759319
3.72,0.15,0.10833377,0.080763191,0.10668062,0.080763191,0.069236809,0.14885914,0.079767304
3.74,0.15,0.10813585,0.035996101,0.10411027,0.035996101,0.1140039,0.24510838,0.092994591
3.76,0.15,0.10791846,0.11666573,0.10456684,0.11666573,0.033334267,0.071668675,0.091288517
3.78,0.15,0.10763094,0.14040496,0.10587004,0.14040496,0.0095950367,0.020629329,0.085635782
3.8,0.15,0.10743308,0.071443425,0.10461816,0.071443425,0.078556575,0.16889664,0.092296651
3.82,0.15,0.10736422,0.050095745,0.10263553,0.050095745,0.099904255,0.21479415,0.10209645
3.84,0.15,0.10729933,0.10112575,0.10258063,0.10112575,0.048874253,0.10507964,0.10233511
3.86,0.15,0.10714689,0.1422266,0.1040223,0.1422266,0.0077734015,0.016712813,0.095485323
3.88,0.15,0.10692855,0.13616823,0.10519124,0.13616823,0.013831774,0.029738315,0.090225562
3.9,0.15,0.10673988,0.095936093,0.10485469,0.095936093,0.054063907,0.1162374,0.092306509
3.92,0.15,0.10642052,0.16704852,0.10711629,0.16704852,-0.017048521,-0.036654321,0.081989643
3.94,0.15,0.10590284,0.20308276,0.11060598,0.20308276,-0.053082759,-0.11412793,0.066300236
3.96,0.15,0.10560259,0.024203517,0.10746407,0.024203517,0.12579648,0.27046244,0.082633213
3.98,0.15,0.10530723,0.1111074,0.10759655,0.1111074,0.038892599,0.083619087,0.082712083
4,0.72,0.10644934,0.035545958,0.10497653,0.035545958,0.68445404,1.4715762,0.19382121
4.02,0.72,0.10887623,0.044316593,0.10277072,0.044316593,0.67568341,1.4527193,0.29453306
4.04,0.72,0.11227115,0.13271841,0.10385972,0.13271841,0.58728159,1.2626554,0.37198285
4.06,0.72,0.11649126,0.15543309,0.10573512,0.15543309,0.56456691,1.2138189,0.43932973
4.08,0.72,0.1213299,0.21242917,0.1096149,0.21242917,0.50757083,1.0912773,0.49148553
4.1,0.72,0.12687977,0.14280063,0.11082166,0.14280063,0.57719937,1.2409787,0.55144498
4.12,0.72,0.13294206,0.20036205,0.11407767,0.20036205,0.51963795,1.1172216,0.59670711
4.14,0.72,0.13939899,0.2293975,0.11827112,0.2293975,0.4906025,1.0547954,0.63335417
4.16,0.72,0.14636344,0.15919952,0.11975942,0.15919952,0.56080048,1.205721,0.67914352
4.18,0.72,0.15376073,0.16859241,0.12153517,0.16859241,0.55140759,1.1855263,0.71965414
4.2,0.72,0.16149095,0.19226604,0.1241072,0.19226604,0.52773396,1.134628,0.75285205
4.22,0.72,0.16967843,0.11885498,0.12391621,0.11885498,0.60114502,1.2924618,0.79602083
4.24,0.72,0.17823367,0.13645121,0.12437203,0.13645121,0.58354879,1.2546299,0.83270956
4.26,0.72,0.18702232,0.17778082,0.12631417,0.17778082,0.54221918,1.1657712,0.85935449
4.28,0.72,0.19602376,0.1733297,0.12802382,0.1733297,0.5466703,1.1753411,0.88463342
4.3,0.72,0.20536647,0.10243452,0.1270933,0.10243452,0.61756548,1.3277658,0.92008401
4.32,0.72,0.21491943,0.14300401,0.12767187,0.14300401,0.57699599,1.2405414,0.9457206
4.34,0.72,0.22435289,0.27843167,0.13315405,0.27843167,0.44156833,0.94937192,0.94601271
4.36,0.72,0.23381533,0.21209,0.13602445,0.21209,0.50791,1.0920065,0.95769221
4.38,0.72,0.24320193,0.25372024,0.14030429,0.25372024,0.46627976,1.0025015,0.96127695
4.4,0.72,0.25244694,0.28212017,0.14546123,0.28212017,0.43787983,0.94144164,0.95969013
4.42,0.72,0.26171381,0.21003343,0.14780931,0.21003343,0.50996657,1.0964281,0.97062917
4.44,0.72,0.2708395,0.2782772,0.1525536,0.2782772,0.4417228,0.94970403,0.96895516
4.46,0.72,0.27977361,0.30259169,0.15800953,0.30259169,0.41740831,0.89742787,0.96323297
4.48,0.72,0.28845204,0.33524766,0.16445455,0.33524766,0.38475234,0.82721753,0.95235174
4.5,0.72,0.29726313,0.16681584,0.16454042,0.16681584,0.55318416,1.1893459,0.97131128
4.52,0.72,0.30596195,0.2675838,0.16828745,0.2675838,0.4524162,0.97269484,0.97142196
4.54,0.72,0.31452337,0.27951449,0.17233207,0.27951449,0.44048551,0.94704384,0.96947171
4.56,0.72,0.32282529,0.33623172,0.17829206,0.33623172,0.38376828,0.82510181,0.95792212
4.58,0.72,0.33094443,0.30854337,0.18302847,0.30854337,0.41145663,0.88463175,0.95205889
4.6,0.72,0.3385547,0.45926535,0.19307345,0.45926535,0.26073465,0.5605795,0.92074054
4.62,0.72,0.34614625,0.25594142,0.19535955,0.25594142,0.46405858,0.99772594,0.92689937
4.64,0.72,0.35343492,0.38121362,0.20211788,0.38121362,0.33878638,0.72839071,0.91101868
4.66,0.72,0.36048356,0.36205151,0.20793365,0.36205151,0.35794849,0.76958925,0.89970432
4.68,0.72,0.36735217,0.3416686,0.21279674,0.3416686,0.3783314,0.81341252,0.89280098
4.7,0.72,0.37403984,0.34634172,0.21765292,0.34634172,0.37365828,0.80336529,0.88564612
4.72,0.72,0.38046541,0.38728077,0.22382121,0.38728077,0.33271923,0.71534634,0.87202214
4.74,0.72,0.38645647,0.47283949,0.23287642,0.47283949,0.24716051,0.5313951,0.84477198
4.76,0.72,0.39257325,0.2355989,0.23297542,0.2355989,0.4844011,1.0414624,0.86050721
4.78,0.72,0.39844622,0.3940615,0.23883309,0.3940615,0.3259385,0.70076778,0.84772805
4.8,0.72,0.4041911,0.34927577,0.24284919,0.34927577,0.37072423,0.7970571,0.84367438
4.82,0.72,0.40972751,0.38812482,0.24813194,0.38812482,0.33187518,0.71353164,0.83326296
4.84,0.72,0.41502989,0.40569735,0.25386159,0.40569735,0.31430265,0.67575069,0.82066198
4.86,0.72,0.4200405,0.43893327,0.26059147,0.43893327,0.28106673,0.60429347,0.8033525
4.88,0.72,0.42490795,0.38172467,0.26499631,0.38172467,0.33827533,0.72729197,0.79726765
4.9,0.72,0.42973758,0.33791887,0.26764804,0.33791887,0.38208113,0.82147444,0.7992042
4.92,0.72,0.43425879,0.45916257,0.27461221,0.45916257,0.26083743,0.56080047,0.7801319
4.94,0.72,0.43858263,0.41979606,0.27989162,0.41979606,0.30020394,0.64543848,0.76935643
4.96,0.72,0.44267364,0.44193222,0.28578401,0.44193222,0.27806778,0.59784573,0.75563557
4.98,0.72,0.44645631,0.48368932,0.29298056,0.48368932,0.23631068,0.50806796,0.73583016
5,0.72,0.45010478,0.41622609,0.29746222,0.41622609,0.30377391,0.65311392,0.72921286
5.02,0.72,0.45355193,0.45033151,0.3030211,0.45033151,0.26966849,0.57978725,0.71725881
5.04,0.72,0.45691929,0.40229716,0.30663114,0.40229716,0.31770284,0.6830611,0.714523
5.06,0.72,0.46003315,0.48231355,0.31301959,0.48231355,0.23768645,0.51102588,0.69824323
5.08,0.72,0.46310545,0.39585948,0.31603195,0.39585948,0.32414052,0.69690212,0.69813594
5.1,0.72,0.46606394,0.42869936,0.32012895,0.42869936,0.29130064,0.62629637,0.69238877
5.12,0.72,0.46860151,0.5704196,0.32923043,0.5704196,0.1495804,0.32159786,0.6627255
5.14,0.72,0.47073512,0.57901772,0.3383136,0.57901772,0.14098228,0.30311191,0.63395641
5.16,0.72,0.47285692,0.41805195,0.34121318,0.41805195,0.30194805,0.6491883,0.63517496
5.18,0.72,0.47489541,0.44977661,0.34516094,0.44977661,0.27022339,0.5809803,0.63083939
5.2,0.72,0.47685005,0.45251279,0.34906464,0.45251279,0.26748721,0.57509751,0.62638004
5.22,0.72,0.47870453,0.46242422,0.35318681,0.46242422,0.25757578,0.55378793,0.62057267
5.24,0.72,0.48038865,0.49734656,0.35842898,0.49734656,0.22265344,0.4787049,0.60922325
5.26,0.72,0.48190464,0.50260229,0.36367165,0.50260229,0.21739771,0.46740507,0.5978778
5.28,0.72,0.48349364,0.40020335,0.36500007,0.40020335,0.31979665,0.68756281,0.6050526
5.3,0.72,0.48477869,0.56629726,0.37231997,0.56629726,0.15370274,0.33046089,0.58308526
5.32,0.72,0.48625642,0.35451074,0.37167236,0.35451074,0.36548926,0.78580191,0.59930259
5.34,0.72,0.48778371,0.41033285,0.3730782,0.41033285,0.30966715,0.66578437,0.60462113
5.36,0.72,0.48936221,0.40682523,0.37430536,0.40682523,0.31317477,0.67332575,0.6101175
5.38,0.72,0.49065503,0.55576942,0.38090406,0.55576942,0.16423058,0.35309574,0.58955576
5.4,0.72,0.49200372,0.41309866,0.38207477,0.41309866,0.30690134,0.65983789,0.59517833
5.42,0.72,0.49320813,0.50034023,0.38637533,0.50034023,0.21965977,0.47226851,0.58534555
5.44,0.72,0.49447024,0.41474641,0.38740701,0.41474641,0.30525359,0.65629522,0.59102152
5.46,0.72,0.495466,0.55777792,0.39360231,0.55777792,0.16222208,0.34877746,0.571642
5.48,0.72,0.49615812,0.58514968,0.40056767,0.58514968,0.13485032,0.2899282,0.54910489
5.5,0.72,0.49666443,0.54429501,0.40579412,0.54429501,0.17570499,0.37776572,0.53539776
5.52,0.72,0.49685391,0.61079523,0.41324871,0.61079523,0.10920477,0.23479026,0.51134916
5.54,0.72,0.49713798,0.43844135,0.4141648,0.43844135,0.28155865,0.60535109,0.51886931
5.56,0.72,0.49739794,0.48787933,0.41684533,0.48787933,0.23212067,0.49905944,0.51728452
5.58,0.72,0.49765144,0.4807974,0.41917086,0.4807974,0.2392026,0.51428559,0.51704461
5.6,0.72,0.49798884,0.44023875,0.41993696,0.44023875,0.27976125,0.60148669,0.52379997
5.62,0.72,0.49843813,0.42399749,0.42008462,0.42399749,0.29600251,0.63640539,0.53280841
5.64,0.72,0.49896912,0.43275573,0.42054539,0.43275573,0.28724427,0.61757518,0.53958975
5.66,0.72,0.49927751,0.56624095,0.42584341,0.56624095,0.15375905,0.33058197,0.52286913
5.68,0.72,0.49972106,0.4141086,0.42541669,0.4141086,0.3058914,0.65766651,0.53365292
5.7,0.72,0.50005499,0.5186032,0.42880529,0.5186032,0.2013968,0.43300311,0.52560093
5.72,0.72,0.50013631,0.58741958,0.43457308,0.58741958,0.13258042,0.28504791,0.50635669
5.74,0.72,0.50035283,0.42308941,0.43415549,0.42308941,0.29691059,0.63835777,0.51691678
5.76,0.72,0.50028572,0.60611257,0.44040848,0.60611257,0.11388743,0.24485797,0.49515207
5.78,0.72,0.50009445,0.54603269,0.44424936,0.54603269,0.17396731,0.37402973,0.48546229
5.8,0.72,0.50000252,0.45055728,0.44447874,0.45055728,0.26944272,0.57930186,0.49296945
5.82,0.72,0.4997463,0.56526782,0.44887107,0.56526782,0.15473218,0.33267419,0.48014583
5.84,0.72,0.49982518,0.34717724,0.44517311,0.34717724,0.37282276,0.80156893,0.50585968
5.86,0.72,0.49996969,0.45468614,0.44551904,0.45468614,0.26531386,0.5704248,0.51102489
5.88,0.72,0.50003363,0.51778209,0.44814679,0.51778209,0.20221791,0.43476851,0.50492438
5.9,0.72,0.49999692,0.53012683,0.45112788,0.53012683,0.18987317,0.40822731,0.49718861
5.92,0.72,0.50015355,0.40184584,0.4493358,0.40184584,0.31815416,0.68403145,0.51213604
5.94,0.72,0.50027259,0.49782622,0.45109909,0.49782622,0.22217378,0.47767363,0.50937905
5.96,0.72,0.50036947,0.49236949,0.45259983,0.49236949,0.22763051,0.4894056,0.50778117
5.98,0.72,0.5003619,0.53032721,0.45542628,0.53032721,0.18967279,0.40779649,0.4997824
6,0.72,0.50012119,0.59263186,0.46041558,0.59263186,0.12736814,0.27384149,0.48170712
6.02,0.72,0.49982019,0.52451655,0.46274652,0.52451655,0.19548345,0.42028941,0.47679371
6.04,0.72,0.49954249,0.48948614,0.46371887,0.48948614,0.23051386,0.49560481,0.4782986
6.06,0.72,0.49928359,0.49068107,0.46469932,0.49068107,0.22931893,0.49303569,0.47947756
6.08,0.72,0.49885323,0.57574825,0.46873746,0.57574825,0.14425175,0.31014127,0.46593066
6.1,0.72,0.49848472,0.47792343,0.46907149,0.47792343,0.24207657,0.52046463,0.47029338
6.12,0.72,0.49819839,0.46636935,0.46897323,0.46636935,0.25363065,0.54530589,0.47629438
6.14,0.72,0.4976752,0.60685686,0.47398718,0.60685686,0.11314314,0.24325774,0.45765145
6.16,0.72,0.49725107,0.46554894,0.47368034,0.46554894,0.25445106,0.54706977,0.46480491
6.18,0.72,0.49681081,0.51354499,0.47512996,0.51354499,0.20645501,0.44387826,0.46313078
6.2,0.72,0.49637693,0.50427332,0.47618972,0.50427332,0.21572668,0.46381237,0.46318531
6.22,0.72,0.49583164,0.55728705,0.47913871,0.55728705,0.16271295,0.34983285,0.45411711
6.24,0.72,0.49521641,0.54347047,0.48147805,0.54347047,0.17652953,0.3795385,0.44815082
6.26,0.72,0.49488618,0.38671483,0.47803212,0.38671483,0.33328517,0.71656313,0.46962381
6.28,0.72,0.49440307,0.57237418,0.48146274,0.57237418,0.14762582,0.31739551,0.45744554
6.3,0.72,0.49412322,0.41846255,0.47917182,0.41846255,0.30153745,0.64830551,0.47271434
6.32,0.72,0.49389402,0.4789355,0.47916323,0.4789355,0.2410645,0.51828868,0.47636029
6.34,0.72,0.49361775,0.52097821,0.48068377,0.52097821,0.19902179,0.42789685,0.47248321
6.36,0.72,0.49350908,0.42632903,0.47870724,0.42632903,0.29367097,0.63139258,0.48519596
6.38,0.72,0.49366263,0.37681079,0.47500191,0.37681079,0.34318921,0.7378568,0.50540883
6.4,0.72,0.49371374,0.53018955,0.47700873,0.53018955,0.18981045,0.40809247,0.49762352
6.42,0.72,0.49363262,0.54782669,0.47958393,0.54782669,0.17217331,0.37017262,0.48742745
6.44,0.72,0.49373637,0.41046857,0.47707065,0.41046857,0.30953143,0.66549258,0.50167266
6.46,0.72,0.49377393,0.51587776,0.47848181,0.51587776,0.20412224,0.43886283,0.49664787
6.48,0.72,0.49395833,0.42262684,0.47645072,0.42262684,0.29737316,0.6393523,0.50806423
6.5,0.72,0.4941819,0.46496341,0.476033,0.46496341,0.25503659,0.54832866,0.51128538
6.52,0.72,0.49466518,0.36387415,0.4719545,0.36387415,0.35612585,0.76567057,0.5316362
6.54,0.72,0.49520692,0.44357836,0.47092264,0.44357836,0.27642164,0.59430652,0.53664982
6.56,0.72,0.49575696,0.46350549,0.47065293,0.46350549,0.25649451,0.55146321,0.53783489
6.58,0.72,0.49635044,0.44707298,0.46979547,0.44707298,0.27292702,0.58679309,0.54175155
6.6,0.72,0.49680897,0.52537486,0.47181654,0.52537486,0.19462514,0.41844406,0.53188695
6.62,0.72,0.4973104,0.45061613,0.47104562,0.45061613,0.26938387,0.57917533,0.53567002
6.64,0.72,0.49785768,0.44728058,0.47018143,0.44728058,0.27271942,0.58634676,0.53972416
6.66,0.72,0.49803612,0.63197409,0.4760648,0.63197409,0.088025907,0.1892557,0.51168668
6.68,0.72,0.49812705,0.5203981,0.47767692,0.5203981,0.1996019,0.42914409,0.50508328
6.7,0.72,0.49832202,0.43766815,0.47622206,0.43766815,0.28233185,0.60701348,0.51323769
6.72,0.72,0.4983506,0.55512812,0.47909137,0.55512812,0.16487188,0.35447454,0.50053664
6.74,0.72,0.49838123,0.48610055,0.47934625,0.48610055,0.23389945,0.50288381,0.50072441
6.76,0.72,0.49826851,0.55151561,0.48197059,0.55151561,0.16848439,0.36224144,0.48964578
6.78,0.72,0.49826367,0.44430921,0.48060108,0.44430921,0.27569079,0.59273519,0.49789293
6.8,0.72,0.49825382,0.49070274,0.48096842,0.49070274,0.22929726,0.49298911,0.49750062
6.82,0.72,0.4980871,0.55934664,0.48381854,0.55934664,0.16065336,0.34540472,0.48533295
6.84,0.72,0.49797672,0.46984756,0.4833105,0.46984756,0.25015244,0.53782774,0.48953253
6.86,0.72,0.49796818,0.44706407,0.48199245,0.44706407,0.27293593,0.58681224,0.49731491
6.88,0.72,0.49799591,0.47240008,0.48164363,0.47240008,0.24759992,0.53233982,0.5001169
6.9,0.72,0.49784541,0.56752868,0.48476673,0.56752868,0.15247132,0.32781335,0.48633262
6.92,0.72,0.4975723,0.54992535,0.48713613,0.54992535,0.17007465,0.36566049,0.47667885
6.94,0.72,0.49763724,0.34755179,0.48206034,0.34755179,0.37244821,0.80076364,0.50260563
6.96,0.72,0.49765198,0.50847446,0.48302085,0.50847446,0.21152554,0.45477991,0.49877957
6.98,0.72,0.4975819,0.52614318,0.48458894,0.52614318,0.19385682,0.41679217,0.49222058
7,0.72,0.49760408,0.44989418,0.48332731,0.44989418,0.27010582,0.58072752,0.49930114
7.02,0.72,0.49758069,0.50817585,0.48423089,0.50817585,0.21182415,0.45542191,0.4957908
7.04,0.72,0.497233,0.63565388,0.48973718,0.63565388,0.084346117,0.18134415,0.47063507
7.06,0.72,0.4968493,0.5193468,0.4908139,0.5193468,0.2006532,0.43140438,0.46749661
7.08,0.72,0.49635199,0.55598595,0.49318379,0.55598595,0.16401405,0.35263022,0.4583073
7.1,0.72,0.49611545,0.39222458,0.48951254,0.39222458,0.32777542,0.70471714,0.47802009
7.12,0.72,0.49584287,0.51527847,0.49044949,0.51527847,0.20472153,0.44015128,0.47499058
7.14,0.72,0.49553529,0.51642859,0.49139418,0.51642859,0.20357141,0.43767853,0.47200562
7.16,0.72,0.4953716,0.43741869,0.48943144,0.43741869,0.28258131,0.60754981,0.48284915
7.18,0.72,0.49546389,0.38102975,0.48548956,0.38102975,0.33897025,0.72878604,0.50252411
7.2,0.72,0.49544139,0.53745338,0.48737915,0.53745338,0.18254662,0.39247523,0.4937202
7.22,0.72,0.49549492,0.45623543,0.48624665,0.45623543,0.26376457,0.56709382,0.49959009
7.24,0.72,0.49549996,0.50917124,0.48708027,0.50917124,0.21082876,0.45328183,0.49588542
7.26,0.72,0.49567516,0.41265356,0.48437385,0.41265356,0.30734644,0.66079484,0.50907818
7.28,0.72,0.49597205,0.42737104,0.48230102,0.42737104,0.29262896,0.62915226,0.5186841
7.3,0.72,0.49625292,0.48424465,0.4823717,0.48424465,0.23575535,0.506874,0.5177393
7.32,0.72,0.49651081,0.48791099,0.48257312,0.48791099,0.23208901,0.49899137,0.51623946
7.34,0.72,0.49661703,0.54672789,0.48490603,0.54672789,0.17327211,0.37253504,0.50474311
7.36,0.72,0.49690353,0.40339278,0.48194191,0.40339278,0.31660722,0.68070552,0.5188201
7.38,0.72,0.49732347,0.41689222,0.47957646,0.41689222,0.30310778,0.65168173,0.52944903
7.4,0.72,0.49766997,0.50439325,0.48047889,0.50439325,0.21560675,0.46355452,0.52417747
7.42,0.72,0.49818921,0.39635092,0.47741969,0.39635092,0.32364908,0.69584552,0.53791091
7.44,0.72,0.49866613,0.48585673,0.47772649,0.48585673,0.23414327,0.50340804,0.53515068
7.46,0.72,0.49920911,0.43855424,0.47630205,0.43855424,0.28144576,0.60510839,0.5407473
7.48,0.72,0.49966405,0.50500598,0.47734583,0.50500598,0.21499402,0.46223714,0.53446649
7.5,0.72,0.50003299,0.50751287,0.47844281,0.50751287,0.21248713,0.45684733,0.52825696
7.52,0.72,0.50040713,0.46980957,0.47812888,0.46980957,0.25019043,0.53790942,0.52902915
7.54,0.72,0.50071757,0.50047137,0.47894133,0.50047137,0.21952863,0.47198656,0.52446575
7.56,0.72,0.50074589,0.60137178,0.48339335,0.60137178,0.11862822,0.25505068,0.50291254
7.58,0.72,0.50076777,0.48882438,0.48359084,0.48882438,0.23117562,0.49702759,0.50244174
7.6,0.72,0.50090812,0.43279976,0.48174389,0.43279976,0.28720024,0.61748053,0.51164485
7.62,0.72,0.50115203,0.43454903,0.48002771,0.43454903,0.28545097,0.61371958,0.51981082
7.64,0.72,0.50130942,0.51579114,0.4813282,0.51579114,0.20420886,0.43904905,0.51334988
7.66,0.72,0.50142179,0.500602,0.48202907,0.500602,0.219398,0.4717057,0.51001835
7.68,0.72,0.50143771,0.52558811,0.48361303,0.52558811,0.19441189,0.41798557,0.50265573
7.7,0.72,0.50154766,0.44374968,0.48216346,0.44374968,0.27625032,0.59393819,0.50995832
7.72,0.72,0.50155465,0.52855674,0.48385048,0.52855674,0.19144326,0.41160301,0.5020899
7.74,0.72,0.50161254,0.46349669,0.48311035,0.46349669,0.25650331,0.55148211,0.50604128
7.76,0.72,0.50156699,0.53090793,0.48484844,0.53090793,0.18909207,0.40654795,0.49808181
7.78,0.72,0.50150018,0.49817487,0.48533304,0.49817487,0.22182513,0.47692404,0.49638919
7.8,0.72,0.50149586,0.46135009,0.48446093,0.46135009,0.25864991,0.5560973,0.50116584
7.82,0.72,0.50146156,0.50043499,0.48504181,0.50043499,0.21956501,0.47206477,0.49883775
7.84,0.72,0.5014262,0.48866051,0.48517339,0.48866051,0.23133949,0.4973799,0.49872112
7.86,0.72,0.5013765,0.49470664,0.48552006,0.49470664,0.22529336,0.48438073,0.49757389
7.88,0.72,0.50114667,0.57001657,0.48859266,0.57001657,0.14998343,0.32246437,0.48356513
7.9,0.72,0.50097152,0.47178989,0.48798165,0.47178989,0.24821011,0.53365173,0.48757206
7.92,0.72,0.50084859,0.4707069,0.48735348,0.4707069,0.2492931,0.53598017,0.49144471
7.94,0.72,0.50077364,0.47051877,0.4867413,0.47051877,0.24948123,0.53638464,0.4950399
7.96,0.72,0.50055028,0.55705329,0.4892981,0.55705329,0.16294671,0.35033543,0.48346354
7.98,0.72,0.50030847,0.50474616,0.48985985,0.50474616,0.21525384,0.46279575,0.48181012
8,0.72,0.50002484,0.5161525,0.49081595,0.5161525,0.2038475,0.43827213,0.47832708
8.02,0.72,0.49997025,0.39597146,0.48736706,0.39597146,0.32402854,0.69666135,0.49579382
8.04,0.72,0.49990158,0.49605913,0.48768313,0.49605913,0.22394087,0.48147288,0.49464815
8.06,0.72,0.49959208,0.59884335,0.49172532,0.59884335,0.12115665,0.2604868,0.47591524
8.08,0.72,0.49929161,0.49637339,0.49189434,0.49637339,0.22362661,0.48079721,0.4763058
8.1,0.72,0.49896662,0.51125916,0.49259852,0.51125916,0.20874084,0.4487928,0.47410476
8.12,0.72,0.49852054,0.55593312,0.49490159,0.55593312,0.16406688,0.35274379,0.46439588
8.14,0.72,0.4980921,0.49865155,0.49503796,0.49865155,0.22134845,0.47589918,0.46531614
8.16,0.72,0.49797303,0.36666557,0.49036987,0.36666557,0.35333443,0.75966902,0.48886437
8.18,0.72,0.49790818,0.46888359,0.48958855,0.46888359,0.25111641,0.53990029,0.49294725
8.2,0.72,0.49788661,0.47159954,0.4889344,0.47159954,0.24840046,0.53406098,0.49623635
8.22,0.72,0.49797111,0.44152401,0.48721039,0.44152401,0.27847599,0.59872338,0.50443531
8.24,0.72,0.49790053,0.55476107,0.48966678,0.55476107,0.16523893,0.35526369,0.49250158
8.26,0.72,0.49792412,0.44891145,0.48818477,0.44891145,0.27108855,0.58284039,0.49972868
8.28,0.72,0.49803265,0.44915934,0.48676566,0.44915934,0.27084066,0.58230742,0.50633498
8.3,0.72,0.49817641,0.46799013,0.48608291,0.46799013,0.25200987,0.54182123,0.50917388
8.32,0.72,0.49848843,0.40652496,0.4831899,0.40652496,0.31347504,0.67397134,0.52235768
8.34,0.72,0.49890058,0.43010908,0.48125969,0.43010908,0.28989092,0.62326549,0.5304303
8.36,0.72,0.49932008,0.4675812,0.48076229,0.4675812,0.2524188,0.54270042,0.53141191
8.38,0.72,0.49965038,0.51058421,0.48184672,0.51058421,0.20941579,0.45024394,0.52491848
8.4,0.72,0.49987016,0.52373294,0.48336986,0.52373294,0.19626706,0.42197418,0.51668293
8.42,0.72,0.50011803,0.46574511,0.48272896,0.46574511,0.25425489,0.54664801,0.51908014
8.44,0.72,0.50009745,0.59808451,0.4869237,0.59808451,0.12191549,0.26211831,0.49852319
8.46,0.72,0.49991317,0.56200668,0.48965399,0.56200668,0.15799332,0.33968563,0.48581619
8.48,0.72,0.49981082,0.45819974,0.4885102,0.45819974,0.26180026,0.56287055,0.49198054
8.5,0.72,0.49965202,0.5171989,0.48955343,0.5171989,0.2028011,0.43602236,0.48750388
8.52,0.72,0.49942123,0.52661363,0.49090107,0.52661363,0.19338637,0.4157807,0.48176603
8.54,0.72,0.49919999,0.4929656,0.49097614,0.4929656,0.2270344,0.48812396,0.48227466
8.56,0.72,0.49881911,0.56890016,0.49380975,0.56890016,0.15109984,0.32486465,0.46968186
8.58,0.72,0.49872448,0.37477695,0.48948128,0.37477695,0.34522305,0.74222956,0.49148568
8.6,0.72,0.49881165,0.41003873,0.48659246,0.41003873,0.30996127,0.66641672,0.50548016
8.62,0.72,0.49891934,0.47514123,0.48617605,0.47514123,0.24485877,0.52644636,0.50715746
8.64,0.72,0.4993568,0.33489729,0.48067501,0.33489729,0.38510271,0.82797082,0.53282253
8.66,0.72,0.49946721,0.61699368,0.48563205,0.61699368,0.10300632,0.22146359,0.50791381
8.68,0.72,0.49972584,0.41633819,0.48311227,0.41633819,0.30366181,0.65287289,0.51951054
8.7,0.72,0.49961092,0.64517358,0.48900541,0.64517358,0.074826422,0.16087681,0.49081984
8.72,0.72,0.49940095,0.53520729,0.49068548,0.53520729,0.18479271,0.39730432,0.4833386
8.74,0.72,0.49928685,0.45322003,0.4893231,0.45322003,0.26677997,0.57357693,0.49055766
8.76,0.72,0.49901332,0.5643294,0.4920506,0.5643294,0.1556706,0.3346918,0.47808839
8.78,0.72,0.49866399,0.53337816,0.49355342,0.53337816,0.18662184,0.40123695,0.47194028
8.8,0.72,0.49848329,0.42654306,0.49111668,0.42654306,0.29345694,0.63093241,0.48465965
8.82,0.72,0.49832071,0.48746103,0.49098375,0.48746103,0.23253897,0.49995878,0.48588358
8.84,0.72,0.49822016,0.46700691,0.49011186,0.46700691,0.25299309,0.54393515,0.49052771
8.86,0.72,0.498026,0.53460869,0.49172993,0.53460869,0.18539131,0.39859131,0.48317279
8.88,0.72,0.49764008,0.582802,0.49504164,0.582802,0.137198,0.2949757,0.46811703
8.9,0.72,0.49728568,0.49030786,0.4948695,0.49030786,0.22969214,0.4938381,0.47017471
8.92,0.72,0.49681906,0.55394467,0.49701769,0.55394467,0.16605533,0.35701895,0.46112225
8.94,0.72,0.49629705,0.53319441,0.49833321,0.53319441,0.18680559,0.40163201,0.45636303
8.96,0.72,0.49587001,0.46797882,0.49722941,0.46797882,0.25202118,0.54184554,0.46320163
8.98,0.72,0.49565062,0.41347867,0.49418393,0.41347867,0.30652133,0.65902087,0.47886717
9,0.72,0.49559098,0.42656603,0.4917251,0.42656603,0.29343397,0.63088303,0.49102844
9.02,0.72,0.49553852,0.48872245,0.49161591,0.48872245,0.23127755,0.49724674,0.4915259
9.04,0.72,0.49550757,0.48200088,0.49126627,0.48200088,0.23799912,0.51169811,0.49313968
9.06,0.72,0.49554873,0.45831807,0.49006816,0.45831807,0.26168193,0.56261616,0.4986978
9.08,0.72,0.49537913,0.58277671,0.49343938,0.58277671,0.13722329,0.29503008,0.48240438
9.1,0.72,0.49524346,0.48132226,0.49299875,0.48132226,0.23867774,0.51315714,0.4848646
9.12,0.72,0.49514105,0.48028258,0.49253635,0.48028258,0.23971742,0.51539245,0.48730683
9.14,0.72,0.49494686,0.53529806,0.49409132,0.53529806,0.18470194,0.39710916,0.48009102
9.16,0.72,0.49467018,0.53499692,0.4955788,0.53499692,0.18500308,0.39775663,0.47350427
9.18,0.72,0.49424818,0.56685013,0.49817048,0.56685013,0.15314987,0.32927221,0.4619657
9.2,0.72,0.49395337,0.45028037,0.49642902,0.45028037,0.26971963,0.5798972,0.47140022
9.22,0.72,0.4934486,0.59706254,0.50008842,0.59706254,0.12293746,0.26431555,0.45483345
9.24,0.72,0.4928484,0.5543812,0.50206271,0.5543812,0.1656188,0.35608042,0.44693321
9.26,0.72,0.49242382,0.43648162,0.49967794,0.43648162,0.28351838,0.60956451,0.45994371
9.28,0.72,0.49227128,0.38596869,0.49554306,0.38596869,0.33403131,0.71816731,0.4806016
9.3,0.72,0.4920774,0.51597384,0.496286,0.51597384,0.20402616,0.43865625,0.47724597
9.32,0.72,0.49190636,0.48886421,0.49601611,0.48886421,0.23113579,0.49694195,0.47882165
9.34,0.72,0.49183371,0.45395341,0.49448656,0.45395341,0.26604659,0.57200017,0.48627593
9.36,0.72,0.49184507,0.4563953,0.49310142,0.4563953,0.2636047,0.56675011,0.49271386
9.38,0.72,0.4918992,0.47149021,0.49231556,0.47149021,0.24850979,0.53429605,0.49604044
9.4,0.72,0.4921524,0.39927373,0.48893222,0.39927373,0.32072627,0.68956147,0.51152212
9.42,0.72,0.49240441,0.48114615,0.48864909,0.48114615,0.23885385,0.51353577,0.51168321
9.44,0.72,0.49274881,0.43891308,0.48684051,0.43891308,0.28108692,0.60433687,0.51909551
9.46,0.72,0.49303962,0.50070474,0.48734466,0.50070474,0.21929526,0.47148481,0.51528665
9.48,0.72,0.49318688,0.54332435,0.48938029,0.54332435,0.17667565,0.37985264,0.50445193
9.5,0.72,0.49338941,0.45960699,0.48829762,0.45960699,0.26039301,0.55984497,0.50888337
9.52,0.72,0.4936062,0.47571034,0.4878399,0.47571034,0.24428966,0.52522276,0.51019052
9.54,0.72,0.49378289,0.49951058,0.48826429,0.49951058,0.22048942,0.47405226,0.50729946
9.56,0.72,0.49400671,0.46178257,0.48730132,0.46178257,0.25821743,0.55516747,0.5111289
9.58,0.72,0.4940405,0.56658582,0.49018439,0.56658582,0.15341418,0.32984048,0.49662583
9.6,0.72,0.49396852,0.53647658,0.49186775,0.53647658,0.18352342,0.39457536,0.48846179
9.62,0.72,0.4937411,0.56326632,0.49446406,0.56326632,0.15673368,0.33697742,0.47634304
9.64,0.72,0.49339243,0.55439802,0.49664347,0.55439802,0.16560198,0.35604426,0.46671914
9.66,0.72,0.49304908,0.50255094,0.49685829,0.50255094,0.21744906,0.46751547,0.46678285
9.68,0.72,0.49277007,0.47589686,0.49609606,0.47589686,0.24410314,0.52482176,0.47142596
9.7,0.72,0.49253509,0.48251321,0.49560213,0.48251321,0.23748679,0.51059661,0.47455961
9.72,0.72,0.49241632,0.44828552,0.49388153,0.44828552,0.27171448,0.58418613,0.48332973
9.74,0.72,0.49223564,0.52377661,0.49496862,0.52377661,0.19622339,0.42188028,0.47841378
9.76,0.72,0.49194809,0.54668498,0.49684922,0.54668498,0.17331502,0.3726273,0.46995086
9.78,0.72,0.49179503,0.44249526,0.49487271,0.44249526,0.27750474,0.5966352,0.48008561
9.8,0.72,0.49160135,0.51589171,0.49563704,0.51589171,0.20410829,0.43883283,0.47678538
9.82,0.72,0.49131358,0.54176518,0.49731443,0.54176518,0.17823482,0.38320486,0.46929894
9.84,0.72,0.49094969,0.53769226,0.49878271,0.53769226,0.18230774,0.39196165,0.46311196
9.86,0.72,0.4907209,0.44584065,0.49685754,0.44584065,0.27415935,0.5894426,0.47321841
9.88,0.72,0.49066124,0.42501917,0.49424524,0.42501917,0.29498083,0.63420878,0.48609764
9.9,0.72,0.49064539,0.47451933,0.49352793,0.47451933,0.24548067,0.52778345,0.4894325
9.92,0.72,0.49051472,0.54418431,0.49536998,0.54418431,0.17581569,0.37800373,0.4805182
9.94,0.72,0.49044462,0.46996837,0.49444629,0.46996837,0.25003163,0.53756801,0.48508219
9.96,0.72,0.49047277,0.45051942,0.49284895,0.45051942,0.26948058,0.57938326,0.49262627
9.98,0.72,0.49063841,0.4287564,0.49051831,0.4287564,0.2912436,0.62617375,0.50331007
10,0.72,0.49068578,0.5382296,0.49225327,0.5382296,0.1817704,0.39080636,0.49430977
10.02,0.72,0.4908627,0.43144367,0.49004201,0.43144367,0.28855633,0.62039611,0.50439668
10.04,0.72,0.49088189,0.55543571,0.49241996,0.55543571,0.16456429,0.35381322,0.49235
10.06,0.72,0.49088417,0.49850843,0.49264136,0.49850843,0.22149157,0.47620688,0.49105855
10.08,0.72,0.49100146,0.43976697,0.49071865,0.43976697,0.28023303,0.60250102,0.49997395
10.1,0.72,0.49105558,0.51523078,0.49161,0.51523078,0.20476922,0.44025382,0.49519634
10.12,0.72,0.49130493,0.40139889,0.4883296,0.40139889,0.31860111,0.68499238,0.51038002
10.14,0.72,0.49166124,0.43296839,0.48631647,0.43296839,0.28703161,0.61711796,0.51891906
10.16,0.72,0.49213482,0.42373363,0.48404073,0.42373363,0.29626637,0.63697269,0.52836335
10.18,0.72,0.49264069,0.45694376,0.48305538,0.45694376,0.26305624,0.56557091,0.53133995
10.2,0.72,0.49310655,0.48795169,0.48323343,0.48795169,0.23204831,0.49890386,0.52874507
10.22,0.72,0.49334916,0.571961,0.48645989,0.571961,0.148039,0.31828385,0.51190817
10.24,0.72,0.49354801,0.50020417,0.48695968,0.50020417,0.21979583,0.47256104,0.5087604
10.26,0.72,0.49358193,0.55652863,0.48948946,0.55652863,0.16347137,0.35146344,0.49617664
10.28,0.72,0.49347455,0.55268926,0.49178763,0.55268926,0.16731074,0.35971809,0.48525996
10.3,0.72,0.49335022,0.50255827,0.49217929,0.50255827,0.21744173,0.46749971,0.48383914
10.32,0.72,0.49310008,0.5523705,0.49436806,0.5523705,0.1676295,0.36040342,0.47396428
10.34,0.72,0.49294043,0.46023205,0.49312675,0.46023205,0.25976795,0.55850109,0.48072723
10.36,0.72,0.49279911,0.48907671,0.49297948,0.48907671,0.23092329,0.49648507,0.48198785
10.38,0.72,0.49283294,0.41771934,0.49024275,0.41771934,0.30228066,0.64990341,0.4954211
10.4,0.72,0.49299247,0.4327383,0.48815168,0.4327383,0.2872617,0.61761265,0.50519642
10.42,0.72,0.49321761,0.45453434,0.48692923,0.45453434,0.26546566,0.57075117,0.5104408
10.44,0.72,0.49339249,0.50392368,0.48754721,0.50392368,0.21607632,0.46456409,0.50677067
10.46,0.72,0.49382541,0.36700403,0.48316382,0.36700403,0.35299597,0.75894135,0.52694432
10.48,0.72,0.49427179,0.46633216,0.48255176,0.46633216,0.25366784,0.54538585,0.52841964
10.5,0.72,0.4945655,0.54041868,0.48465601,0.54041868,0.17958132,0.38609984,0.51703406
10.52,0.72,0.49472201,0.53962636,0.48665493,0.53962636,0.18037364,0.38780333,0.5066956
10.54,0.72,0.49483748,0.50191641,0.4872099,0.50191641,0.21808359,0.46887972,0.50367033
10.56,0.72,0.49501788,0.45580323,0.48606784,0.45580323,0.26419677,0.56802305,0.50881855
10.58,0.72,0.49516408,0.49770113,0.48649086,0.49770113,0.22229887,0.47794257,0.50634847
10.6,0.72,0.49532942,0.47501501,0.48607356,0.47501501,0.24498499,0.52671773,0.50797801
10.62,0.72,0.49552324,0.46993891,0.48548685,0.46993891,0.25006109,0.53763134,0.51035028
10.64,0.72,0.49584141,0.42546683,0.4833043,0.42546683,0.29453317,0.63324631,0.52018196
10.66,0.72,0.49616183,0.47519791,0.48300952,0.47519791,0.24480209,0.52632448,0.52067336
10.68,0.72,0.49635882,0.53157119,0.4847754,0.53157119,0.18842881,0.40512195,0.51142925
10.7,0.72,0.49640043,0.55099997,0.48718357,0.55099997,0.16900003,0.36335006,0.49958291
10.72,0.72,0.49633741,0.53453285,0.48890536,0.53453285,0.18546715,0.39875436,0.49151663
10.74,0.72,0.49630281,0.47894723,0.48854325,0.47894723,0.24105277,0.51826346,0.49365638
10.76,0.72,0.49627684,0.48671113,0.48847662,0.48671113,0.23328887,0.50157107,0.49428955
10.78,0.72,0.49624955,0.49083996,0.48856256,0.49083996,0.22916004,0.49269408,0.49416191
10.8,0.72,0.49625566,0.47526414,0.48807898,0.47526414,0.24473586,0.52618211,0.49672353
10.82,0.72,0.49628715,0.47749887,0.48769425,0.47749887,0.24250113,0.52137743,0.49869584
10.84,0.72,0.49651408,0.39980255,0.48449819,0.39980255,0.32019745,0.68842451,0.51387413
10.86,0.72,0.49668633,0.50430399,0.4852184,0.50430399,0.21569601,0.46374641,0.50986392
10.88,0.72,0.49683915,0.49061202,0.48541453,0.49061202,0.22938798,0.49318415,0.50852954
10.9,0.72,0.49681498,0.56233107,0.4882115,0.56233107,0.15766893,0.3389882,0.49496623
10.92,0.72,0.49679842,0.48649586,0.48814911,0.48649586,0.23350414,0.5020339,0.49553164
10.94,0.72,0.49657215,0.58410847,0.49163854,0.58410847,0.13589153,0.29216678,0.47926245
10.96,0.72,0.4963124,0.51348932,0.49243312,0.51348932,0.20651068,0.44399797,0.47644129
10.98,0.72,0.49617473,0.44489989,0.49070464,0.44489989,0.27510011,0.59146524,0.48564321
11,0.72,0.49590952,0.55238913,0.49294771,0.55238913,0.16761087,0.36036338,0.47562082
11.02,0.72,0.49565539,0.49533206,0.49303441,0.49533206,0.22466794,0.48303607,0.47621404
11.04,0.72,0.49535927,0.51889963,0.49397496,0.51889963,0.20110037,0.43236579,0.47270618
11.06,0.72,0.49513073,0.47140682,0.49315431,0.47140682,0.24859318,0.53447534,0.47764772
11.08,0.72,0.49510996,0.40555146,0.48996875,0.40555146,0.31444854,0.67606436,0.49352105
11.1,0.72,0.49533037,0.38190404,0.48603912,0.38190404,0.33809596,0.72690632,0.51219187
11.12,0.72,0.49550194,0.50249811,0.48663763,0.50249811,0.21750189,0.46762907,0.50862685
11.14,0.72,0.49580496,0.42320121,0.48433085,0.42320121,0.29679879,0.63811739,0.51898609
11.16,0.72,0.4961125,0.47481381,0.48398478,0.47481381,0.24518619,0.5271503,0.51963923
11.18,0.72,0.49657365,0.40730714,0.4811965,0.40730714,0.31269286,0.67228964,0.53185126
11.2,0.72,0.49720142,0.39486469,0.47805716,0.39486469,0.32513531,0.69904092,0.54522643
11.22,0.72,0.49768829,0.52624868,0.47980958,0.52624868,0.19375132,0.41656534,0.53493355
11.24,0.72,0.49796399,0.56350987,0.48285323,0.56350987,0.15649013,0.33645378,0.51905516
11.26,0.72,0.49816599,0.5101839,0.48384707,0.5101839,0.2098161,0.45110462,0.51361912
11.28,0.72,0.49818863,0.56075194,0.48664361,0.56075194,0.15924806,0.34238334,0.49992026
11.3,0.72,0.4982978,0.4483584,0.48525142,0.4483584,0.2716416,0.58402943,0.50664899
11.32,0.72,0.49849199,0.44540211,0.48380235,0.44540211,0.27459789,0.59038547,0.51334791
11.34,0.72,0.49872707,0.46168044,0.48299792,0.46168044,0.25831956,0.55538705,0.51671104
11.36,0.72,0.49894164,0.48755005,0.48316345,0.48755005,0.23244995,0.4997674,0.51535555
11.38,0.72,0.49905144,0.52625514,0.48473042,0.52625514,0.19374486,0.41655145,0.50745122
11.4,0.72,0.49909665,0.5124415,0.4857381,0.5124415,0.2075585,0.44625079,0.50255519
11.42,0.72,0.49901613,0.54263834,0.4878072,0.54263834,0.17736166,0.38132757,0.49285698
11.44,0.72,0.49884897,0.53027828,0.4893516,0.53027828,0.18972172,0.4079017,0.48606056
11.46,0.72,0.49863564,0.51569514,0.49030955,0.51569514,0.20430486,0.43925545,0.48231615
11.48,0.72,0.4983035,0.55044024,0.49249612,0.55044024,0.16955976,0.36455349,0.47289513
11.5,0.72,0.49793368,0.51896357,0.49345857,0.51896357,0.20103643,0.43222832,0.46964179
11.52,0.72,0.49750562,0.52994772,0.49478545,0.52994772,0.19005228,0.4086124,0.46475944
11.54,0.72,0.49694896,0.56426969,0.49731215,0.56426969,0.15573031,0.33482016,0.4543643
11.56,0.72,0.49662042,0.40911683,0.49410505,0.40911683,0.31088317,0.66839881,0.47148706
11.58,0.72,0.49625736,0.51816528,0.49497996,0.51816528,0.20183472,0.43394466,0.46848366
11.6,0.72,0.49610714,0.40831297,0.49182844,0.40831297,0.31168703,0.67012712,0.48461514
11.62,0.72,0.49609548,0.43303936,0.48969065,0.43303936,0.28696064,0.61696538,0.49520316
11.64,0.72,0.49596513,0.5432151,0.491637,0.5432151,0.1767849,0.38008754,0.48599391
11.66,0.72,0.49588028,0.47421814,0.49100358,0.47421814,0.24578186,0.52843101,0.48938888
11.68,0.72,0.49597277,0.41295968,0.48816562,0.41295968,0.30704032,0.66013669,0.5030487
11.7,0.72,0.4961996,0.4249606,0.48586726,0.4249606,0.2950394,0.63433472,0.51355158
11.72,0.72,0.49633748,0.51989575,0.48710466,0.51989575,0.20010425,0.43022414,0.50688539
11.74,0.72,0.49651664,0.46483797,0.48629496,0.46483797,0.25516203,0.54859835,0.51022243
11.76,0.72,0.49674331,0.46023771,0.48534742,0.46023771,0.25976229,0.55848893,0.51408375
11.78,0.72,0.4970088,0.46208567,0.48450154,0.46208567,0.25791433,0.55451582,0.51731831
11.8,0.72,0.49710123,0.55581491,0.48709476,0.55581491,0.16418509,0.35299795,0.50417268
11.82,0.72,0.49712596,0.51547428,0.48812674,0.51547428,0.20452572,0.4397303,0.49901729
11.84,0.72,0.49698606,0.56193153,0.49081055,0.56193153,0.15806847,0.3398472,0.48628369
11.86,0.72,0.49666174,0.57772881,0.49397121,0.57772881,0.14227119,0.30588307,0.47185164
11.88,0.72,0.49625566,0.53926083,0.49561811,0.53926083,0.18073917,0.38858921,0.46519064
11.9,0.72,0.49578841,0.53355842,0.49699776,0.53355842,0.18644158,0.4008494,0.46004334
11.92,0.72,0.49544262,0.45401029,0.49543457,0.45401029,0.26598971,0.57187788,0.46899011
11.94,0.72,0.49516677,0.47236512,0.49459569,0.47236512,0.24763488,0.532415,0.4740641
11.96,0.72,0.49486895,0.51100903,0.49519253,0.51100903,0.20899097,0.4493306,0.47208542
11.98,0.72,0.49467457,0.45554377,0.49375076,0.45554377,0.26445623,0.56858089,0.47980505
12,0.42,0.49380676,0.50140519,0.4940291,0.50140519,-0.081405186,-0.17502115,0.42741896
12.02,0.42,0.4922996,0.51432332,0.49476708,0.51432332,-0.094323322,-0.20279514,0.37700183
12.04,0.42,0.49040239,0.42915964,0.49238135,0.42915964,-0.0091596396,-0.019693225,0.34526623
12.06,0.42,0.48792108,0.53362784,0.49388122,0.53362784,-0.11362784,-0.24429985,0.29810094
12.08,0.42,0.48499253,0.49729403,0.49400532,0.49729403,-0.07729403,-0.16618216,0.26095829
12.1,0.42,0.48179205,0.43817605,0.49197517,0.43817605,-0.01817605,-0.039078507,0.23695535
12.12,0.42,0.47836383,0.43101363,0.48975839,0.43101363,-0.011013628,-0.023679301,0.21610458
12.14,0.42,0.47467393,0.45732235,0.48857889,0.45732235,-0.03732235,-0.080243052,0.19239677
12.16,0.42,0.47078404,0.44207887,0.48688798,0.44207887,-0.02207887,-0.047469571,0.17320746
12.18,0.42,0.46667213,0.46209259,0.48598633,0.46209259,-0.042092591,-0.090499072,0.15211094
12.2,0.42,0.46233043,0.47669648,0.48564852,0.47669648,-0.056696477,-0.12189743,0.13019027
12.22,0.42,0.45779134,0.4736255,0.48521132,0.4736255,-0.053625503,-0.11529483,0.11055146
12.24,0.42,0.45328558,0.37995881,0.48138396,0.37995881,0.040041187,0.086088552,0.10859443
12.26,0.42,0.44881326,0.38061381,0.47771959,0.38061381,0.039386192,0.084680313,0.1066813
12.28,0.42,0.44448602,0.33101729,0.47238496,0.33101729,0.088982714,0.19131284,0.11345182
12.3,0.42,0.43993881,0.49150307,0.47308016,0.49150307,-0.071503074,-0.15373161,0.092077146
12.32,0.42,0.43511675,0.52745036,0.47505726,0.52745036,-0.10745036,-0.23101827,0.066229512
12.34,0.42,0.43005553,0.52499605,0.47687322,0.52499605,-0.10499605,-0.22574151,0.04287183
12.36,0.42,0.42507222,0.39437628,0.47387333,0.39437628,0.025623719,0.055090996,0.043849364
12.38,0.42,0.4200412,0.45007915,0.47300808,0.45007915,-0.03007915,-0.064670173,0.035167801
12.4,0.42,0.41502405,0.42663908,0.47132194,0.42663908,-0.0066390842,-0.014274031,0.031212454
12.42,0.42,0.4099958,0.43965821,0.47017053,0.43965821,-0.019658211,-0.042265154,0.025334245
12.44,0.42,0.40503897,0.40526571,0.46781036,0.40526571,0.014734289,0.031678722,0.025841804
12.46,0.42,0.40042612,0.28180951,0.46104669,0.28180951,0.13819049,0.29710956,0.047543224
12.48,0.42,0.395861,0.40319951,0.45894315,0.40319951,0.016800488,0.036121049,0.04662945
12.5,0.42,0.39139356,0.38084548,0.45610324,0.38084548,0.039154518,0.084182215,0.049633671
12.52,0.42,0.38711633,0.33717823,0.45177869,0.33717823,0.08282177,0.1780668,0.059908322
12.54,0.42,0.38274885,0.45766765,0.45199284,0.45766765,-0.037667648,-0.080985443,0.048636821
12.56,0.42,0.3785755,0.33529805,0.44774939,0.33529805,0.084701945,0.18210918,0.05931461
12.58,0.42,0.37458365,0.33489841,0.44364572,0.33489841,0.085101592,0.18296842,0.069206915
12.6,0.42,0.37056313,0.42393449,0.44292895,0.42393449,-0.0039344884,-0.00845915,0.06299363
12.62,0.42,0.36675427,0.31871106,0.43841193,0.31871106,0.10128894,0.21777122,0.075375837
12.64,0.42,0.36296979,0.39609763,0.43687323,0.39609763,0.023902368,0.051390091,0.073456977
12.66,0.42,0.35938661,0.31712997,0.43251893,0.31712997,0.10287003,0.22117057,0.085274064
12.68,0.42,0.35615549,0.24254293,0.42561071,0.24254293,0.17745707,0.3815327,0.10897475
12.7,0.42,0.35320469,0.26179357,0.41965373,0.26179357,0.15820643,0.34014382,0.12746828
12.72,0.42,0.35021571,0.39506903,0.41875974,0.39506903,0.024930973,0.053601591,0.12155894
12.74,0.42,0.34741253,0.29712328,0.41433659,0.29712328,0.12287672,0.26418496,0.13296903
12.76,0.42,0.34450289,0.42241816,0.41463047,0.42241816,-0.0024181623,-0.005199049,0.12191558
12.78,0.42,0.34153538,0.40628682,0.41432706,0.40628682,0.013713182,0.029483341,0.114521
12.8,0.42,0.33868404,0.33164508,0.41132044,0.33164508,0.088354915,0.18996307,0.12055637
12.82,0.42,0.33582069,0.38591529,0.41039662,0.38591529,0.034084711,0.073282129,0.11677443
12.84,0.42,0.33305926,0.33641286,0.4077063,0.33641286,0.083587136,0.17971234,0.12180946
12.86,0.42,0.33030961,0.37408763,0.40648381,0.37408763,0.045912375,0.098711606,0.11996163
12.88,0.42,0.32775219,0.29357657,0.40237809,0.29357657,0.12642343,0.27181038,0.13210953
12.9,0.42,0.32527627,0.33670032,0.3999898,0.33670032,0.083299684,0.17909432,0.13586832
12.92,0.42,0.32303142,0.26708456,0.39515689,0.26708456,0.15291544,0.32876819,0.15130031
12.94,0.42,0.32085949,0.32982134,0.39278105,0.32982134,0.090178656,0.19388411,0.15470701
12.96,0.42,0.31890086,0.26456149,0.38811852,0.26456149,0.15543851,0.3341928,0.16906587
12.98,0.42,0.31712222,0.27165348,0.38388343,0.27165348,0.14834652,0.31894502,0.1810562
13,0.42,0.31549791,0.27659232,0.37998193,0.27659232,0.14340768,0.30832652,0.19123783
13.02,0.42,0.31385325,0.34966289,0.37887942,0.34966289,0.070337107,0.15122478,0.18803679
13.04,0.42,0.31247822,0.22061276,0.37312427,0.22061276,0.19938724,0.42868256,0.20728845
13.06,0.42,0.31104617,0.35727109,0.37254779,0.35727109,0.062728906,0.13486715,0.20149474
13.08,0.42,0.30983729,0.23405617,0.36751173,0.23405617,0.18594383,0.39977924,0.2173575
13.1,0.42,0.30866837,0.30792281,0.36534486,0.30792281,0.11207719,0.24096596,0.21924618
13.12,0.42,0.30760679,0.27645799,0.36211261,0.27645799,0.14354201,0.30861532,0.22639571
13.14,0.42,0.30656631,0.31136202,0.36026714,0.31136202,0.10863798,0.23357165,0.22696979
13.16,0.42,0.30578566,0.2034096,0.35456323,0.2034096,0.2165904,0.46566937,0.24606575
13.18,0.42,0.30509091,0.27137982,0.35153837,0.27137982,0.14862018,0.31953338,0.25194316
13.2,0.42,0.30420608,0.39250911,0.35302822,0.39250911,0.027490892,0.059105418,0.23651614
13.22,0.42,0.30321031,0.3651208,0.35346795,0.3651208,0.054879198,0.11799027,0.22703407
13.24,0.42,0.30210251,0.37067348,0.35409361,0.37067348,0.049326516,0.10605201,0.21735551
13.26,0.42,0.30112364,0.26724794,0.35093558,0.26724794,0.15275206,0.32841693,0.22624042
13.28,0.42,0.30010967,0.33627928,0.35040263,0.33627928,0.083720722,0.17999955,0.22254115
13.3,0.42,0.29904668,0.34447886,0.35018722,0.34447886,0.075521136,0.16237044,0.2177275
13.32,0.42,0.29813628,0.25615331,0.3467678,0.25615331,0.16384669,0.35227039,0.22849093
13.34,0.42,0.29719938,0.33096227,0.34619305,0.33096227,0.089037727,0.19143111,0.22552614
13.36,0.42,0.29659492,0.17075473,0.33981348,0.17075473,0.24924527,0.53587732,0.25035424
13.38,0.42,0.29589088,0.35194547,0.34025464,0.35194547,0.06805453,0.14631724,0.24203128
13.4,0.42,0.29499125,0.39964374,0.34241425,0.39964374,0.020356259,0.043765956,0.22617005
13.42,0.42,0.29423219,0.25670252,0.33929746,0.25670252,0.16329748,0.35108959,0.23616361
13.44,0.42,0.29343922,0.32984635,0.33895378,0.32984635,0.090153653,0.19383035,0.23277695
13.46,0.42,0.29240454,0.42524931,0.3420918,0.42524931,-0.0052493095,-0.011286015,0.21325192
13.48,0.42,0.29138319,0.3208267,0.34131852,0.3208267,0.099173297,0.21322259,0.21324957
13.5,0.42,0.29060893,0.21541251,0.33674012,0.21541251,0.20458749,0.43986311,0.23137865
13.52,0.42,0.28985052,0.30974707,0.33575856,0.30974707,0.11025293,0.23704381,0.23183187
13.54,0.42,0.28929117,0.22688521,0.33179953,0.22688521,0.19311479,0.4151968,0.24650106
13.56,0.42,0.28880122,0.27733195,0.32981889,0.27733195,0.14266805,0.3067363,0.25131988
13.58,0.42,0.28846599,0.23623872,0.32641597,0.23623872,0.18376128,0.39508675,0.26282123
13.6,0.42,0.28817787,0.27848183,0.32467291,0.27848183,0.14151817,0.30426406,0.26613666
13.62,0.42,0.2879013,0.29268979,0.32350989,0.29268979,0.12731021,0.27371695,0.26674308
13.64,0.42,0.28765588,0.28350251,0.32205508,0.28350251,0.13649749,0.2934696,0.2688812
13.66,0.42,0.28724176,0.37237634,0.32388494,0.37237634,0.047623656,0.10239086,0.25556197
13.68,0.42,0.286589,0.41107111,0.32705535,0.41107111,0.0089288875,0.019197108,0.23665278
13.7,0.42,0.2858711,0.34307502,0.32763788,0.34307502,0.076924982,0.16538871,0.23095166
13.72,0.42,0.2850874,0.34640185,0.32832021,0.34640185,0.073598154,0.15823603,0.22513441
13.74,0.42,0.28411953,0.40282423,0.33102944,0.40282423,0.017175773,0.036927913,0.21007789
13.76,0.42,0.28325215,0.28264333,0.32926995,0.28264333,0.13735667,0.29531685,0.21689701
13.78,0.42,0.28244436,0.29730499,0.32810759,0.29730499,0.12269501,0.26379428,0.22064879
13.8,0.42,0.28175508,0.26867158,0.32594628,0.26867158,0.15132842,0.3253561,0.22902537
13.82,0.42,0.28089081,0.39633641,0.32850592,0.39633641,0.023663591,0.050876721,0.21477348
13.84,0.42,0.28016751,0.2616066,0.32607321,0.2616066,0.1583934,0.3405458,0.22483527
13.86,0.42,0.27945657,0.31406369,0.3256365,0.31406369,0.10593631,0.22776307,0.22506949
13.88,0.42,0.27869438,0.34254041,0.32625119,0.34254041,0.077459588,0.16653811,0.22038698
13.9,0.42,0.27807572,0.25725593,0.32374227,0.25725593,0.16274407,0.34989974,0.230748
13.92,0.42,0.27752706,0.28472725,0.32232355,0.28472725,0.13527275,0.29083641,0.23555507
13.94,0.42,0.27699545,0.30595214,0.32172822,0.30595214,0.11404786,0.24520291,0.2363269
13.96,0.42,0.27647016,0.3103182,0.32131331,0.3103182,0.1096818,0.23581586,0.23628602
13.98,0.42,0.27597825,0.29811819,0.32046985,0.29811819,0.12188181,0.26204588,0.23834681
14,0.42,0.27542438,0.33991859,0.32117708,0.33991859,0.080081408,0.17217503,0.23305306
14.02,0.42,0.27494559,0.28098908,0.3197157,0.28098908,0.13901092,0.29887348,0.2383187
14.04,0.42,0.27490502,0.11448852,0.31225289,0.11448852,0.30551148,0.65684969,0.27180118
14.06,0.42,0.27491269,0.2720782,0.31079199,0.2720782,0.1479218,0.31803186,0.27549963
14.08,0.42,0.27521889,0.15730737,0.30521073,0.15730737,0.26269263,0.56478915,0.29864279
14.1,0.42,0.27575519,0.1756335,0.30049884,0.1756335,0.2443665,0.52538798,0.31678241
14.12,0.42,0.27629318,0.26878224,0.2993455,0.26878224,0.15121776,0.32511819,0.31744927
14.14,0.42,0.27669432,0.33088407,0.30049236,0.33088407,0.089115925,0.19159924,0.30738127
14.16,0.42,0.27711218,0.26716282,0.29928038,0.26716282,0.15283718,0.32859995,0.30907876
14.18,0.42,0.27736872,0.34650275,0.30099756,0.34650275,0.073497247,0.15801908,0.29699399
14.2,0.42,0.27777973,0.21076832,0.29771649,0.21076832,0.20923168,0.44984812,0.30922232
14.22,0.42,0.27827261,0.23690065,0.29550501,0.23690065,0.18309935,0.39366361,0.31597762
14.24,0.42,0.27896959,0.17820174,0.29123943,0.17820174,0.24179826,0.51986625,0.33228871
14.26,0.42,0.2799769,0.12156784,0.28506956,0.12156784,0.29843216,0.64162914,0.35703595
14.28,0.42,0.28081355,0.32497305,0.28652059,0.32497305,0.095026946,0.20430793,0.34481771
14.3,0.42,0.28142954,0.35418558,0.28898114,0.35418558,0.065814417,0.141501,0.32855237
14.32,0.42,0.28205304,0.26021804,0.28793521,0.26021804,0.15978196,0.34353121,0.32975068
14.34,0.42,0.28282538,0.19593602,0.28458978,0.19593602,0.22406398,0.48173756,0.34190963
14.36,0.42,0.28342728,0.3332795,0.28636032,0.3332795,0.086720505,0.18644908,0.32947278
14.38,0.42,0.28411309,0.22545339,0.28414552,0.22545339,0.19454661,0.41827521,0.33657698
14.4,0.42,0.28465161,0.3258265,0.28566119,0.3258265,0.094173496,0.20247302,0.32584866
14.42,0.42,0.28514075,0.28756169,0.2857303,0.28756169,0.13243831,0.28474236,0.32256016
14.44,0.42,0.28570735,0.23222787,0.28378476,0.23222787,0.18777213,0.40371009,0.32905215
14.46,0.42,0.28631451,0.24538273,0.28238832,0.24538273,0.17461727,0.37542714,0.33276215
14.48,0.42,0.28701576,0.21929932,0.28009418,0.21929932,0.20070068,0.43150646,0.34066169
14.5,0.42,0.28740982,0.39589358,0.28430506,0.39589358,0.024106417,0.051828796,0.31755506
14.52,0.42,0.2878428,0.25246763,0.28314734,0.25246763,0.16753237,0.3601946,0.32096623
14.54,0.42,0.28825983,0.27538927,0.28286523,0.27538927,0.14461073,0.31091306,0.32016197
14.56,0.42,0.28884448,0.19313151,0.27960218,0.19313151,0.22686849,0.48776725,0.3335704
14.58,0.42,0.28919531,0.36680635,0.28277324,0.36680635,0.053193655,0.11436636,0.31603407
14.6,0.42,0.28943761,0.31987079,0.28412224,0.31987079,0.10012921,0.21527779,0.30797357
14.62,0.42,0.28957699,0.32172229,0.28548952,0.32172229,0.098277715,0.21129709,0.30023945
14.64,0.42,0.28994925,0.17460991,0.28145753,0.17460991,0.24539009,0.52758869,0.31842739
14.66,0.42,0.29021826,0.31625586,0.28272293,0.31625586,0.10374414,0.22304991,0.31079719
14.68,0.42,0.29061875,0.21463633,0.28024705,0.21463633,0.20536367,0.44153189,0.32125597
14.7,0.42,0.29098441,0.28393844,0.28038128,0.28393844,0.13606156,0.29253236,0.31895808
14.72,0.42,0.29141752,0.23913607,0.27888146,0.23913607,0.18086393,0.38885745,0.32455003
14.74,0.42,0.29185371,0.2651368,0.27838165,0.2651368,0.1548632,0.33295588,0.3252225
14.76,0.42,0.29244159,0.19785276,0.27545333,0.19785276,0.22214724,0.47761656,0.33741402
14.78,0.42,0.29286822,0.33229819,0.27752041,0.33229819,0.08770181,0.18855889,0.32550561
14.8,0.42,0.2934494,0.19648593,0.27457371,0.19648593,0.22351407,0.48055525,0.33790958
14.82,0.42,0.29391436,0.31181952,0.2759281,0.31181952,0.10818048,0.23258804,0.32948386
14.84,0.42,0.29420262,0.34366679,0.27839132,0.34366679,0.076333213,0.16411641,0.31625446
14.86,0.42,0.29440155,0.31147908,0.27959451,0.31147908,0.10852092,0.23331998,0.3096197
14.88,0.42,0.29460552,0.27256343,0.27933884,0.27256343,0.14743657,0.31698862,0.31020922
14.9,0.42,0.29490334,0.23224543,0.27762635,0.23224543,0.18775457,0.40367232,0.31768627
14.92,0.42,0.29520499,0.26877618,0.27730453,0.26877618,0.15122382,0.32513121,0.31828186
14.94,0.42,0.29522252,0.39823075,0.28170184,0.39823075,0.021769245,0.046803878,0.29656362
14.96,0.42,0.29546457,0.18080053,0.27803271,0.18080053,0.23919947,0.51427885,0.31398084
14.98,0.42,0.29580392,0.22870756,0.27623906,0.22870756,0.19129244,0.41127875,0.32176467
15,0.42,0.29603206,0.31848081,0.27777513,0.31848081,0.10151919,0.21826625,0.3134848
15.02,0.42,0.2962476,0.27854686,0.27780319,0.27854686,0.14145314,0.30412426,0.31273596
15.04,0.42,0.29644264,0.28252155,0.27797477,0.28252155,0.13747845,0.29557867,0.31136337
15.06,0.42,0.29692835,0.14307426,0.27306929,0.14307426,0.27692574,0.59539035,0.33408553
15.08,0.42,0.29747926,0.23241301,0.27159088,0.23241301,0.18758699,0.40331203,0.33962365
15.1,0.42,0.29787316,0.32957948,0.27369956,0.32957948,0.090420515,0.19440411,0.32800609
15.12,0.42,0.29808813,0.34576565,0.27632015,0.34576565,0.074234346,0.15960384,0.31453391
15.14,0.42,0.29821867,0.31050438,0.27756321,0.31050438,0.10949562,0.23541559,0.30820444
15.16,0.42,0.29821988,0.3341601,0.27962128,0.3341601,0.0858399,0.18455578,0.29831255
15.18,0.42,0.29792352,0.41532291,0.28455588,0.41532291,0.0046770906,0.010055745,0.27525201
15.2,0.42,0.29767526,0.27202616,0.28410026,0.27202616,0.14797384,0.31814376,0.27868335
15.22,0.42,0.29743829,0.28673611,0.28419611,0.28673611,0.13326389,0.28651735,0.27931007
15.24,0.42,0.29702236,0.37209915,0.28739258,0.37209915,0.047900855,0.10298684,0.26520421
15.26,0.42,0.29651177,0.341724,0.28936827,0.341724,0.078276,0.1682934,0.25745134
15.28,0.42,0.29608038,0.26753692,0.2885744,0.26753692,0.15246308,0.32779563,0.26307889
15.3,0.42,0.29574171,0.25836433,0.28747585,0.25836433,0.16163567,0.34751668,0.26983391
15.32,0.42,0.29548352,0.26020622,0.28648423,0.26020622,0.15979378,0.34355664,0.27573173
15.34,0.42,0.29533052,0.24585418,0.28500677,0.24585418,0.17414582,0.37441351,0.28362627
15.36,0.42,0.29501448,0.36243511,0.28782235,0.36243511,0.057564893,0.12376452,0.27083733
15.38,0.42,0.29472041,0.28596773,0.28775491,0.28596773,0.13403227,0.28816938,0.27222389
15.4,0.42,0.29432057,0.34275376,0.28975487,0.34275376,0.077246244,0.16607942,0.26373234
15.42,0.42,0.2941069,0.21576801,0.28706443,0.21576801,0.20423199,0.43909878,0.27776165
15.44,0.42,0.29391324,0.28303654,0.28691797,0.28303654,0.13696346,0.29447143,0.27909844
15.46,0.42,0.2936191,0.33658868,0.28872417,0.33658868,0.083411317,0.17933433,0.27111731
15.48,0.42,0.29354307,0.19733234,0.28540083,0.19733234,0.22266766,0.47873546,0.28772676
15.5,0.42,0.29342041,0.3076286,0.28620912,0.3076286,0.1123714,0.24159851,0.2840365
15.52,0.42,0.29321438,0.32616319,0.28766199,0.32616319,0.093836812,0.20174915,0.27745351
15.54,0.42,0.29291602,0.3337553,0.28933811,0.3337553,0.086244704,0.18542611,0.27009132
15.56,0.42,0.29261878,0.29560644,0.28956605,0.29560644,0.12439356,0.26744615,0.26987971
15.58,0.42,0.29236519,0.2765305,0.28909203,0.2765305,0.1434695,0.30845942,0.27296608
15.6,0.42,0.2920774,0.30992937,0.28984975,0.30992937,0.11007063,0.23665184,0.27006094
15.62,0.42,0.29175044,0.31370764,0.29071731,0.31370764,0.10629236,0.22852857,0.26673835
15.64,0.42,0.29156976,0.2319289,0.28857955,0.2319289,0.1880711,0.40435287,0.27774752
15.66,0.42,0.29140629,0.28410995,0.28841702,0.28410995,0.13589005,0.29216361,0.2789008
15.68,0.42,0.29109006,0.3600577,0.29102214,0.3600577,0.0599423,0.12887595,0.26689881
15.7,0.42,0.29076489,0.30173356,0.29141164,0.30173356,0.11826644,0.25427284,0.26588874
15.72,0.42,0.29031414,0.35479761,0.29371659,0.35479761,0.065202393,0.14018515,0.25583245
15.74,0.42,0.28985512,0.30736162,0.29421277,0.30736162,0.11263838,0.24217252,0.25473966
15.76,0.42,0.28932275,0.33723264,0.29577713,0.33723264,0.08276736,0.17794982,0.24859647
15.78,0.42,0.28868735,0.35389332,0.29789044,0.35389332,0.066106684,0.14212937,0.2400791
15.8,0.42,0.2881484,0.26856781,0.29682417,0.26856781,0.15143219,0.32557922,0.24691911
15.82,0.42,0.2876992,0.26784946,0.29577054,0.26784946,0.15215054,0.32712366,0.25333547
15.84,0.42,0.28731446,0.27574032,0.29504217,0.27574032,0.14425968,0.31015831,0.2578813
15.86,0.42,0.28690876,0.31173225,0.29564908,0.31173225,0.10826775,0.23277565,0.25587285
15.88,0.42,0.28692214,0.11451998,0.28906257,0.11451998,0.30548002,0.65678204,0.28794559
15.9,0.42,0.28683208,0.33259958,0.29064573,0.33259958,0.087400419,0.1879109,0.27994281
15.92,0.42,0.28693809,0.20197265,0.28742126,0.20197265,0.21802735,0.46875881,0.29504809
15.94,0.42,0.28707402,0.26867492,0.28673957,0.26867492,0.15132508,0.32534892,0.29747216
15.96,0.42,0.28705197,0.35202751,0.28911368,0.35202751,0.067972494,0.14614086,0.28536565
15.98,0.42,0.28687894,0.35543469,0.29152535,0.35543469,0.064565313,0.13881542,0.27364163
16,0.42,0.28639942,0.43182603,0.29662719,0.43182603,-0.011826029,-0.025425963,0.24971623
16.02,0.42,0.28581989,0.35170317,0.29862996,0.35170317,0.068296826,0.14683818,0.24148598
16.04,0.42,0.2856474,0.12764544,0.29241234,0.12764544,0.29235456,0.62856229,0.27245209
16.06,0.42,0.28572272,0.18262471,0.28842006,0.18262471,0.23737529,0.51035688,0.29148447
16.08,0.42,0.28573474,0.31250711,0.28929595,0.31250711,0.10749289,0.23110971,0.28665449
16.1,0.42,0.28571009,0.30312749,0.28979892,0.30312749,0.11687251,0.2512759,0.2838242
16.12,0.42,0.28590813,0.18779204,0.28608958,0.18779204,0.23220796,0.49924712,0.30105804
16.14,0.42,0.28588533,0.37832632,0.28944364,0.37832632,0.041673679,0.08959841,0.28414127
16.16,0.42,0.28595162,0.24783125,0.28793046,0.24783125,0.17216875,0.37016282,0.29102299
16.18,0.42,0.28576173,0.39968796,0.29199437,0.39968796,0.020312041,0.043670887,0.27123482
16.2,0.42,0.28544432,0.35240265,0.29419104,0.35240265,0.067597353,0.14533431,0.26116278
16.22,0.42,0.28506891,0.32651052,0.29536629,0.32651052,0.093489477,0.20100238,0.25634995
16.24,0.42,0.28468262,0.30785236,0.29582033,0.30785236,0.11214764,0.24111743,0.25513135
16.26,0.42,0.28440628,0.25403968,0.29430103,0.25403968,0.16596032,0.35681468,0.26326601
16.28,0.42,0.28419766,0.26863919,0.29336788,0.26863919,0.15136081,0.32542573,0.26823879
16.3,0.42,0.28424515,0.18105618,0.28928381,0.18105618,0.23894382,0.51372922,0.28787803
16.32,0.42,0.28427293,0.29470777,0.28948105,0.29470777,0.12529223,0.26937829,0.28639805
16.34,0.42,0.28440429,0.23995933,0.28768026,0.23995933,0.18004067,0.38708745,0.2944532
16.36,0.42,0.28448149,0.30668441,0.28837132,0.30668441,0.11331559,0.24362853,0.29038723
16.38,0.42,0.28458764,0.27144041,0.28775565,0.27144041,0.14855959,0.31940311,0.2927085
16.4,0.42,0.28440895,0.41158797,0.29225864,0.41158797,0.0084120294,0.018085863,0.27073869
16.42,0.42,0.28427301,0.27584702,0.29166186,0.27584702,0.14415298,0.30992891,0.2738739
16.44,0.42,0.28418959,0.26974576,0.29086491,0.26974576,0.15025424,0.32304661,0.27780772
16.46,0.42,0.28407163,0.30683349,0.29144558,0.30683349,0.11316651,0.24330799,0.27504774
16.48,0.42,0.28416287,0.19849414,0.28806553,0.19849414,0.22150586,0.4762376,0.29114293
16.5,0.42,0.28420756,0.30503251,0.28868251,0.30503251,0.11496749,0.24718011,0.2876259
16.52,0.42,0.284367,0.234254,0.28670329,0.234254,0.185746,0.3993539,0.29656414
16.54,0.42,0.28471425,0.19651264,0.28342363,0.19651264,0.22348736,0.48049782,0.31127884
16.56,0.42,0.28502155,0.29119715,0.28370631,0.29119715,0.12880285,0.27692612,0.30853062
16.58,0.42,0.28521284,0.32698718,0.28528016,0.32698718,0.093012822,0.19997757,0.29984638
16.6,0.42,0.28531,0.32183846,0.28660955,0.32183846,0.098161542,0.21104731,0.29274245
16.62,0.42,0.28532476,0.32040169,0.28783835,0.32040169,0.099598314,0.21413637,0.28645397
16.64,0.42,0.28546115,0.2318765,0.28580338,0.2318765,0.1881235,0.40446553,0.29589489
16.66,0.42,0.28553773,0.30853047,0.28662982,0.30853047,0.11146953,0.2396595,0.29139606
16.68,0.42,0.28584233,0.1812774,0.28279882,0.1812774,0.2387226,0.51325358,0.30914466
16.7,0.42,0.28627942,0.2147482,0.28032425,0.2147482,0.2052518,0.44129136,0.3197164
16.72,0.42,0.28688102,0.19462565,0.27720794,0.19462565,0.22537435,0.48455484,0.33290347
16.74,0.42,0.28733572,0.32785513,0.27904966,0.32785513,0.092144873,0.19811148,0.32212011
16.76,0.42,0.2877312,0.29421278,0.27960104,0.29421278,0.12578722,0.27044252,0.31798591
16.78,0.42,0.28822409,0.22591392,0.27764878,0.22591392,0.19408608,0.41728508,0.32592984
16.8,0.42,0.28895975,0.15614804,0.27323057,0.15614804,0.26385196,0.56728172,0.34523799
16.82,0.42,0.28926264,0.4501451,0.27966383,0.4501451,-0.0301451,-0.064811965,0.31243399
16.84,0.42,0.28931402,0.38625157,0.28353975,0.38625157,0.03374843,0.072559125,0.293244
16.86,0.42,0.28924541,0.3373707,0.28549724,0.3373707,0.082629296,0.17765299,0.28399672
16.88,0.42,0.28917214,0.29040345,0.28567564,0.29040345,0.12959655,0.27863259,0.28356759
16.9,0.42,0.28925686,0.21735331,0.2831912,0.21735331,0.20264669,0.43569038,0.29573741
16.92,0.42,0.28942945,0.24236057,0.28170645,0.24236057,0.17763943,0.38192477,0.3026324
16.94,0.42,0.28989204,0.1475653,0.27682859,0.1475653,0.2724347,0.58573461,0.32528058
16.96,0.42,0.2903169,0.28302195,0.2770538,0.28302195,0.13697805,0.2945028,0.32281836
16.98,0.42,0.29073237,0.2716085,0.27685579,0.2716085,0.1483915,0.31904173,0.32251623
17,0.42,0.29117604,0.2548749,0.27605648,0.2548749,0.1651251,0.35501896,0.32511645
17.02,0.42,0.29166453,0.24600521,0.27496371,0.24600521,0.17399479,0.37408879,0.32903423
17.04,0.42,0.29215186,0.26464475,0.27458848,0.26464475,0.15535525,0.33401379,0.3294326
17.06,0.42,0.29254057,0.30837942,0.27581724,0.30837942,0.11162058,0.23998425,0.32227673
17.08,0.42,0.29293188,0.26667185,0.27548468,0.26667185,0.15332815,0.32965552,0.32286703
17.1,0.42,0.29337619,0.24366988,0.27432778,0.24366988,0.17633012,0.37910977,0.32736645
17.12,0.42,0.29395069,0.20649748,0.27186122,0.20649748,0.21350252,0.45903041,0.33789957
17.14,0.42,0.29446915,0.28474678,0.27232978,0.28474678,0.13525322,0.29079442,0.33413116
17.16,0.42,0.29471492,0.38444111,0.27640656,0.38444111,0.035558891,0.076451615,0.31351679
17.18,0.42,0.2947605,0.36295445,0.27955376,0.36295445,0.057045551,0.12264793,0.29824729
17.2,0.42,0.29465718,0.34810736,0.28204661,0.34810736,0.071892639,0.15456917,0.28675304
17.22,0.42,0.29455848,0.28514473,0.28215927,0.28514473,0.13485527,0.28993884,0.2870079
17.24,0.42,0.29447751,0.27909375,0.2820478,0.27909375,0.14090625,0.30294845,0.28828314
17.26,0.42,0.29462676,0.18264866,0.27843329,0.18264866,0.23735134,0.51030538,0.30604492
17.28,0.42,0.29469146,0.31488681,0.27975887,0.31488681,0.10511319,0.22599335,0.2996408
17.3,0.42,0.294573,0.36278559,0.28277802,0.36278559,0.057214412,0.12301099,0.28551041
17.32,0.42,0.29429681,0.35895965,0.28554826,0.35895965,0.061040354,0.13123676,0.27316852
17.34,0.42,0.29385258,0.37026816,0.28862899,0.37026816,0.049731837,0.10692345,0.25986891
17.36,0.42,0.29346017,0.27836273,0.28825567,0.27836273,0.14163727,0.30452014,0.26344101
17.38,0.42,0.2929985,0.33096069,0.28980858,0.33096069,0.089039305,0.19143451,0.25768049
17.4,0.42,0.29271799,0.22120485,0.2873139,0.22120485,0.19879515,0.42740958,0.27125882
17.42,0.42,0.29235279,0.33361907,0.28899772,0.33361907,0.086380932,0.185719,0.26441563
17.44,0.42,0.29202056,0.28429101,0.28882657,0.28429101,0.13570899,0.29177434,0.26660433
17.46,0.42,0.29153243,0.3681681,0.29171171,0.3681681,0.051831902,0.11143859,0.25419107
17.48,0.42,0.2910294,0.31132743,0.29242501,0.31132743,0.10867257,0.23364602,0.25254747
17.5,0.42,0.29067616,0.23797027,0.29044484,0.23797027,0.18202973,0.39136393,0.26365278
17.52,0.42,0.29033247,0.29511488,0.29061466,0.29511488,0.12488512,0.268503,0.2640408
17.54,0.42,0.28963628,0.45802502,0.29670231,0.45802502,-0.038025015,-0.081753782,0.23637723
17.56,0.42,0.28899946,0.2873513,0.29636227,0.2873513,0.1326487,0.28519471,0.24028263
17.58,0.42,0.28849321,0.25310682,0.29478935,0.25310682,0.16689318,0.35882033,0.24976565
17.6,0.42,0.28797662,0.31143805,0.29539475,0.31143805,0.10856195,0.2334082,0.24845705
17.62,0.42,0.28770115,0.19879504,0.29188204,0.19879504,0.22120496,0.47559067,0.26662774
17.64,0.42,0.28738136,0.31755937,0.29281576,0.31755937,0.10244063,0.22024735,0.26291731
17.66,0.42,0.28704762,0.3058544,0.29328989,0.3058544,0.1141456,0.24541304,0.26151697
17.68,0.42,0.28664946,0.32933488,0.29460062,0.32933488,0.090665122,0.19493001,0.25619001
17.7,0.42,0.28619445,0.32877246,0.29584323,0.32877246,0.091227544,0.19613922,0.25138595
17.72,0.42,0.28602028,0.17917534,0.29160076,0.17917534,0.24082466,0.51777301,0.27269691
17.74,0.42,0.2859395,0.25210224,0.29016445,0.25210224,0.16789776,0.36098018,0.27975958
17.76,0.42,0.28584835,0.29502045,0.29034103,0.29502045,0.12497955,0.26870603,0.27887529
17.78,0.42,0.28562667,0.34963389,0.29249714,0.34963389,0.070366106,0.15128713,0.26866824
17.8,0.42,0.28541705,0.29089598,0.29243891,0.29089598,0.12910402,0.27757364,0.26938067
17.82,0.42,0.28509107,0.3483512,0.29447209,0.3483512,0.071648802,0.15404492,0.26015381
17.84,0.42,0.28484579,0.26453307,0.2933834,0.26453307,0.15546693,0.3342539,0.26608182
17.86,0.42,0.28452519,0.33160478,0.29477326,0.33160478,0.088395224,0.19004973,0.25999925
17.88,0.42,0.28413588,0.33189297,0.29612307,0.33189297,0.088107033,0.18943012,0.25435372
17.9,0.42,0.2835758,0.38090604,0.29920609,0.38090604,0.039093963,0.08405202,0.24072958
17.92,0.42,0.28306977,0.2869346,0.29875985,0.2869346,0.1330654,0.28609061,0.24435847
17.94,0.42,0.28273972,0.22999267,0.29625923,0.22999267,0.19000733,0.40851577,0.25749105
17.96,0.42,0.28244838,0.2847137,0.29583939,0.2847137,0.1352863,0.29086554,0.26016101
17.98,0.42,0.28228008,0.24525048,0.29399979,0.24525048,0.17474952,0.37571147,0.26940505
18,0.42,0.28215326,0.27698184,0.29338096,0.27698184,0.14301816,0.30748904,0.27245177
18.02,0.42,0.2820506,0.28313035,0.29300821,0.28313035,0.13686965,0.29426974,0.2741972
18.04,0.42,0.28184485,0.33951765,0.29469946,0.33951765,0.080482352,0.17303706,0.26610439
18.06,0.42,0.28171074,0.26514204,0.29362465,0.26514204,0.15485796,0.33294461,0.27145161
18.08,0.42,0.28178777,0.19939084,0.29019796,0.19939084,0.22060916,0.47430969,0.28768026
18.1,0.42,0.2819206,0.26060009,0.28912168,0.26060009,0.15939991,0.34270981,0.29208262
18.12,0.42,0.28196381,0.32376279,0.29038135,0.32376279,0.096237211,0.20691,0.28526881
18.14,0.42,0.28212891,0.23213878,0.28826344,0.23213878,0.18786122,0.40390163,0.29475944
18.16,0.42,0.282137,0.3526929,0.29060633,0.3526929,0.067307099,0.14471026,0.2827555
18.18,0.42,0.28232384,0.20789113,0.28759851,0.20789113,0.21210887,0.45603408,0.29661779
18.2,0.42,0.28267238,0.20809975,0.28470764,0.20809975,0.21190025,0.45558553,0.30933521
18.22,0.42,0.28297813,0.29337153,0.28502269,0.29337153,0.12662847,0.27225121,0.30636849
18.24,0.42,0.28320382,0.31180218,0.28599649,0.31180218,0.10819782,0.23262532,0.30046904
18.26,0.42,0.28317696,0.39273076,0.28987774,0.39273076,0.027269242,0.058628871,0.28112182
18.28,0.42,0.28310425,0.31005959,0.29061162,0.31005959,0.10994041,0.23637189,0.27754183
18.3,0.42,0.28301868,0.29712526,0.29084848,0.29712526,0.12287474,0.26418068,0.27647294
18.32,0.42,0.2831421,0.1977429,0.28746283,0.1977429,0.2222571,0.47785276,0.29258332
18.34,0.42,0.28318341,0.32019038,0.28865292,0.32019038,0.09980962,0.21459068,0.28634391
18.36,0.42,0.2833739,0.21936066,0.2861332,0.21936066,0.20063934,0.43137459,0.29794637
18.38,0.42,0.28356861,0.27841303,0.28585247,0.27841303,0.14158697,0.30441198,0.29846361
18.4,0.42,0.28384734,0.24218461,0.28426454,0.24218461,0.17781539,0.38230308,0.30517077
18.42,0.42,0.2841593,0.26147312,0.28343576,0.26147312,0.15852688,0.3408328,0.30802373
18.44,0.42,0.28436591,0.32238249,0.28485201,0.32238249,0.09761751,0.20987765,0.30017205
18.46,0.42,0.28461506,0.26002017,0.28394903,0.26002017,0.15997983,0.34395663,0.30367481
18.48,0.42,0.28494654,0.24020869,0.28235848,0.24020869,0.17979131,0.38655131,0.31030493
18.5,0.42,0.2853838,0.22608422,0.28031214,0.22608422,0.19391578,0.41691893,0.31883405
18.52,0.42,0.28576226,0.29565633,0.28087011,0.29565633,0.12434367,0.26733889,0.31471444
18.54,0.42,0.28600663,0.33183886,0.28272352,0.33183886,0.088161143,0.18954646,0.304701
18.56,0.42,0.28637567,0.22068592,0.28046761,0.22068592,0.19931408,0.42852528,0.31460694
18.58,0.42,0.28667183,0.30436083,0.28133645,0.30436083,0.11563917,0.24862421,0.30932833
18.6,0.42,0.28705985,0.23301704,0.27957938,0.23301704,0.18698296,0.40201337,0.31674313
18.62,0.42,0.28749955,0.24713547,0.2783996,0.24713547,0.17286453,0.37165874,0.32113638
18.64,0.42,0.28793689,0.26913931,0.27806286,0.26913931,0.15086069,0.32435049,0.32139351
18.66,0.42,0.28849781,0.21228903,0.27567109,0.21228903,0.20771097,0.4465786,0.33140831
18.68,0.42,0.28899976,0.28916676,0.27616184,0.28916676,0.13083324,0.28129147,0.32739897
18.7,0.42,0.28949697,0.26693855,0.27582645,0.26693855,0.15306145,0.32908212,0.32753362
18.72,0.42,0.29000084,0.26176923,0.27531528,0.26176923,0.15823077,0.34019615,0.32854662
18.74,0.42,0.29033285,0.34169142,0.27772895,0.34169142,0.078308578,0.16836344,0.31573197
18.76,0.42,0.2906753,0.26651493,0.27732117,0.26651493,0.15348507,0.32999291,0.31687284
18.78,0.42,0.29104883,0.25662403,0.27656855,0.25662403,0.16337597,0.35125833,0.31962368
18.8,0.42,0.29129965,0.32445701,0.27830995,0.32445701,0.095542994,0.20541744,0.31048718
18.82,0.42,0.29157193,0.26445642,0.27780618,0.26445642,0.15554358,0.33441869,0.3124017
18.84,0.42,0.29184156,0.27431259,0.27767914,0.27431259,0.14568741,0.31322794,0.3124678
18.86,0.42,0.29214434,0.25815714,0.27696925,0.25815714,0.16184286,0.34796215,0.31530735
18.88,0.42,0.29240268,0.29161149,0.2775017,0.29161149,0.12838851,0.27603531,0.31216559
18.9,0.42,0.29262097,0.29135113,0.27800531,0.29135113,0.12864887,0.27659508,0.30931995
18.92,0.42,0.29290102,0.24703151,0.27687899,0.24703151,0.17296849,0.37188226,0.31432493
18.94,0.42,0.2932113,0.25855351,0.27621261,0.25855351,0.16144649,0.34710996,0.31694773
18.96,0.42,0.29356406,0.25163869,0.27531901,0.25163869,0.16836131,0.36197681,0.32055006
18.98,0.42,0.29393851,0.2590825,0.27472859,0.2590825,0.1609175,0.34597262,0.32258386
19,0.42,0.29445931,0.20183782,0.27207802,0.20183782,0.21816218,0.4690487,0.33430105
19.02,0.42,0.29500448,0.2505057,0.27129357,0.2505057,0.1694943,0.36441273,0.33670999
19.04,0.42,0.29535646,0.34726873,0.27405631,0.34726873,0.072731272,0.15637224,0.32228297
19.06,0.42,0.2956428,0.29763015,0.27491354,0.29763015,0.12236985,0.26309519,0.31754794
19.08,0.42,0.2961281,0.18099211,0.27149821,0.18099211,0.23900789,0.51386697,0.33325346
19.1,0.42,0.2966632,0.23974114,0.27034341,0.23974114,0.18025886,0.38755655,0.33759771
19.12,0.42,0.29716628,0.27428993,0.27048692,0.27428993,0.14571007,0.31327665,0.33565203
19.14,0.42,0.29753089,0.32334732,0.27240912,0.32334732,0.096652683,0.20780327,0.32542413
19.16,0.42,0.29774439,0.33461253,0.27467106,0.33461253,0.085387465,0.18358305,0.31407684
19.18,0.42,0.29786922,0.31262875,0.27605134,0.31262875,0.10737125,0.23084819,0.30741855
19.2,0.42,0.29777178,0.37643738,0.27970174,0.37643738,0.043562615,0.093659623,0.29031783
19.22,0.42,0.29783775,0.21190596,0.27723644,0.21190596,0.20809404,0.4474022,0.30288458
19.24,0.42,0.29780033,0.32532568,0.27898514,0.32532568,0.094674321,0.20354979,0.2949378
19.26,0.42,0.29795938,0.19451248,0.2759134,0.19451248,0.22548752,0.48479816,0.31012663
19.28,0.42,0.29782644,0.40639531,0.2806582,0.40639531,0.013604686,0.029250074,0.2876565
19.3,0.42,0.29789563,0.19590362,0.27757622,0.19590362,0.22409638,0.48180721,0.30318856
19.32,0.42,0.2976893,0.40272572,0.28212711,0.40272572,0.017274277,0.037139696,0.28190465
19.34,0.42,0.29757484,0.24868359,0.28091098,0.24868359,0.17131641,0.36833029,0.2888187
19.36,0.42,0.29725185,0.38028847,0.28452471,0.38028847,0.039711527,0.085379783,0.27254359
19.38,0.42,0.29684684,0.33207422,0.28625378,0.33207422,0.087925785,0.18904044,0.26586334
19.4,0.42,0.29652992,0.25900522,0.28526292,0.25900522,0.16099478,0.34613877,0.27228537
19.42,0.42,0.29618517,0.30773591,0.28608012,0.30773591,0.11226409,0.2413678,0.26981197
19.44,0.42,0.29596351,0.24104729,0.28444257,0.24104729,0.17895271,0.38474832,0.27900687
19.46,0.42,0.29579496,0.2675922,0.28382982,0.2675922,0.1524078,0.32767677,0.28290047
19.48,0.42,0.29548543,0.35291751,0.2863421,0.35291751,0.067082492,0.14422736,0.27180662
19.5,0.42,0.29512575,0.31797862,0.28749252,0.31797862,0.10202138,0.21934596,0.26760976
19.52,0.42,0.29509488,0.14946219,0.28247324,0.14946219,0.27053781,0.5816563,0.29273349
19.54,0.42,0.29508275,0.27558168,0.28222264,0.27558168,0.14441832,0.31049939,0.29415476
19.56,0.42,0.29484975,0.38277416,0.28587906,0.38277416,0.037225836,0.080035547,0.27702522
19.58,0.42,0.29457553,0.3110785,0.2867954,0.3110785,0.1089215,0.23418122,0.2735977
19.6,0.42,0.29417423,0.35159669,0.28915181,0.35159669,0.068403309,0.14706711,0.26347526
19.62,0.42,0.29359364,0.38057385,0.29247625,0.38057385,0.039426155,0.084766233,0.24917853
19.64,0.42,0.29287675,0.36889335,0.29525505,0.36889335,0.051106649,0.1098793,0.23803459
19.66,0.42,0.29244549,0.18475511,0.29123687,0.18475511,0.23524489,0.50577651,0.25945395
19.68,0.42,0.29207176,0.27590809,0.29067946,0.27590809,0.14409191,0.30979761,0.26348144
19.7,0.42,0.29186184,0.22581252,0.28832066,0.22581252,0.19418748,0.41750309,0.27580317
19.72,0.42,0.29194715,0.15991669,0.28365143,0.15991669,0.26008331,0.55917911,0.29847325
19.74,0.42,0.29207322,0.26231216,0.28287545,0.26231216,0.15768784,0.33902885,0.3017177
19.76,0.42,0.29216215,0.29566796,0.28334064,0.29566796,0.12433204,0.26731389,0.29896539
19.78,0.42,0.29213735,0.33167521,0.28509826,0.33167521,0.088324794,0.18989831,0.29024002
19.8,0.42,0.29206197,0.30793987,0.28592886,0.30793987,0.11206013,0.24092928,0.28629516
19.82,0.42,0.29187149,0.33913892,0.28786377,0.33913892,0.080861077,0.17385132,0.27729966
19.84,0.42,0.29158848,0.33382011,0.28953491,0.33382011,0.086179891,0.18528677,0.26993863
19.86,0.42,0.29122424,0.33269597,0.2911044,0.33269597,0.087304031,0.18770367,0.26335983
19.88,0.42,0.29087946,0.29085771,0.29109543,0.29085771,0.12914229,0.27765593,0.26450352
19.9,0.42,0.29060958,0.26523036,0.29015489,0.26523036,0.15476964,0.33275473,0.26996361
19.92,0.42,0.29031812,0.30572459,0.29072106,0.30572459,0.11427541,0.24569212,0.26802189
19.94,0.42,0.28998804,0.31443866,0.29158352,0.31443866,0.10556134,0.22695689,0.26473669
19.96,0.42,0.28967904,0.28928634,0.29149998,0.28928634,0.13071366,0.28103437,0.26604051
19.98,0.42,0.2894927,0.24278984,0.2897287,0.24278984,0.17721016,0.38100185,0.27523742
20,0.42,0.28934851,0.27406921,0.28915927,0.27406921,0.14593079,0.3137512,0.27831852
