0.301,-4352.436363055724,0,0.0002297563747257014,0
0.3057037037037037,-327.7939511573635,0,0.00305069692857124,0
0.3104074074074074,-136.3787537297115,0,0.007332520445097307,0
0.3151111111111111,-79.90353439283331,0,0.01251509094808817,0
0.3198148148148148,-54.52639876280274,0,0.01833974043197197,0
0.3245185185185185,-40.57589362328309,0,0.02464517502151041,0
0.3292222222222222,-31.92996109251011,0,0.03131854740138009,0
0.3339259259259259,-26.12614943616921,0,0.03827582791881277,0
0.3386296296296296,-22.00124517941257,0,0.04545197291541204,0
0.3433333333333333,-18.94107865487864,0,0.05279530370053295,0
0.348037037037037,-16.59365630493319,0,0.06026399375903105,0
0.3527407407407407,-14.74410247463095,0,0.06782372828190955,0
0.3574444444444445,-13.25450124397014,0,0.07544606783713789,0
0.3621481481481482,-12.03264300570646,0,0.08310726076770927,0
0.3668518518518518,-11.0147497629648,0,0.09078735527540785,0
0.3715555555555555,-10.1554268376136,0,0.09846951939983527,0
0.3762592592592592,-9.421562261208145,0,0.1061395098047962,0
0.3809629629629629,-8.78848533389332,0,0.1137852499046042,0
0.3856666666666667,-8.2374704484685,0,0.1213964901307681,0
0.3903703703703704,-7.754069987970106,0,0.1289645310851501,0
0.3950740740740741,-7.326973754877608,0,0.1364819956307738,0
0.3997777777777778,-6.94721176934473,0,0.1439426396086845,0
0.4044814814814815,-6.607586324585461,0,0.1513411934217502,0
0.4091851851851852,-6.302260369361157,0,0.1586732285548791,0
0.4138888888888889,-6.026454528654014,0,0.1659350444353798,0
0.4185925925925926,-5.776220928740949,0,0.1731235720268704,0
0.4232962962962963,-5.548272175454102,0,0.1802362912951642,0
0.428,-5.339850506876919,0,0.1872711602529231,0
0.4327037037037037,-5.148626595087807,0,0.1942265537287319,0
0.4374074074074074,-4.97262049425389,0,0.2011012103488592,0
0.4421111111111111,-4.810139315981078,0,0.2078941864901141,0
0.4468148148148148,-4.659727669738586,0,0.2146048161771868,0
0.4515185185185185,-4.520127938433334,0,0.2212326760703587,0
0.4562222222222222,-4.39024819961254,0,0.2277775548289627,0
0.4609259259259259,-4.269136139936379,0,0.2342394262495696,0
0.4656296296296296,-4.155957704449961,0,0.2406184256709969,0
0.4703333333333333,-4.049979513904079,0,0.246914829215031,0
0.475037037037037,-3.950554301456403,0,0.2531290354954347,0
0.4797407407407407,-3.857108784554498,0,0.2592615494809026,0
0.4844444444444445,-3.769133512868832,0,0.2653129682420992,0
0.4891481481481482,-3.686174328991755,0,0.2712839683503305,0
0.4938518518518519,-3.607825152616392,0,0.2771752947270187,0
0.4985555555555555,-3.533721856437712,0,0.2829877507699726,0
0.5032592592592593,-3.463537047038641,0,0.2887221896052794,0
0.5079629629629629,-3.396975599477602,0,0.294379506333158,0
0.5126666666666667,-3.33377082238,0,0.2999606311528318,0
0.5173703703703704,-3.273681152712288,0,0.3054665232658613,0
0.522074074074074,-3.216487297340571,0,0.3108981654697693,0
0.5267777777777778,-3.161989752906342,0,0.316256559364511,0
0.5314814814814814,-3.11000664722781,0,0.3215427211036277,0
0.5361851851851852,-3.060371854926507,0,0.3267576776299998,0
0.5408888888888889,-3.012933347729222,0,0.3319024633431326,0
0.5455925925925926,-2.967551746251041,0,0.3369781171510546,0
0.5502962962962963,-2.92409904529916,0,0.3419856798652632,0
0.555,-2.882457489064114,0,0.3469261919018564,0
0.5597037037037037,-2.842518576155912,0,0.3518006912561158,0
0.5644074074074074,-2.804182177433407,0,0.3566102117214344,0
0.5691111111111111,-2.767355752075189,0,0.3613557813266756,0
0.5738148148148148,-2.731953649436772,0,0.3660384209688781,0
0.5785185185185185,-2.697896486002949,0,0.3706591432207036,0
0.5832222222222222,-2.665110588233135,0,0.3752189512942355,0
0.587925925925926,-2.633527493358004,0,0.3797188381446904,0
0.5926296296296296,-2.603083501256052,0,0.3841597856993351,0
0.5973333333333334,-2.573719271450017,0,0.3885427641984459,0
0.602037037037037,-2.545379460041149,0,0.3928687316365136,0
0.6067407407407407,-2.518012392065411,0,0.3971386332931211,0
0.6114444444444445,-2.491569765327292,0,0.4013534013440078,0
0.6161481481481481,-2.466006382258753,0,0.4055139545438013,0
0.6208518518518519,-2.44127990677491,0,0.4096211979727738,0
0.6255555555555555,-2.417350643464728,0,0.4136760228407432,0
0.6302592592592593,-2.394181336772554,0,0.4176793063419488,0
0.634962962962963,-2.371736988102148,0,0.4216319115553344,0
0.6396666666666667,-2.349984689014713,0,0.42553468738525,0
0.6443703703703704,-2.3288934689017,0,0.4293884685380638,0
0.649074074074074,-2.308434155695808,0,0.4331940755306403,0
0.6537777777777778,-2.288579248343613,0,0.4369523147270353,0
0.6584814814814814,-2.26930279990346,0,0.4406639784001243,0
0.6631851851851852,-2.250580310255516,0,0.4443298448152098,0
0.6678888888888889,-2.232388627519284,0,0.4479506783329381,0
0.6725925925925926,-2.214705857369495,0,0.4515272295291369,0
0.6772962962962963,-2.197511279525739,0,0.4550602353294029,0
0.6820000000000001,-2.180785270765818,0,0.458550419156506,0
0.6867037037037037,-2.164509233879042,0,0.4619984910888499,0
0.6914074074074074,-2.148665532034313,0,0.4654051480284232,0
0.6961111111111111,-2.133237428090071,0,0.4687710738768162,0
0.7008148148148148,-2.118209028419583,0,0.4720969397180362,0
0.7055185185185185,-2.103565230866435,0,0.4753834040069729,0
0.7102222222222222,-2.089291676482036,0,0.4786311127624876,0
0.714925925925926,-2.075374704729935,0,0.4818406997642039,0
0.7196296296296296,-2.061801311871336,0,0.4850127867521715,0
0.7243333333333334,-2.048559112272594,0,0.4881479836286675,0
0.729037037037037,-2.035636302399329,0,0.4912468886614653,0
0.7337407407407407,-2.023021627283049,0,0.4943100886879872,0
0.7384444444444445,-2.010704349265424,0,0.4973381593198088,0
0.7431481481481481,-1.99867421884263,0,0.5003316651470439,0
0.7478518518518519,-1.986921447447729,0,0.5032911599421988,0
0.7525555555555555,-1.975436682023208,0,0.5062171868631179,0
0.7572592592592593,-1.964210981248406,0,0.5091102786547013,0
0.761962962962963,-1.953235793298155,0,0.5119709578490983,0
0.7666666666666667,-1.942502935019326,0,0.5147997369641303,0
0.7713703703703704,-1.932004572421411,0,0.5175971186997165,0
0.776074074074074,-1.921733202385885,0,0.5203635961321127,0
0.7807777777777778,-1.911681635506828,0,0.5230996529057929,0
0.7854814814814814,-1.901842979982392,0,0.5258057634228344,0
0.7901851851851852,-1.892210626483144,0,0.528482393029679,0
0.7948888888888889,-1.882778233929168,0,0.5311299982011695,0
0.7995925925925926,-1.873539716113174,0,0.5337490267217764,0
0.8042962962962963,-1.864489229111758,0,0.5363399178639394,0
0.8090000000000001,-1.855621159431383,0,0.5389031025634723,0
0.8137037037037037,-1.846930112839785,0,0.5414390035919819,0
0.8184074074074074,-1.838410903837194,0,0.543948035726271,0
0.8231111111111111,-1.830058545725201,0,0.5464306059147022,0
0.8278148148148148,-1.821868241234255,0,0.5488871134405051,0
0.8325185185185185,-1.813835373673609,0,0.551317950082026,0
0.8372222222222222,-1.80595549857021,0,0.553723500269917,0
0.841925925925926,-1.798224335765435,0,0.5561041412412752,0
0.8466296296296296,-1.790637761940825,0,0.5584602431907425,0
0.8513333333333334,-1.783191803545991,0,0.5607921694185876,0
0.856037037037037,-1.775882630103795,0,0.5631002764757901,0
0.8607407407407407,-1.768706547869616,0,0.565384914306156,0
0.8654444444444445,-1.761659993823146,0,0.5676464263854938,0
0.8701481481481481,-1.754739529972625,0,0.5698851498578826,0
0.8748518518518519,-1.747941837952802,0,0.5721014156690732,0
0.8795555555555555,-1.741263713899178,0,0.5742955486970548,0
0.8842592592592593,-1.734702063582248,0,0.5764678678798301,0
0.888962962962963,-1.728253897786547,0,0.5786186863404417,0
0.8936666666666667,-1.721916327920316,0,0.5807483115092896,0
0.8983703703703704,-1.715686561842515,0,0.5828570452437869,0
0.9030740740740741,-1.709561899894785,0,0.5849451839453985,0
0.9077777777777778,-1.703539731126771,0,0.5870130186741054,0
0.9124814814814814,-1.697617529703927,0,0.5890608352603458,0
0.9171851851851852,-1.691792851487633,0,0.5910889144144783,0
0.9218888888888889,-1.68606333077813,0,0.5930975318338091,0
0.9265925925925926,-1.680426677211275,0,0.5950869583072402,0
0.9312962962962963,-1.674880672800805,0,0.5970574598175754,0
0.9360000000000001,-1.669423169118194,0,0.5990092976415381,0
0.9407037037037037,-1.664052084602747,0,0.6009427284475453,0
0.9454074074074075,-1.658765401994982,0,0.6028580043912835,0
0.9501111111111111,-1.653561165886797,0,0.6047553732091338,0
0.9548148148148148,-1.64843748038227,0,0.6066350783094919,0
0.9595185185185185,-1.643392506863356,0,0.6084973588620285,0
0.9642222222222222,-1.638424461855028,0,0.6103424498849325,0
0.968925925925926,-1.633531614984779,0,0.6121705823301853,0
0.9736296296296296,-1.62871228703165,0,0.6139819831669064,0
0.9783333333333334,-1.623964848060272,0,0.6157768754628153,0
0.983037037037037,-1.619287715635638,0,0.6175554784638492,0
0.9877407407407408,-1.614679353114567,0,0.6193180076719829,0
0.9924444444444445,-1.610138268010072,0,0.6210646749212875,0
0.9971481481481481,-1.605663010425029,0,0.6227956884522698,0
1.001851851851852,-1.6014967416173,0,0.6244158817270723,0
1.006555555555556,-1.598513404118331,0,0.6255812415608462,0
1.011259259259259,-1.596197433523683,0,0.6264889160938264,0
1.015962962962963,-1.594365864311754,0,0.6272086115138156,0
1.020666666666667,-1.592927873144309,0,0.6277748144528867,0
1.02537037037037,-1.591825288493316,0,0.628209645385464,0
1.030074074074074,-1.591016425192847,0,0.6285290234378254,0
1.034777777777778,-1.590469405095339,0,0.6287451973589245,0
1.039481481481481,-1.590158788032985,0,0.6288680146446209,0
1.044185185185185,-1.590063650476867,0,0.6289056414188802,0
1.048888888888889,-1.590166393259157,0,0.6288650069823388,0
1.053592592592593,-1.590451954381537,0,0.6287520960599279,0
1.058296296296296,-1.590907263946922,0,0.6285721504087388,0
1.063,-1.591520852236495,0,0.6283298133321619,0
1.067703703703704,-1.592282559137121,0,0.6280292365583112,0
1.072407407407407,-1.593183313174186,0,0.6276741613666826,0
1.077111111111111,-1.594214959849648,0,0.6272679815363863,0
1.081814814814815,-1.595370125833089,0,0.626813793117637,0
1.086518518518518,-1.596642109816899,0,0.6263144344318204,0
1.091222222222222,-1.598024793592625,0,0.6257725186802852,0
1.095925925925926,-1.599512568726625,0,0.6251904608640254,0
1.10062962962963,-1.601100275452551,0,0.6245705002563626,0
1.105333333333333,-1.602783151260745,0,0.6239147193513999,0
1.110037037037037,-1.604556787277332,0,0.6232250599848417,0
1.114740740740741,-1.606417090968789,0,0.6225033371606657,0
1.119444444444444,-1.608360254033367,0,0.6217512509975605,0
1.124148148148148,-1.610382724583556,0,0.6209703971201005,0
1.128851851851852,-1.612481182907306,0,0.6201622757525755,0
1.133555555555556,-1.614652520236107,0,0.6193282997222043,0
1.138259259259259,-1.61689382005666,0,0.6184698015389515,0
1.142962962962963,-1.619202341587767,0,0.6175880396883652,0
1.147666666666667,-1.621575505111047,0,0.6166842042495698,0
1.15237037037037,-1.62401087889741,0,0.6157594219312928,0
1.157074074074074,-1.626506167514048,0,0.6148147606033367,0
1.161777777777778,-1.62905920133123,0,0.6138512333884628,0
1.166481481481481,-1.631667927076459,0,0.6128698023694993,0
1.171185185185185,-1.63433039930656,0,0.611871381958199,0
1.175888888888889,-1.6370447726874,0,0.6108568419655274,0
1.180592592592593,-1.639809294986695,0,0.6098270104073985,0
1.185296296296296,-1.642622300698556,0,0.6087826760751582,0
1.19,-1.645482205229513,0,0.6077245908961496,0
1.194703703703704,-1.648387499585038,0,0.6066534721063694,0
1.199407407407407,-1.651336745503477,0,0.6055700042544075,0
1.204111111111111,-1.654328570991038,0,0.6044748410534567,0
1.208814814814815,-1.65736166621717,0,0.603368607096145,0
1.213518518518518,-1.660434779734579,0,0.6022518994451865,0
1.218222222222222,-1.663546714992369,0,0.6011252891113352,0
1.222925925925926,-1.666696327114412,0,0.5999893224288326,0
1.22762962962963,-1.66988251991821,0,0.5988445223374034,0
1.232333333333333,-1.673104243152278,0,0.5976913895788768,0
1.237037037037037,-1.676360489932418,0,0.5965304038156584,0
1.241740740740741,-1.679650294359398,0,0.5953620246775176,0
1.246444444444444,-1.68297272930234,0,0.5941866927425142,0
1.251148148148148,-1.686326904333732,0,0.593004830457295,0
1.255851851851852,-1.689711963803439,0,0.5918168430014906,0
1.260555555555556,-1.693127085040272,0,0.5906231191004863,0
1.265259259259259,-1.696571476670854,0,0.5894240317904429,0
1.269962962962963,-1.700044377046439,0,0.5882199391390851,0
1.274666666666667,-1.703545052769282,0,0.5870111849254591,0
1.27937037037037,-1.707072797310877,0,0.5857980992815791,0
1.284074074074074,-1.710626929715115,0,0.5845809992986246,0
1.288777777777778,-1.714206793380032,0,0.5833601896001265,0
1.293481481481481,-1.717811754912352,0,0.5821359628843749,0
1.298185185185185,-1.721441203049574,0,0.5809086004380958,0
1.302888888888889,-1.725094547644752,0,0.579678372623278,0
1.307592592592593,-1.728771218709571,0,0.5784455393388854,0
1.312296296296296,-1.732470665511662,0,0.5772103504590442,0
1.317,-1.736192355722434,0,0.5759730462491855,0
1.321703703703704,-1.739935774612011,0,0.5747338577614972,0
1.326407407407407,-1.743700424288122,0,0.5734930072109475,0
1.331111111111111,-1.747485822976055,0,0.5722507083330441,0
1.335814814814815,-1.751291504336994,0,0.571007166724412,0
1.340518518518518,-1.75511701682227,0,0.5697625801671911,0
1.345222222222222,-1.758961923061258,0,0.5685171389381882,0
1.349925925925926,-1.762825799280785,0,0.5672710261036512,0
1.35462962962963,-1.766708234754117,0,0.5660244178004727,0
1.359333333333333,-1.770608831277701,0,0.5647774835045769,0
1.364037037037037,-1.774527202673978,0,0.5635303862871937,0
1.368740740740741,-1.778462974318708,0,0.5622832830596763,0
1.373444444444444,-1.782415782691356,0,0.5610363248074763,0
1.378148148148148,-1.786385274947186,0,0.55978965681385,0
1.382851851851852,-1.790371108509793,0,0.5585434188738363,0
1.387555555555556,-1.794372950682928,0,0.5572977454990089,0
1.392259259259259,-1.798390478280486,0,0.5560527661134751,0
1.396962962962963,-1.802423377273665,0,0.5548086052415687,0
1.401666666666667,-1.806471342454322,0,0.5535653826876502,0
1.40637037037037,-1.810534077113652,0,0.5523232137084088,0
1.411074074074074,-1.81461129273533,0,0.5510822091780374,0
1.415777777777778,-1.818702708702369,0,0.5498424757466231,0
1.420481481481481,-1.822808052016923,0,0.5486041159920859,0
1.425185185185185,-1.826927057032384,0,0.5473672285659702,0
1.429888888888889,-1.831059465197106,0,0.5461319083333835,0
1.434592592592593,-1.835205024809156,0,0.5448982465073571,0
1.439296296296296,-1.839363490781541,0,0.5436663307778836,0
1.444,-1.843534624417344,0,0.5424362454358858,0
1.448703703703704,-1.847718193194309,0,0.5412080714923384,0
1.453407407407407,-1.85191397055836,0,0.5399818867927736,0
1.458111111111111,-1.856121735725645,0,0.5387577661273674,0
1.462814814814815,-1.860341273492667,0,0.5375357813368116,0
1.467518518518518,-1.864572374054112,0,0.5363160014141554,0
1.472222222222222,-1.868814832827995,0,0.5350984926027925,0
1.476925925925926,-1.873068450287793,0,0.5338833184907642,0
1.48162962962963,-1.877333031801205,0,0.5326705401015349,0
1.486333333333333,-1.881608387475249,0,0.531460215981395,0
1.491037037037037,-1.885894332007386,0,0.5302524022836311,0
1.495740740740741,-1.890190684542401,0,0.5290471528496034,0
1.500444444444444,-1.894497268534772,0,0.5278445192868569,0
1.505148148148148,-1.898813911616259,0,0.526644551044397,0
1.509851851851852,-1.903140445468526,0,0.5254472954852338,0
1.514555555555556,-1.907476705700497,0,0.5242527979563254,0
1.519259259259259,-1.911822531730309,0,0.523061101856009,0
1.523962962962963,-1.9161777666716,0,0.5218722486990335,0
1.528666666666667,-1.920542257223982,0,0.520686278179286,0
1.53337037037037,-1.924915853567487,0,0.5195032282303037,0
1.538074074074074,-1.929298409260836,0,0.5183231350836629,0
1.542777777777778,-1.933689781143354,0,0.5171460333253244,0
1.547481481481481,-1.938089829240379,0,0.5159719559500208,0
1.552185185185185,-1.942498416672019,0,0.5148009344137575,0
1.556888888888889,-1.946915409565117,0,0.5136329986845038,0
1.561592592592593,-1.951340676968274,0,0.5124681772911447,0
1.566296296296296,-1.955774090769838,0,0.5113064973707555,0
1.571,-1.960215525618698,0,0.5101479847142688,0
1.575703703703704,-1.964664858847798,0,0.5089926638105913,0
1.580407407407407,-1.969121970400235,0,0.5078405578892323,0
1.585111111111111,-1.973586742757869,0,0.5066916889614949,0
1.589814814814815,-1.978059060872308,0,0.505546077860288,0
1.594518518518518,-1.982538812098203,0,0.5044037442786095,0
1.599222222222222,-1.987025886128744,0,0.5032647068067476,0
1.603925925925926,-1.991520174933279,0,0.5021289829682507,0
1.60862962962963,-1.99602157269697,0,0.5009965892547079,0
1.613333333333333,-2.000529975762413,0,0.4998675411593843,0
1.618037037037037,-2.005045282573129,0,0.4987418532097553,0
1.622740740740741,-2.00956739361888,0,0.4976195389989757,0
1.627444444444444,-2.014096211382718,0,0.4965006112163231,0
1.632148148148148,-2.01863164028972,0,0.4953850816766536,0
1.636851851851852,-2.023173586657326,0,0.494272961348904,0
1.641555555555556,-2.027721958647237,0,0.4931642603836743,0
1.646259259259259,-2.032276666218811,0,0.4920589881399209,0
1.650962962962963,-2.036837621083892,0,0.4909571532107971,0
1.655666666666667,-2.041404736663035,0,0.4898587634486639,0
1.66037037037037,-2.045977928043067,0,0.4887638259893047,0
1.665074074074074,-2.05055711193593,0,0.4876723472753707,0
1.669777777777778,-2.055142206638776,0,0.4865843330790812,0
1.674481481481481,-2.059733131995257,0,0.4854997885242071,0
1.679185185185185,-2.064329809357968,0,0.4844187181073612,0
1.683888888888889,-2.068932161552009,0,0.4833411257186173,0
1.688592592592593,-2.07354011283962,0,0.4822670146614838,0
1.693296296296296,-2.078153588885856,0,0.481196387672252,0
1.698,-2.082772516725258,0,0.4801292469387389,0
1.702703703703704,-2.087396824729502,0,0.4790655941184475,0
1.707407407407407,-2.092026442575979,0,0.4780054303561612,0
1.712111111111111,-2.096661301217262,0,0.4769487563009955,0
1.716814814814815,-2.101301332851469,0,0.475895572122918,0
1.721518518518518,-2.105946470893454,0,0.4748458775287612,0
1.726222222222222,-2.110596649946812,0,0.4737996717777415,0
1.730925925925926,-2.11525180577667,0,0.4727569536965002,0
1.73562962962963,-2.119911875283252,0,0.4717177216936837,0
1.740333333333333,-2.124576796476155,0,0.4706819737740759,0
1.745037037037037,-2.129246508449362,0,0.4696497075523006,0
1.749740740740741,-2.133920951356921,0,0.4686209202661037,0
1.754444444444444,-2.138600066389307,0,0.467595608789232,0
1.759148148148148,-2.143283795750416,0,0.4665737696439194,0
1.763851851851852,-2.147972082635187,0,0.4655553990129958,0
1.768555555555556,-2.152664871207829,0,0.4645404927516258,0
1.773259259259259,-2.157362106580627,0,0.4635290463986961,0
1.777962962962963,-2.162063734793318,0,0.462521055187855,0
1.782666666666667,-2.166769702793013,0,0.4615165140582215,0
1.78737037037037,-2.171479958414651,0,0.4605154176647698,0
1.792074074074074,-2.176194450361963,0,0.4595177603884025,0
1.796777777777778,-2.180913128188939,0,0.4585235363457206,0
1.801481481481481,-2.185635942281772,0,0.4575327393984995,0
1.806185185185185,-2.190362843841277,0,0.4565453631628826,0
1.810888888888889,-2.195093784865757,0,0.4555614010182967,0
1.815592592592593,-2.199828718134311,0,0.4545808461161042,0
1.820296296296296,-2.204567597190568,0,0.4536036913879932,0
1.825,-2.209310376326836,0,0.4526299295541191,0
1.829703703703704,-2.21405701056865,0,0.4516595531310026,0
1.834407407407407,-2.218807455659708,0,0.4506925544391929,0
1.839111111111111,-2.22356166804719,0,0.4497289256107005,0
1.843814814814815,-2.228319604867437,0,0.4487686585962116,0
1.848518518518519,-2.233081223931986,0,0.4478117451720858,0
1.853222222222222,-2.237846483713954,0,0.4468581769471465,0
1.857925925925926,-2.24261534333476,0,0.4459079453692688,0
1.86262962962963,-2.247387762551157,0,0.4449610417317725,0
1.867333333333333,-2.252163701742597,0,0.4440174571796254,0
1.872037037037037,-2.256943121898895,0,0.4430771827154611,0
1.876740740740741,-2.261725984608194,0,0.4421402092054194,0
1.881444444444444,-2.26651225204521,0,0.4412065273848135,0
1.886148148148148,-2.271301886959773,0,0.4402761278636277,0
1.890851851851852,-2.276094852665635,0,0.4393490011318536,0
1.895555555555556,-2.280891113029531,0,0.4384251375646676,0
1.900259259259259,-2.285690632460528,0,0.4375045274274533,0
1.904962962962963,-2.290493375899588,0,0.4365871608806778,0
1.909666666666667,-2.295299308809408,0,0.4356730279846199,0
1.91437037037037,-2.300108397164477,0,0.434762118703961,0
1.919074074074074,-2.30492060744137,0,0.4338544229122378,0
1.923777777777778,-2.309735906609266,0,0.4329499303961629,0
1.928481481481481,-2.314554262120687,0,0.4320486308598184,0
1.933185185185185,-2.319375641902444,0,0.4311505139287227,0
1.937888888888889,-2.324200014346796,0,0.4302555691537781,0
1.942592592592593,-2.329027348302803,0,0.4293637860150999,0
1.947296296296296,-2.333857613067879,0,0.4284751539257315,0
1.952,-2.338690778379538,0,0.4275896622352497,0
1.956703703703704,-2.343526814407317,0,0.4267073002332606,0
1.961407407407407,-2.348365691744889,0,0.4258280571527926,0
1.966111111111111,-2.353207381402343,0,0.4249519221735874,0
1.970814814814815,-2.358051854798645,0,0.424078884425292,0
1.975518518518519,-2.362899083754254,0,0.423208932990556,0
1.980222222222222,-2.367749040483908,0,0.4223420569080351,0
1.984925925925926,-2.372601697589567,0,0.4214782451753047,0
1.98962962962963,-2.377457028053515,0,0.4206174867516851,0
1.994333333333333,-2.382315005231591,0,0.4197597705609832,0
1.999037037037037,-2.387175602846597,0,0.4189050854941489,0
2.003740740740741,-2.392038794981824,0,0.4180534204118535,0
2.008444444444445,-2.39690455607473,0,0.4172047641469886,0
2.013148148148148,-2.401772860910744,0,0.4163591055070892,0
2.017851851851852,-2.406643684617215,0,0.4155164332766833,0
2.022555555555555,-2.411517002657471,0,0.41467673621957,0
2.027259259259259,-2.416392790825022,0,0.4138400030810275,0
2.031962962962963,-2.421271025237874,0,0.4130062225899543,0
2.036666666666667,-2.426151682332963,0,0.4121753834609426,0
2.041370370370371,-2.431034738860712,0,0.4113474743962907,0
2.046074074074074,-2.435920171879693,0,0.4105224840879509,0
2.050777777777778,-2.440807958751407,0,0.4097004012194179,0
2.055481481481482,-2.445698077135163,0,0.4088812144675594,0
2.060185185185185,-2.450590504983071,0,0.4080649125043878,0
2.064888888888889,-2.455485220535135,0,0.4072514839987779,0
2.069592592592592,-2.460382202314445,0,0.4064409176181306,0
2.074296296296296,-2.465281429122464,0,0.4056332020299839,0
2.079,-2.470182880034421,0,0.4048283259035726,0
2.083703703703704,-2.475086534394779,0,0.4040262779113398,0
2.088407407407407,-2.479992371812816,0,0.4032270467303992,0
2.093111111111111,-2.484900372158277,0,0.4024306210439509,0
2.097814814814815,-2.489810515557122,0,0.4016369895426516,0
2.102518518518519,-2.494722782387356,0,0.4008461409259419,0
2.107222222222222,-2.499637153274939,0,0.4000580639033287,0
2.111925925925926,-2.504553609089785,0,0.3992727471956267,0
2.11662962962963,-2.509472130941829,0,0.3984901795361602,0
2.121333333333333,-2.514392700177178,0,0.3977103496719245,0
2.126037037037037,-2.51931529837434,0,0.3969332463647081,0
2.130740740740741,-2.524239907340513,0,0.39615885839218,0
2.135444444444444,-2.529166509107966,0,0.3953871745489382,0
2.140148148148148,-2.53409508593047,0,0.3946181836475247,0
2.144851851851852,-2.539025620279812,0,0.3938518745194055,0
2.149555555555556,-2.543958094842369,0,0.393088236015917,0
2.154259259259259,-2.548892492515751,0,0.3923272570091814,0
2.158962962962963,-2.553828796405504,0,0.3915689263929881,0
2.163666666666667,-2.558766989821877,0,0.3908132330836473,0
2.16837037037037,-2.563707056276659,0,0.3900601660208117,0
2.173074074074074,-2.568648979480058,0,0.3893097141682701,0
2.177777777777778,-2.573592743337654,0,0.3885618665147132,0
2.182481481481481,-2.578538331947402,0,0.3878166120744714,0
2.187185185185185,-2.583485729596694,0,0.3870739398882259,0
2.191888888888889,-2.588434920759473,0,0.3863338390236946,0
2.196592592592593,-2.593385890093405,0,0.3855962985762923,0
2.201296296296297,-2.598338622437093,0,0.3848613076697667,0
2.206,-2.60329310280736,0,0.3841288554568105,0
2.210703703703704,-2.608249316396558,0,0.3833989311196507,0
2.215407407407407,-2.613207248569954,0,0.3826715238706146,0
2.220111111111111,-2.618166884863138,0,0.3819466229526748,0
2.224814814814815,-2.623128210979498,0,0.3812242176399726,0
2.229518518518518,-2.628091212787723,0,0.3805042972383213,0
2.234222222222222,-2.633055876319368,0,0.3797868510856882,0
2.238925925925926,-2.638022187766452,0,0.3790718685526581,0
2.24362962962963,-2.642990133479103,0,0.3783593390428776,0
2.248333333333334,-2.647959699963242,0,0.3776492519934808,0
2.253037037037037,-2.652930873878315,0,0.3769415968754972,0
2.257740740740741,-2.657903642035055,0,0.3762363631942422,0
2.262444444444445,-2.662877991393294,0,0.3755335404896907,0
2.267148148148148,-2.66785390905981,0,0.3748331183368337,0
2.271851851851852,-2.672831382286206,0,0.3741350863460194,0
2.276555555555555,-2.677810398466834,0,0.3734394341632793,0
2.281259259259259,-2.682790945136754,0,0.3727461514706378,0
2.285962962962963,-2.687773009969724,0,0.3720552279864081,0
2.290666666666667,-2.692756580776231,0,0.3713666534654735,0
2.295370370370371,-2.697741645501551,0,0.3706804176995552,0
2.300074074074074,-2.702728192223842,0,0.3699965105174657,0
2.304777777777778,-2.707716209152284,0,0.36931492178535,0
2.309481481481482,-2.712705684625219,0,0.3686356414069142,0
2.314185185185185,-2.717696607108364,0,0.3679586593236405,0
2.318888888888889,-2.722688965193022,0,0.3672839655149909,0
2.323592592592592,-2.727682747594333,0,0.3666115499986005,0
2.328296296296296,-2.73267794314957,0,0.3659414028304565,0
2.333,-2.737674540816432,0,0.3652735141050693,0
2.337703703703704,-2.742672529671397,0,0.3646078739556309,0
2.342407407407407,-2.747671898908087,0,0.3639444725541632,0
2.347111111111111,-2.752672637835663,0,0.363283300111657,0
2.351814814814815,-2.757674735877244,0,0.3626243468782007,0
2.356518518518519,-2.762678182568358,0,0.3619676031430986,0
2.361222222222222,-2.767682967555414,0,0.361313059234982,0
2.365925925925926,-2.772689080594207,0,0.3606607055219091,0
2.37062962962963,-2.777696511548431,0,0.3600105324114579,0
2.375333333333333,-2.782705250388237,0,0.3593625303508096,0
2.380037037037037,-2.787715287188802,0,0.3587166898268236,0
2.384740740740741,-2.792726612128922,0,0.358073001366106,0
2.389444444444444,-2.797739215489631,0,0.3574314555350686,0
2.394148148148148,-2.802753087652845,0,0.3567920429399817,0
2.398851851851852,-2.807768219100018,0,0.3561547542270184,0
2.403555555555556,-2.812784600410832,0,0.3555195800822932,0
2.40825925925926,-2.817802222261902,0,0.3548865112318925,0
2.412962962962963,-2.822821075425498,0,0.354255538441899,0
2.417666666666667,-2.827841150768295,0,0.3536266525184099,0
2.42237037037037,-2.832862439250138,0,0.3529998443075483,0
2.427074074074074,-2.837884931922831,0,0.3523751046954685,0
2.431777777777778,-2.842908619928937,0,0.3517524246083565,0
2.436481481481481,-2.847933494500606,0,0.3511317950124229,0
2.441185185185185,-2.852959546958419,0,0.350513206913892,0
2.445888888888889,-2.857986768710248,0,0.3498966513589844,0
2.450592592592593,-2.863015151250132,0,0.3492821194338951,0
2.455296296296297,-2.868044686157175,0,0.3486696022647667,0
2.46,-2.873075365094464,0,0.3480590910176563,0
2.464703703703704,-2.878107179807992,0,0.3474505768984995,0
2.469407407407407,-2.883140122125611,0,0.3468440511530687,0
2.474111111111111,-2.888174183955996,0,0.3462395050669271,0
2.478814814814815,-2.893209357287618,0,0.3456369299653791,0
2.483518518518518,-2.898245634187742,0,0.345036317213416,0
2.488222222222222,-2.903283006801446,0,0.3444376582156565,0
2.492925925925926,-2.908321467350631,0,0.3438409444162862,0
2.49762962962963,-2.913361008133073,0,0.3432461672989904,0
2.502333333333334,-2.918401621521474,0,0.3426533183868853,0
2.507037037037037,-2.923443299962533,0,0.3420623892424444,0
2.511740740740741,-2.928486035976031,0,0.3414733714674215,0
2.516444444444445,-2.933529822153922,0,0.3408862567027723,0
2.521148148148148,-2.938574651159447,0,0.3403010366285705,0
2.525851851851852,-2.943620515726265,0,0.3397177029639212,0
2.530555555555555,-2.948667408657578,0,0.3391362474668732,0
2.535259259259259,-2.953715322825293,0,0.3385566619343255,0
2.539962962962963,-2.958764251169177,0,0.3379789382019344,0
2.544666666666667,-2.963814186696032,0,0.3374030681440152,0
2.549370370370371,-2.968865122478888,0,0.3368290436734419,0
2.554074074074074,-2.973917051656203,0,0.3362568567415458,0
2.558777777777778,-2.978969967431065,0,0.33568649933801,0
2.563481481481482,-2.984023863070425,0,0.3351179634907629,0
2.568185185185185,-2.989078731904322,0,0.3345512412658688,0
2.572888888888889,-2.99413456732514,0,0.3339863247674157,0
2.577592592592593,-2.999191362786852,0,0.3334232061374033,0
2.582296296296296,-3.004249111804296,0,0.3328618775556261,0
2.587,-3.009307807952448,0,0.3323023312395572,0
2.591703703703704,-3.014367444865711,0,0.3317445594442284,0
2.596407407407407,-3.019428016237221,0,0.3311885544621095,0
2.601111111111111,-3.024489515818138,0,0.330634308622986,0
2.605814814814815,-3.029551937416985,0,0.3300818142938346,0
2.610518518518519,-3.03461527489896,0,0.3295310638786974,0
2.615222222222222,-3.039679522185285,0,0.3289820498185547,0
2.619925925925926,-3.044744673252545,0,0.3284347645911968,0
2.62462962962963,-3.049810722132052,0,0.3278892007110931,0
2.629333333333333,-3.054877662909201,0,0.3273453507292618,0
2.634037037037037,-3.059945489722857,0,0.3268032072331364,0
2.638740740740741,-3.065014196764726,0,0.326262762846433,0
2.643444444444444,-3.070083778278756,0,0.3257240102290141,0
2.648148148148148,-3.075154228560533,0,0.3251869420767543,0
2.652851851851852,-3.080225541956689,0,0.3246515511214019,0
2.657555555555556,-3.085297712864325,0,0.3241178301304419,0
2.662259259259259,-3.090370735730429,0,0.3235857719069565,0
2.666962962962963,-3.095444605051314,0,0.3230553692894862,0
2.671666666666666,-3.100519315372058,0,0.3225266151518883,0
2.67637037037037,-3.105594861285951,0,0.3219995024031964,0
2.681074074074074,-3.110671237433956,0,0.3214740239874775,0
2.685777777777778,-3.115748438504163,0,0.3209501728836905,0
2.690481481481481,-3.120826459231273,0,0.3204279421055414,0
2.695185185185185,-3.125905294396068,0,0.3199073247013398,0
2.699888888888889,-3.130984938824898,0,0.3193883137538547,0
2.704592592592593,-3.136065387389174,0,0.318870902380169,0
2.709296296296296,-3.141146635004867,0,0.3183550837315338,0
2.714,-3.146228676632017,0,0.3178408509932223,0
2.718703703703704,-3.15131150727424,0,0.3173281973843838,0
2.723407407407407,-3.156395121978252,0,0.316817116157896,0
2.728111111111111,-3.161479515833395,0,0.316307600600218,0
2.732814814814815,-3.166564683971163,0,0.3157996440312434,0
2.737518518518518,-3.171650621564752,0,0.315293239804151,0
2.742222222222222,-3.176737323828592,0,0.3147883813052581,0
2.746925925925926,-3.181824786017903,0,0.3142850619538713,0
2.75162962962963,-3.186913003428257,0,0.3137832752021377,0
2.756333333333333,-3.19200197139513,0,0.3132830145348969,0
2.761037037037037,-3.197091685293477,0,0.3127842734695314,0
2.765740740740741,-3.202182140537306,0,0.3122870455558178,0
2.770444444444444,-3.207273332579252,0,0.311791324375778,0
2.775148148148148,-3.212365256910171,0,0.3112971035435288,0
2.779851851851852,-3.21745790905872,0,0.3108043767051342,0
2.784555555555555,-3.222551284590963,0,0.3103131375384549,0
2.789259259259259,-3.227645379109964,0,0.3098233797529994,0
2.793962962962963,-3.232740188255396,0,0.3093350970897749,0
2.798666666666667,-3.237835707703156,0,0.3088482833211375,0
2.803370370370371,-3.242931933164973,0,0.3083629322506438,0
2.808074074074074,-3.248028860388041,0,0.3078790377129009,0
2.812777777777778,-3.253126485154632,0,0.307396593573418,0
2.817481481481481,-3.258224803281736,0,0.3069155937284573,0
2.822185185185185,-3.263323810620696,0,0.3064360321048852,0
2.826888888888889,-3.268423503056845,0,0.3059579026600238,0
2.831592592592592,-3.27352387650915,0,0.3054811993815023,0
2.836296296296296,-3.278624926929871,0,0.3050059162871087,0
2.841,-3.283726650304199,0,0.3045320474246422,0
2.845703703703704,-3.288829042649929,0,0.3040595868717651,0
2.850407407407408,-3.293932100017112,0,0.3035885287358549,0
2.855111111111111,-3.299035818487733,0,0.3031188671538573,0
2.859814814814815,-3.30414019417537,0,0.3026505962921391,0
2.864518518518518,-3.309245223224877,0,0.3021837103463414,0
2.869222222222222,-3.31435090181206,0,0.3017182035412329,0
2.873925925925926,-3.319457226143362,0,0.301254070130564,0
2.878629629629629,-3.324564192455546,0,0.300791304396921,0
2.883333333333333,-3.329671797015396,0,0.3003299006515795,0
2.888037037037037,-3.334780036119398,0,0.2998698532343607,0
2.892740740740741,-3.339888906093451,0,0.2994111565134854,0
2.897444444444444,-3.344998403292561,0,0.2989538048854303,0
2.902148148148148,-3.350108524100551,0,0.2984977927747828,0
2.906851851851852,-3.355219264929774,0,0.2980431146340984,0
2.911555555555556,-3.360330622220816,0,0.2975897649437566,0
2.916259259259259,-3.36544259244222,0,0.2971377382118185,0
2.920962962962963,-3.370555172090209,0,0.2966870289738833,0
2.925666666666666,-3.375668357688403,0,0.2962376317929473,0
2.93037037037037,-3.38078214578755,0,0.2957895412592612,0
2.935074074074074,-3.385896532965251,0,0.2953427519901899,0
2.939777777777778,-3.391011515825702,0,0.2948972586300707,0
2.944481481481481,-3.396127090999425,0,0.2944530558500731,0
2.949185185185185,-3.401243255143007,0,0.2940101383480596,0
2.953888888888889,-3.406360004938849,0,0.2935685008484452,0
2.958592592592593,-3.411477337094902,0,0.2931281381020593,0
2.963296296296296,-3.416595248344432,0,0.2926890448860065,0
2.968,-3.421713735445753,0,0.2922512160035293,0
2.972703703703704,-3.426832795181995,0,0.2918146462838702,0
2.977407407407407,-3.431952424360863,0,0.2913793305821339,0
2.982111111111111,-3.437072619814387,0,0.2909452637791526,0
2.986814814814815,-3.442193378398697,0,0.2905124407813481,0
2.991518518518518,-3.447314696993785,0,0.2900808565205972,0
2.996222222222222,-3.452436572503269,0,0.2896505059540969,0
3.000925925925926,-3.457559001854176,0,0.2892213840642293,0
3.00562962962963,-3.462681981996709,0,0.288793485858428,0
3.010333333333333,-3.467805509904025,0,0.2883668063690447,0
3.015037037037037,-3.472929582572015,0,0.2879413406532161,0
3.019740740740741,-3.478054197019094,0,0.2875170837927314,0
3.024444444444444,-3.483179350285971,0,0.2870940308939015,0
3.029148148148148,-3.48830503943545,0,0.286672177087426,0
3.033851851851852,-3.493431261552214,0,0.2862515175282643,0
3.038555555555555,-3.498558013742621,0,0.2858320473955037,0
3.043259259259259,-3.50368529313449,0,0.2854137618922313,0
3.047962962962963,-3.508813096876911,0,0.2849966562454039,0
3.052666666666667,-3.513941422140034,0,0.2845807257057199,0
3.057370370370371,-3.519070266114876,0,0.2841659655474911,0
3.062074074074074,-3.524199626013123,0,0.2837523710685158,0
3.066777777777778,-3.52932949906694,0,0.283339937589951,0
3.071481481481481,-3.534459882528772,0,0.2829286604561877,0
3.076185185185185,-3.539590773671162,0,0.2825185350347234,0
3.080888888888889,-3.544722169786562,0,0.2821095567160382,0
3.085592592592592,-3.549854068187143,0,0.2817017209134698,0
3.090296296296296,-3.554986466204622,0,0.2812950230630894,0
3.095,-3.560119361190073,0,0.2808894586235786,0
3.099703703703704,-3.565252750513746,0,0.2804850230761065,0
3.104407407407408,-3.5703866315649,0,0.2800817119242069,0
3.109111111111111,-3.57552100175162,0,0.2796795206936577,0
3.113814814814815,-3.580655858500651,0,0.2792784449323583,0
3.118518518518518,-3.585791199257216,0,0.2788784802102104,0
3.123222222222222,-3.590927021484859,0,0.2784796221189973,0
3.127925925925926,-3.596063322665273,0,0.2780818662722646,0
3.132629629629629,-3.60120010029813,0,0.2776852083052018,0
3.137333333333333,-3.606337351900926,0,0.2772896438745235,0
3.142037037037037,-3.611475075008812,0,0.2768951686583522,0
3.146740740740741,-3.61661326717444,0,0.2765017783561006,0
3.151444444444444,-3.6217519259678,0,0.2761094686883562,0
3.156148148148148,-3.62689104897607,0,0.2757182353967639,0
3.160851851851852,-3.632030633803451,0,0.2753280742439122,0
3.165555555555556,-3.637170678071024,0,0.2749389810132173,0
3.170259259259259,-3.64231117941659,0,0.2745509515088098,0
3.174962962962963,-3.647452135494535,0,0.2741639815554197,0
3.179666666666666,-3.652593543975661,0,0.2737780669982653,0
3.18437037037037,-3.657735402547059,0,0.2733932037029391,0
3.189074074074074,-3.662877708911952,0,0.2730093875552966,0
3.193777777777778,-3.668020460789553,0,0.2726266144613454,0
3.198481481481481,-3.673163655914933,0,0.2722448803471334,0
3.203185185185185,-3.678307292038867,0,0.2718641811586397,0
3.207888888888889,-3.683451366927706,0,0.2714845128616644,0
3.212592592592593,-3.688595878363233,0,0.2711058714417198,0
3.217296296296296,-3.69374082414253,0,0.2707282529039219,0
3.222,-3.69888620207785,0,0.2703516532728825,0
3.226703703703704,-3.704032009996468,0,0.269976068592602,0
3.231407407407407,-3.709178245740566,0,0.2696014949263627,0
3.236111111111111,-3.714324907167096,0,0.2692279283566221,0
3.240814814814815,-3.719471992147649,0,0.2688553649849083,0
3.245518518518518,-3.724619498568334,0,0.2684838009317137,0
3.250222222222222,-3.729767424329647,0,0.2681132323363917,0
3.254925925925926,-3.734915767346346,0,0.2677436553570521,0
3.25962962962963,-3.740064525547333,0,0.2673750661704578,0
3.264333333333333,-3.745213696875526,0,0.2670074609719221,0
3.269037037037037,-3.750363279287745,0,0.2666408359752062,0
3.273740740740741,-3.755513270754583,0,0.2662751874124181,0
3.278444444444444,-3.760663669260298,0,0.2659105115339108,0
3.283148148148148,-3.765814472802689,0,0.2655468046081821,0
3.287851851851852,-3.770965679392982,0,0.2651840629217743,0
3.292555555555555,-3.776117287055718,0,0.2648222827791749,0
3.297259259259259,-3.781269293828635,0,0.2644614605027175,0
3.301962962962963,-3.786421697762562,0,0.2641015924324834,0
3.306666666666667,-3.791574496921303,0,0.2637426749262038,0
3.311370370370371,-3.796727689381526,0,0.2633847043591627,0
3.316074074074074,-3.80188127323266,0,0.2630276771240994,0
3.320777777777778,-3.807035246576782,0,0.2626715896311131,0
3.325481481481481,-3.812189607528516,0,0.2623164383075665,0
3.330185185185185,-3.817344354214919,0,0.261962219597991,0
3.334888888888889,-3.822499484775387,0,0.2616089299639921,0
3.339592592592592,-3.827654997361543,0,0.2612565658841547,0
3.344296296296296,-3.832810890137139,0,0.2609051238539504,0
3.349,-3.837967161277958,0,0.2605546003856433,0
3.353703703703704,-3.843123808971702,0,0.2602049920081987,0
3.358407407407408,-3.848280831417908,0,0.2598562952671902,0
3.363111111111111,-3.853438226827838,0,0.2595085067247083,0
3.367814814814815,-3.858595993424388,0,0.2591616229592697,0
3.372518518518518,-3.863754129441993,0,0.2588156405657264,0
3.377222222222222,-3.868912633126525,0,0.2584705561551762,0
3.381925925925926,-3.874071502735203,0,0.2581263663548729,0
3.386629629629629,-3.879230736536501,0,0.2577830678081375,0
3.391333333333333,-3.884390332810054,0,0.2574406571742696,0
3.396037037037037,-3.889550289846565,0,0.2570991311284596,0
3.400740740740741,-3.894710605947718,0,0.2567584863617012,0
3.405444444444444,-3.899871279426083,0,0.2564187195807045,0
3.410148148148148,-3.905032308605035,0,0.2560798275078094,0
3.414851851851852,-3.910193691818658,0,0.2557418068808999,0
3.419555555555556,-3.915355427411665,0,0.2554046544533181,0
3.424259259259259,-3.920517513739303,0,0.2550683669937804,0
3.428962962962963,-3.92567994916728,0,0.2547329412862914,0
3.433666666666666,-3.930842732071668,0,0.2543983741300612,0
3.43837037037037,-3.936005860838831,0,0.2540646623394211,0
3.443074074074074,-3.941169333865327,0,0.2537318027437414,0
3.447777777777778,-3.946333149557844,0,0.2533997921873479,0
3.452481481481481,-3.951497306333108,0,0.2530686275294403,0
3.457185185185185,-3.956661802617801,0,0.2527383056440107,0
3.461888888888889,-3.96182663684849,0,0.252408823419762,0
3.466592592592593,-3.966991807471537,0,0.2520801777600281,0
3.471296296296296,-3.972157312943033,0,0.2517523655826925,0
3.476,-3.977323151728713,0,0.2514253838201096,0
3.480703703703704,-3.982489322303878,0,0.2510992294190253,0
3.485407407407407,-3.987655823153324,0,0.2507738993404974,0
3.490111111111111,-3.992822652771271,0,0.2504493905598179,0
3.494814814814815,-3.99798980966127,0,0.2501257000664354,0
3.499518518518518,-4.003157292336154,0,0.2498028248638769,0
3.504222222222222,-4.008325099317949,0,0.2494807619696713,0
3.508925925925926,-4.013493229137802,0,0.2491595084152726,0
3.51362962962963,-4.01866168033592,0,0.2488390612459843,0
3.518333333333333,-4.023830451461485,0,0.248519417520883,0
3.523037037037037,-4.028999541072596,0,0.2482005743127439,0
3.527740740740741,-4.034168947736197,0,0.2478825287079653,0
3.532444444444444,-4.039338670027997,0,0.2475652778064952,0
3.537148148148148,-4.04450870653242,0,0.2472488187217565,0
3.541851851851852,-4.049679055842518,0,0.2469331485805742,0
3.546555555555555,-4.054849716559922,0,0.246618264523102,0
3.551259259259259,-4.060020687294765,0,0.2463041637027497,0
3.555962962962963,-4.065191966665614,0,0.2459908432861114,0
3.560666666666667,-4.070363553299418,0,0.2456783004528931,0
3.565370370370371,-4.075535445831429,0,0.2453665323958421,0
3.570074074074074,-4.080707642905145,0,0.2450555363206755,0
3.574777777777778,-4.08588014317225,0,0.24474530944601,0
3.579481481481481,-4.09105294529254,0,0.2444358490032919,0
3.584185185185185,-4.096226047933877,0,0.244127152236727,0
3.588888888888889,-4.101399449772114,0,0.2438192164032116,0
3.593592592592592,-4.106573149491035,0,0.2435120387722642,0
3.598296296296296,-4.111747145782306,0,0.243205616625956,0
3.603,-4.1169214373454,0,0.2428999472588435,0
3.607703703703704,-4.122096022887553,0,0.2425950279779009,0
3.612407407407408,-4.127270901123693,0,0.2422908561024525,0
3.617111111111111,-4.132446070776384,0,0.2419874289641062,0
3.621814814814815,-4.137621530575774,0,0.241684743906687,0
3.626518518518518,-4.142797279259534,0,0.2413827982861705,0
3.631222222222222,-4.147973315572802,0,0.2410815894706179,0
3.635925925925926,-4.153149638268126,0,0.2407811148401102,0
3.640629629629629,-4.15832624610541,0,0.2404813717866837,0
3.645333333333333,-4.163503137851856,0,0.2401823577142652,0
3.650037037037037,-4.168680312281913,0,0.2398840700386078,0
3.654740740740741,-4.173857768177223,0,0.2395865061872275,0
3.659444444444444,-4.179035504326563,0,0.2392896635993396,0
3.664148148148148,-4.184213519525798,0,0.2389935397257957,0
3.668851851851852,-4.18939181257782,0,0.238698132029021,0
3.673555555555556,-4.194570382292508,0,0.2384034379829522,0
3.678259259259259,-4.199749227486661,0,0.2381094550729758,0
3.682962962962963,-4.204928346983965,0,0.2378161807958659,0
3.687666666666666,-4.210107739614921,0,0.2375236126597239,0
3.69237037037037,-4.215287404216817,0,0.2372317481839167,0
3.697074074074074,-4.22046733963366,0,0.2369405848990175,0
3.701777777777778,-4.225647544716136,0,0.2366501203467447,0
3.706481481481481,-4.230828018321561,0,0.2363603520799024,0
3.711185185185185,-4.236008759313824,0,0.2360712776623216,0
3.715888888888889,-4.241189766563353,0,0.2357828946688001,0
3.720592592592593,-4.246371038947054,0,0.2354952006850451,0
3.725296296296296,-4.251552575348271,0,0.2352081933076139,0
3.73,-4.256734374656739,0,0.2349218701438563,0
3.734703703703704,-4.261916435768536,0,0.2346362288118569,0
3.739407407407407,-4.267098757586034,0,0.234351266940378,0
3.744111111111111,-4.272281339017858,0,0.2340669821688023,0
3.748814814814815,-4.277464178978842,0,0.2337833721470766,0
3.753518518518518,-4.282647276389976,0,0.2335004345356553,0
3.758222222222222,-4.287830630178372,0,0.2332181670054445,0
3.762925925925926,-4.293014239277213,0,0.2329365672377465,0
3.76762962962963,-4.298198102625714,0,0.2326556329242044,0
3.772333333333333,-4.30338221916907,0,0.2323753617667472,0
3.777037037037037,-4.308566587858426,0,0.2320957514775349,0
3.781740740740741,-4.313751207650826,0,0.2318167997789047,0
3.786444444444444,-4.318936077509167,0,0.2315385044033168,0
3.791148148148148,-4.324121196402173,0,0.2312608630933001,0
3.795851851851852,-4.329306563304335,0,0.2309838736014,0
3.800555555555555,-4.334492177195883,0,0.2307075336901244,0
3.805259259259259,-4.339678037062738,0,0.2304318411318916,0
3.809962962962963,-4.344864141896478,0,0.2301567937089772,0
3.814666666666667,-4.350050490694292,0,0.2298823892134628,0
3.819370370370371,-4.355237082458939,0,0.2296086254471838,0
3.824074074074074,-4.360423916198722,0,0.2293355002216775,0
3.828777777777778,-4.365610990927431,0,0.2290630113581329,0
3.833481481481481,-4.370798305664317,0,0.2287911566873389,0
3.838185185185185,-4.375985859434046,0,0.2285199340496342,0
3.842888888888889,-4.38117365126667,0,0.2282493412948567,0
3.847592592592592,-4.386361680197582,0,0.227979376282294,0
3.852296296296296,-4.391549945267474,0,0.2277100368806333,0
3.857,-4.396738445522316,0,0.2274413209679121,0
3.861703703703704,-4.401927180013307,0,0.2271732264314688,0
3.866407407407408,-4.407116147796836,0,0.2269057511678948,0
3.871111111111111,-4.412305347934458,0,0.2266388930829848,0
3.875814814814815,-4.417494779492849,0,0.2263726500916895,0
3.880518518518519,-4.422684441543774,0,0.226107020118067,0
3.885222222222222,-4.42787433316405,0,0.2258420010952354,0
3.889925925925926,-4.433064453435509,0,0.2255775909653256,0
3.894629629629629,-4.438254801444971,0,0.2253137876794338,0
3.899333333333333,-4.443445376284205,0,0.2250505891975748,0
3.904037037037037,-4.448636177049895,0,0.2247879934886355,0
3.908740740740741,-4.4538272028436,0,0.2245259985303286,0
3.913444444444445,-4.459018452771737,0,0.2242646023091466,0
3.918148148148148,-4.464209925945529,0,0.2240038028203161,0
3.922851851851852,-4.469401621480983,0,0.223743598067752,0
3.927555555555556,-4.474593538498858,0,0.2234839860640127,0
3.932259259259259,-4.479785676124631,0,0.2232249648302548,0
3.936962962962963,-4.484978033488459,0,0.2229665323961889,0
3.941666666666666,-4.49017060972515,0,0.2227086868000349,0
3.94637037037037,-4.495363403974141,0,0.2224514260884774,0
3.951074074074074,-4.500556415379457,0,0.2221947483166227,0
3.955777777777778,-4.505749643089673,0,0.2219386515479547,0
3.960481481481481,-4.510943086257905,0,0.2216831338542911,0
3.965185185185185,-4.516136744041758,0,0.2214281933157411,0
3.969888888888889,-4.521330615603308,0,0.221173828020662,0
3.974592592592593,-4.526524700109069,0,0.2209200360656166,0
3.979296296296296,-4.531718996729958,0,0.2206668155553312,0
3.984,-4.536913504641274,0,0.2204141646026528,0
3.988703703703704,-4.542108223022663,0,0.2201620813285079,0
3.993407407407407,-4.547303151058091,0,0.2199105638618606,0
3.998111111111111,-4.552498287935816,0,0.2196596103396708,0
4.002814814814815,-4.557693632848358,0,0.219409218906854,0
4.007518518518519,-4.562889184992468,0,0.2191593877162394,0
4.012222222222222,-4.5680849435691,0,0.2189101149285302,0
4.016925925925926,-4.573280907783396,0,0.2186613987122619,0
4.021629629629629,-4.578477076844637,0,0.2184132372437634,0
4.026333333333334,-4.583673449966236,0,0.2181656287071161,0
4.031037037037037,-4.588870026365695,0,0.217918571294115,0
4.03574074074074,-4.594066805264583,0,0.2176720632042284,0
4.040444444444445,-4.599263785888517,0,0.217426102644559,0
4.045148148148148,-4.604460967467123,0,0.2171806878298052,0
4.049851851851852,-4.609658349234016,0,0.2169358169822216,0
4.054555555555556,-4.614855930426781,0,0.2166914883315805,0
4.059259259259259,-4.620053710286927,0,0.2164477001151347,0
4.063962962962963,-4.625251688059881,0,0.2162044505775776,0
4.068666666666666,-4.630449862994956,0,0.2159617379710066,0
4.073370370370371,-4.635648234345319,0,0.2157195605548848,0
4.078074074074074,-4.640846801367977,0,0.2154779165960038,0
4.082777777777777,-4.646045563323743,0,0.2152368043684462,0
4.087481481481482,-4.651244519477217,0,0.2149962221535488,0
4.092185185185185,-4.656443669096759,0,0.2147561682398655,0
4.096888888888889,-4.66164301145446,0,0.2145166409231311,0
4.101592592592593,-4.666842545826132,0,0.2142776385062244,0
4.106296296296296,-4.672042271491267,0,0.2140391592991325,0
4.111,-4.677242187733021,0,0.2138012016189144,0
4.115703703703704,-4.682442293838197,0,0.2135637637896655,0
4.120407407407408,-4.687642589097206,0,0.2133268441424819,0
4.125111111111111,-4.69284307280406,0,0.2130904410154252,0
4.129814814814814,-4.698043744256339,0,0.2128545527534869,0
4.134518518518519,-4.703244602755168,0,0.2126191777085543,0
4.139222222222222,-4.708445647605199,0,0.212384314239375,0
4.143925925925926,-4.713646878114589,0,0.2121499607115224,0
4.14862962962963,-4.71884829359497,0,0.2119161154973617,0
4.153333333333333,-4.724049893361435,0,0.2116827769760158,0
4.158037037037037,-4.729251676732514,0,0.2114499435333308,0
4.162740740740741,-4.734453643030148,0,0.2112176135618427,0
4.167444444444445,-4.739655791579671,0,0.2109857854607437,0
4.172148148148148,-4.74485812170979,0,0.210754457635849,0
4.176851851851852,-4.750060632752561,0,0.2105236284995632,0
4.181555555555556,-4.755263324043365,0,0.2102932964708477,0
4.186259259259259,-4.760466194920893,0,0.2100634599751879,0
4.190962962962963,-4.765669244727124,0,0.2098341174445602,0
4.195666666666667,-4.770872472807301,0,0.2096052673174001,0
4.20037037037037,-4.776075878509911,0,0.2093769080385696,0
4.205074074074074,-4.781279461186667,0,0.2091490380593252,0
4.209777777777778,-4.786483220192491,0,0.208921655837286,0
4.214481481481481,-4.791687154885479,0,0.2086947598364025,0
4.219185185185185,-4.796891264626901,0,0.2084683485269244,0
4.223888888888889,-4.802095548781171,0,0.2082424203853694,0
4.228592592592593,-4.807300006715824,0,0.2080169738944927,0
4.233296296296296,-4.812504637801505,0,0.207792007543255,0
4.238,-4.81770944141194,0,0.2075675198267929,0
4.242703703703704,-4.822914416923932,0,0.2073435092463869,0
4.247407407407407,-4.828119563717321,0,0.2071199743094325,0
4.252111111111111,-4.833324881174984,0,0.2068969135294087,0
4.256814814814815,-4.838530368682806,0,0.2066743254258483,0
4.261518518518518,-4.843736025629665,0,0.2064522085243083,0
4.266222222222222,-4.84894185140741,0,0.2062305613563398,0
4.270925925925926,-4.854147845410853,0,0.2060093824594583,0
4.27562962962963,-4.859354007037732,0,0.2057886703771148,0
4.280333333333333,-4.864560335688711,0,0.2055684236586661,0
4.285037037037037,-4.869766830767355,0,0.2053486408593458,0
4.289740740740741,-4.874973491680111,0,0.2051293205402354,0
4.294444444444444,-4.880180317836288,0,0.2049104612682359,0
4.299148148148148,-4.885387308648053,0,0.2046920616160386,0
4.303851851851852,-4.890594463530394,0,0.204474120162097,0
4.308555555555555,-4.895801781901116,0,0.2042566354905987,0
4.313259259259259,-4.901009263180823,0,0.204039606191437,0
4.317962962962963,-4.906216906792896,0,0.203823030860183,0
4.322666666666667,-4.911424712163474,0,0.2036069080980581,0
4.32737037037037,-4.91663267872145,0,0.2033912365119059,0
4.332074074074074,-4.921840805898444,0,0.203176014714165,0
4.336777777777778,-4.927049093128783,0,0.2029612413228419,0
4.341481481481481,-4.932257539849497,0,0.2027469149614832,0
4.346185185185186,-4.937466145500291,0,0.2025330342591493,0
4.350888888888889,-4.942674909523538,0,0.202319597850387,0
4.355592592592592,-4.947883831364255,0,0.2021066043752032,0
4.360296296296296,-4.953092910470092,0,0.201894052479038,0
4.365,-4.958302146291319,0,0.2016819408127385,0
4.369703703703704,-4.963511538280799,0,0.2014702680325324,0
4.374407407407407,-4.968721085893986,0,0.2012590328000022,0
4.379111111111111,-4.973930788588899,0,0.2010482337820586,0
4.383814814814815,-4.979140645826114,0,0.2008378696509155,0
4.388518518518518,-4.984350657068743,0,0.2006279390840635,0
4.393222222222223,-4.989560821782427,0,0.2004184407642452,0
4.397925925925926,-4.994771139435308,0,0.2002093733794291,0
4.402629629629629,-4.999981609498026,0,0.2000007356227846,0
4.407333333333333,-5.005192231443702,0,0.1997925261926572,0
4.412037037037037,-5.010403004747916,0,0.1995847437925429,0
4.416740740740741,-5.015613928888701,0,0.1993773871310641,0
4.421444444444444,-5.020825003346523,0,0.1991704549219444,0
4.426148148148148,-5.026036227604274,0,0.1989639458839841,0
4.430851851851852,-5.031247601147242,0,0.198757858741036,0
4.435555555555555,-5.03645912346312,0,0.1985521922219811,0
4.44025925925926,-5.041670794041969,0,0.1983469450607043,0
4.444962962962963,-5.04688261237622,0,0.1981421159960705,0
4.449666666666666,-5.052094577960651,0,0.1979377037719005,0
4.454370370370371,-5.05730669029238,0,0.1977337071369477,0
4.459074074074074,-5.062518948870847,0,0.1975301248448743,0
4.463777777777778,-5.067731353197797,0,0.1973269556542275,0
4.468481481481481,-5.072943902777276,0,0.1971241983284167,0
4.473185185185185,-5.078156597115611,0,0.1969218516356898,0
4.477888888888889,-5.083369435721398,0,0.1967199143491106,0
4.482592592592592,-5.088582418105489,0,0.1965183852465352,0
4.487296296296297,-5.093795543780979,0,0.1963172631105898,0
4.492,-5.099008812263189,0,0.1961165467286477,0
4.496703703703703,-5.104222223069667,0,0.1959162348928065,0
4.501407407407408,-5.109435775720153,0,0.1957163263998664,0
4.506111111111111,-5.114649469736587,0,0.1955168200513068,0
4.510814814814815,-5.119863304643084,0,0.195317714653265,0
4.515518518518519,-5.125077279965924,0,0.1951190090165136,0
4.520222222222222,-5.130291395233547,0,0.1949207019564387,0
4.524925925925926,-5.135505649976526,0,0.1947227922930181,0
4.529629629629629,-5.140720043727569,0,0.1945252788507996,0
4.534333333333334,-5.145934576021498,0,0.1943281604588792,0
4.539037037037037,-5.151149246395238,0,0.1941314359508798,0
4.54374074074074,-5.156364054387809,0,0.1939351041649299,0
4.548444444444445,-5.161578999540319,0,0.1937391639436417,0
4.553148148148148,-5.166794081395924,0,0.1935436141340914,0
4.557851851851852,-5.172009299499861,0,0.1933484535877963,0
4.562555555555556,-5.177224653399398,0,0.1931536811606956,0
4.567259259259259,-5.18244014264384,0,0.1929592957131284,0
4.571962962962963,-5.18765576678451,0,0.1927652961098139,0
4.576666666666666,-5.192871525374749,0,0.1925716812198303,0
4.581370370370371,-5.198087417969898,0,0.1923784499165941,0
4.586074074074074,-5.203303444127274,0,0.1921856010778409,0
4.590777777777777,-5.208519603406179,0,0.191993133585604,0
4.595481481481482,-5.213735895367885,0,0.1918010463261947,0
4.600185185185185,-5.218952319575608,0,0.1916093381901825,0
4.604888888888889,-5.224168875594515,0,0.1914180080723748,0
4.609592592592593,-5.229385562991702,0,0.1912270548717975,0
4.614296296296296,-5.234602381336185,0,0.1910364774916753,0
4.619,-5.239819330198893,0,0.1908462748394117,0
4.623703703703704,-5.245036409152659,0,0.1906564458265698,0
4.628407407407408,-5.250253617772198,0,0.1904669893688531,0
4.633111111111111,-5.255470955634106,0,0.1902779043860863,0
4.637814814814814,-5.260688422316854,0,0.1900891898021954,0
4.642518518518519,-5.265906017400759,0,0.1899008445451896,0
4.647222222222222,-5.271123740467996,0,0.1897128675471419,0
4.651925925925926,-5.276341591102569,0,0.1895252577441703,0
4.65662962962963,-5.281559568890319,0,0.1893380140764189,0
4.661333333333333,-5.286777673418896,0,0.1891511354880396,0
4.666037037037037,-5.291995904277756,0,0.1889646209271733,0
4.670740740740741,-5.297214261058158,0,0.1887784693459318,0
4.675444444444445,-5.302432743353143,0,0.1885926797003788,0
4.680148148148148,-5.307651350757531,0,0.1884072509505123,0
4.684851851851852,-5.31287008286791,0,0.1882221820602464,0
4.689555555555556,-5.318088939282623,0,0.1880374719973927,0
4.694259259259259,-5.323307919601759,0,0.1878531197336431,0
4.698962962962963,-5.328527023427154,0,0.1876691242445514,0
4.703666666666667,-5.333746250362363,0,0.1874854845095156,0
4.70837037037037,-5.338965600012664,0,0.1873021995117609,0
4.713074074074074,-5.344185071985044,0,0.187119268238321,0
4.717777777777778,-5.349404665888193,0,0.1869366896800214,0
4.722481481481482,-5.354624381332485,0,0.1867544628314624,0
4.727185185185185,-5.359844217929986,0,0.1865725866910005,0
4.731888888888889,-5.365064175294426,0,0.1863910602607324,0
4.736592592592593,-5.370284253041199,0,0.1862098825464776,0
4.741296296296296,-5.375504450787361,0,0.186029052557761,0
4.746,-5.380724768151604,0,0.1858485693077964,0
4.750703703703704,-5.385945204754265,0,0.1856684318134695,0
4.755407407407407,-5.391165760217299,0,0.1854886390953213,0
4.760111111111111,-5.396386434164288,0,0.1853091901775313,0
4.764814814814815,-5.401607226220423,0,0.1851300840879009,0
4.769518518518518,-5.40682813601249,0,0.1849513198578372,0
4.774222222222222,-5.412049163168876,0,0.1847728965223364,0
4.778925925925926,-5.417270307319545,0,0.1845948131199674,0
4.78362962962963,-5.42249156809604,0,0.184417068692856,0
4.788333333333333,-5.427712945131471,0,0.1842396622866683,0
4.793037037037037,-5.432934438060509,0,0.1840625929505948,0
4.797740740740741,-5.438156046519371,0,0.1838858597373348,0
4.802444444444444,-5.443377770145814,0,0.1837094617030801,0
4.807148148148148,-5.448599608579134,0,0.1835333979074995,0
4.811851851851852,-5.453821561460154,0,0.1833576674137226,0
4.816555555555555,-5.459043628431208,0,0.1831822692883249,0
4.821259259259259,-5.464265809136142,0,0.183007202601312,0
4.825962962962963,-5.469488103220304,0,0.1828324664261037,0
4.830666666666667,-5.474710510330533,0,0.1826580598395193,0
4.83537037037037,-5.479933030115157,0,0.1824839819217619,0
4.840074074074074,-5.485155662223978,0,0.1823102317564031,0
4.844777777777778,-5.490378406308267,0,0.1821368084303684,0
4.849481481481481,-5.495601262020758,0,0.1819637110339216,0
4.854185185185186,-5.500824229015643,0,0.18179093866065,0
4.858888888888889,-5.506047306948552,0,0.1816184904074497,0
4.863592592592592,-5.511270495476562,0,0.1814463653745106,0
4.868296296296296,-5.516493794258171,0,0.1812745626653016,0
4.873,-5.521717202953314,0,0.1811030813865559,0
4.877703703703704,-5.526940721223327,0,0.1809319206482571,0
4.882407407407407,-5.532164348730969,0,0.1807610795636235,0
4.887111111111111,-5.537388085140386,0,0.1805905572490947,0
4.891814814814815,-5.542611930117131,0,0.1804203528243168,0
4.896518518518518,-5.547835883328132,0,0.180250465412128,0
4.901222222222223,-5.553059944441705,0,0.1800808941385448,0
4.905925925925926,-5.558284113127534,0,0.1799116381327475,0
4.910629629629629,-5.563508389056667,0,0.1797426965270663,0
4.915333333333333,-5.568732771901509,0,0.1795740684569675,0
4.920037037037037,-5.573957261335823,0,0.179405753061039,0
4.924740740740741,-5.579181857034706,0,0.1792377494809773,0
4.929444444444444,-5.584406558674595,0,0.1790700568615728,0
4.934148148148148,-5.589631365933261,0,0.178902674350697,0
4.938851851851852,-5.59485627848979,0,0.1787356010992883,0
4.943555555555555,-5.600081296024589,0,0.1785688362613387,0
4.94825925925926,-5.605306418219374,0,0.1784023789938798,0
4.952962962962963,-5.61053164475716,0,0.1782362284569705,0
4.957666666666666,-5.615756975322261,0,0.1780703838136825,0
4.962370370370371,-5.620982409600281,0,0.1779048442300875,0
4.967074074074074,-5.6262079472781,0,0.1777396088752442,0
4.971777777777778,-5.631433588043878,0,0.1775746769211848,0
4.976481481481481,-5.636659331587044,0,0.1774100475429021,0
4.981185185185185,-5.641885177598287,0,0.1772457199183365,0
4.985888888888889,-5.647111125769555,0,0.177081693228363,0
4.990592592592592,-5.652337175794047,0,0.1769179666567784,0
4.995296296296297,-5.657563327366201,0,0.1767545393902883,0
5,-5.66278958018169,0,0.176591410618495,0
