0.01,-5.999376062489751,-499.9380062473751,-11.9987521249795,-999.8760124947502
0.01009262190987047,-5.999364452090986,-495.3488371169178,-11.99872890418197,-990.6976742338356
0.01018610170155976,-5.999352625665215,-490.8017730815679,-11.99870525133043,-981.6035461631359
0.01028044732093309,-5.999340579193811,-486.2964276369703,-11.99868115838762,-972.5928552739406
0.01037566678745186,-5.999328308583422,-481.8324178248893,-11.99865661716684,-963.6648356497785
0.0104717681948552,-5.999315809664582,-477.4093642006592,-11.99863161932916,-954.8187284013185
0.01056875971184804,-5.999303078190298,-473.0268908009298,-11.9986061563806,-946.0537816018597
0.01066664958279539,-5.99929010983461,-468.6846251117095,-11.99858021966922,-937.3692502234189
0.01076544612842315,-5.999276900191127,-464.3821980367022,-11.99855380038225,-928.7643960734044
0.01086515774652538,-5.999263444771523,-460.1192438659326,-11.99852688954305,-920.2384877318651
0.0109657929126781,-5.999249739004027,-455.8954002446619,-11.99849947800805,-911.7908004893238
0.01106736018095973,-5.999235778231868,-451.7103081425869,-11.99847155646374,-903.4206162851739
0.01116986818467823,-5.999221557711691,-447.5636118233214,-11.99844311542338,-895.1272236466428
0.01127332563710487,-5.999207072611966,-443.4549588141606,-11.99841414522393,-886.9099176283212
0.01137774133221491,-5.999192318011318,-439.3839998761177,-11.99838463602264,-878.7679997522354
0.01148312414543511,-5.999177288896897,-435.3503889742417,-11.99835457779379,-870.7007779484834
0.01158948303439811,-5.999161980162652,-431.3537832482014,-11.9983239603253,-862.7075664964028
0.01169682703970385,-5.999146386607611,-427.3938429831434,-11.99829277321522,-854.7876859662869
0.01180516528568805,-5.999130502934118,-423.4702315808171,-11.99826100586824,-846.9404631616342
0.01191450698119776,-5.999114323746031,-419.5826155309613,-11.99822864749206,-839.1652310619226
0.01202486142037412,-5.999097843546901,-415.7306643829581,-11.9981956870938,-831.4613287659162
0.01213623798344241,-5.999081056738106,-411.9140507177426,-11.99816211347621,-823.8281014354852
0.01224864613750931,-5.999063957616957,-408.132450119974,-11.99812791523391,-816.2649002399479
0.01236209543736769,-5.99904654037476,-404.3855411504578,-11.99809308074952,-808.7710823009155
0.0124765955263087,-5.99902879909485,-400.6730053188253,-11.9980575981897,-801.3460106376506
0.01259215613694151,-5.999010727750595,-396.9945270564617,-11.99802145550119,-793.9890541129233
0.01270878709202059,-5.998992320203342,-393.3497936896808,-11.99798464040668,-786.6995873793616
0.01282649830528061,-5.998973570200344,-389.7384954131505,-11.99794714040069,-779.4769908263011
0.01294529978227915,-5.998954471372642,-386.1603252635566,-11.99790894274528,-772.3206505271131
0.01306520162124721,-5.998935017232904,-382.6149790935119,-11.99787003446581,-765.2299581870238
0.01318621401394749,-5.998915201173242,-379.1021555457045,-11.99783040234648,-758.2043110914091
0.01330834724654075,-5.998895016462948,-375.6215560272808,-11.9977900329259,-751.2431120545616
0.01343161170046016,-5.998874456246243,-372.172884684466,-11.99774891249249,-744.345769368932
0.01355601785329368,-5.998853513539941,-368.7558483774162,-11.99770702707988,-737.5116967548323
0.01368157627967472,-5.998832181231083,-365.3701566553009,-11.99766436246217,-730.7403133106019
0.01380829765218092,-5.998810452074537,-362.0155217316164,-11.99762090414907,-724.0310434632328
0.01393619274224143,-5.998788318690541,-358.6916584597217,-11.99757663738108,-717.3833169194434
0.01406527242105237,-5.998765773562206,-355.3982843086026,-11.99753154712441,-710.7965686172053
0.01419554766050101,-5.998742809032975,-352.1351193388559,-11.99748561806595,-704.2702386777117
0.01432702953409831,-5.998719417304022,-348.9018861788941,-11.99743883460804,-697.8037723577881
0.0144597292179202,-5.998695590431632,-345.6983100013705,-11.99739118086326,-691.396620002741
0.01459365799155757,-5.99867132032449,-342.5241184998166,-11.99734264064898,-685.0482369996331
0.01472882723907503,-5.99864659874096,-339.3790418654983,-11.99729319748192,-678.7580837309965
0.01486524844997856,-5.998621417286291,-336.2628127644803,-11.99724283457258,-672.5256255289606
0.01500293322019218,-5.998595767409779,-333.1751663149038,-11.99719153481956,-666.3503326298076
0.01514189325304352,-5.998569640401879,-330.115840064472,-11.99713928080376,-660.231680128944
0.0152821403602587,-5.998543027391244,-327.08457396814,-11.99708605478249,-654.1691479362801
0.01542368646296628,-5.998515919341743,-324.0811103660134,-11.99703183868349,-648.1622207320268
0.01556654359271062,-5.998488307049403,-321.105193961445,-11.99697661409881,-642.2103879228899
0.0157107238924745,-5.998460181139285,-318.1565717993365,-11.99692036227857,-636.313143598673
0.01585623961771137,-5.998431532062322,-315.2349932446362,-11.99686306412464,-630.4699864892724
0.01600310313738701,-5.998402350092107,-312.3402099610358,-11.99680470018421,-624.6804199220716
0.0161513269350309,-5.998372625321568,-309.4719758898617,-11.99674525064314,-618.9439517797234
0.01630092360979741,-5.998342347659663,-306.6300472291602,-11.99668469531933,-613.2600944583204
0.01645190587753663,-5.998311506827939,-303.8141824129748,-11.99662301365588,-607.6283648259496
0.0166042865718753,-5.998280092357073,-301.0241420908125,-11.99656018471415,-602.0482841816249
0.01675807864530768,-5.998248093583337,-298.2596891072997,-11.99649618716667,-596.5193782145993
0.01691329517029648,-5.998215499644984,-295.5205884820245,-11.99643099928997,-591.041176964049
0.01706994934038408,-5.998182299478594,-292.8066073895629,-11.99636459895719,-585.6132147791258
0.01722805447131394,-5.99814848181533,-290.1175151396895,-11.99629696363066,-580.2350302793791
0.0173876240021625,-5.998114035177133,-287.4530831577684,-11.99622807035427,-574.9061663155368
0.01754867149648151,-5.998078947872846,-284.8130849653247,-11.99615789574569,-569.6261699306493
0.01771121064345088,-5.998043207994272,-282.1972961607951,-11.99608641598854,-564.3945923215903
0.01787525525904235,-5.99800680341216,-279.6054944004528,-11.99601360682432,-559.2109888009055
0.01804081928719383,-5.997969721772088,-277.037459379509,-11.99593944354418,-554.0749187590179
0.01820791680099463,-5.997931950490326,-274.4929728133876,-11.99586390098065,-548.9859456267751
0.01837656200388171,-5.997893476749569,-271.9718184191707,-11.99578695349914,-543.9436368383415
0.01854676923084699,-5.997854287494617,-269.473781897216,-11.99570857498923,-538.947563794432
0.01871855294965579,-5.99781436942798,-266.9986509129401,-11.99562873885596,-533.9973018258803
0.01889192776207666,-5.997773709005381,-264.546215078772,-11.99554741801076,-529.092430157544
0.01906690840512252,-5.997732292431206,-262.1162659362696,-11.99546458486241,-524.2325318725392
0.01924350975230331,-5.997690105653837,-259.7085969384012,-11.99538021130767,-519.4171938768023
0.01942174681489026,-5.997647134360922,-257.32300343199,-11.99529426872184,-514.64600686398
0.01960163474319186,-5.997603363974553,-254.9592826403183,-11.99520672794911,-509.9185652806366
0.01978318882784164,-5.997558779646355,-252.6172336458928,-11.99511755929271,-505.2344672917855
0.01996642450109793,-5.997513366252475,-250.296657373366,-11.99502673250495,-500.5933147467319
0.02015135733815557,-5.997467108388505,-247.9973565726162,-11.99493421677701,-495.9947131452324
0.02033800305846981,-5.99741999036427,-245.7191358019817,-11.99483998072854,-491.4382716039633
0.02052637752709252,-5.997371996198566,-243.461801411648,-11.99474399239713,-486.9236028232959
0.02071649675602069,-5.997323109613769,-241.2251615271894,-11.99464621922754,-482.4503230543787
0.0209083769055575,-5.997273314030361,-239.009026033259,-11.99454662806072,-478.018052066518
0.02110203428568596,-5.997222592561339,-236.8132065574302,-11.99444518512268,-473.6264131148605
0.0212974853574552,-5.997170928006557,-234.6375164541862,-11.99434185601311,-469.2750329083723
0.02149474673437981,-5.997118302846907,-232.4817707890541,-11.99423660569381,-464.9635415781081
0.02169383518385185,-5.997064699238458,-230.345786322888,-11.99412939847692,-460.6915726457761
0.02189476762856622,-5.997010099006437,-228.2293814962934,-11.99402019801287,-456.4587629925869
0.02209756114795902,-5.996954483639124,-226.1323764141958,-11.99390896727825,-452.2647528283915
0.02230223297965938,-5.996897834281627,-224.0545928305496,-11.99379566856325,-448.1091856610991
0.02250880052095462,-5.996840131729547,-221.9958541331889,-11.99368026345909,-443.9917082663778
0.02271728133026905,-5.996781356422534,-219.9559853288163,-11.99356271284507,-439.9119706576325
0.0229276931286565,-5.9967214884377,-217.9348130281284,-11.9934429768754,-435.8696260562567
0.02314005380130653,-5.996660507482945,-215.9321654310795,-11.99332101496589,-431.864330862159
0.02335438139906478,-5.996598392890129,-213.9478723122789,-11.99319678578026,-427.8957446245579
0.02357069413996728,-5.996535123608143,-211.9817650065232,-11.99307024721629,-423.9635300130464
0.02378901041078893,-5.996470678195845,-210.0336763944603,-11.99294135639169,-420.0673527889207
0.02400934876860653,-5.996405034814865,-208.1034408883855,-11.99281006962973,-416.206881776771
0.02423172794237599,-5.996338171222273,-206.1908944181675,-11.99267634244455,-412.3817888363349
0.02445616683452445,-5.99627006476313,-204.2958744173033,-11.99254012952626,-408.5917488346067
0.02468268452255692,-5.996200692362886,-202.4182198091018,-11.99240138472577,-404.8364396182037
0.02491130026067789,-5.996130030519652,-200.5577709929928,-11.9922600610393,-401.1155419859855
0.02514203348142798,-5.996058055296314,-198.714369830962,-11.99211611059263,-397.4287396619241
0.02537490379733571,-5.995984742312531,-196.8878596341115,-11.99196948462506,-393.775719268223
0.02560993100258458,-5.995910066736555,-195.0780851493412,-11.99182013347311,-390.1561702986825
0.02584713507469564,-5.99583400327692,-193.2848925461545,-11.99166800655384,-386.5697850923089
0.02608653617622548,-5.995756526173993,-191.5081294035837,-11.99151305234799,-383.0162588071674
0.02632815465648021,-5.995677609191331,-189.7476446972356,-11.99135521838266,-379.4952893944713
0.02657201105324505,-5.995597225606916,-188.0032887864562,-11.99119445121383,-376.0065775729124
0.02681812609453014,-5.995515348204223,-186.2749134016119,-11.99103069640845,-372.5498268032238
0.02706652070033241,-5.995431949263118,-184.5623716314889,-11.99086389852624,-369.1247432629779
0.02731721598441376,-5.99534700055059,-182.8655179108073,-11.99069400110118,-365.7310358216146
0.02757023325609584,-5.995260473311324,-181.1842080078488,-11.99052094662265,-362.3684160156975
0.02782559402207124,-5.995172338258099,-179.5182990121997,-11.9903446765162,-359.0365980243993
0.02808331998823172,-5.995082565562006,-177.8676493226045,-11.99016513112401,-355.7352986452091
0.02834343306151309,-5.994991124842491,-176.2321186349323,-11.98998224968498,-352.4642372698646
0.02860595535175742,-5.994897985157225,-174.6115679302517,-11.98979597031445,-349.2231358605034
0.02887090917359236,-5.994803114991783,-173.005859463017,-11.98960622998357,-346.011718926034
0.02913831704832787,-5.994706482249139,-171.4148567493615,-11.98941296449828,-342.829713498723
0.02940820170587064,-5.994608054238958,-169.8384245554981,-11.98921610847792,-339.6768491109961
0.02968058608665602,-5.994507797666722,-168.2764288862267,-11.98901559533344,-336.5528577724534
0.02995549334359813,-5.99440567862263,-166.7287369735469,-11.98881135724526,-333.4574739470937
0.03023294684405778,-5.994301662570315,-165.1952172653743,-11.98860332514063,-330.3904345307485
0.03051297017182869,-5.994195714335357,-163.6757394143614,-11.98839142867071,-327.3514788287229
0.03079558712914227,-5.994087798093572,-162.1701742668203,-11.98817559618714,-324.3403485336405
0.03108082173869064,-5.993977877359113,-160.6783938517466,-11.98795575471823,-321.3567877034933
0.03136869824566876,-5.993865914972328,-159.2002713699449,-11.98773182994466,-318.4005427398897
0.03165924111983522,-5.993751873087444,-157.7356811832526,-11.98750374617489,-315.4713623665051
0.03195247505759212,-5.993635713159973,-156.2844988038642,-11.98727142631995,-312.5689976077284
0.03224842498408442,-5.993517395933925,-154.8466008837516,-11.98703479186785,-309.6932017675032
0.03254711605531848,-5.993396881428794,-153.4218652041831,-11.98679376285759,-306.8437304083661
0.03284857366030044,-5.993274128926305,-152.0101706653369,-11.98654825785261,-304.0203413306738
0.03315282342319425,-5.993149096956889,-150.6113972760108,-11.98629819391378,-301.2227945520215
0.03345989120549973,-5.993021743285982,-149.2254261434261,-11.98604348657196,-298.4508522868522
0.03376980310825092,-5.992892024900021,-147.8521394631247,-11.98578404980004,-295.7042789262493
0.03408258547423452,-5.992759897992199,-146.4914205089587,-11.9855197959844,-292.9828410179175
0.03439826489022924,-5.992625317948001,-145.1431536231722,-11.985250635896,-290.2863072463444
0.03471686818926562,-5.992488239330434,-143.8072242065734,-11.98497647866087,-287.6144484131468
0.03503842245290674,-5.992348615865013,-142.4835187087976,-11.98469723173003,-284.9670374175951
0.03536295501355043,-5.992206400424489,-141.1719246186585,-11.98441280084898,-282.3438492373169
0.0356904934567523,-5.992061545013288,-139.8723304545888,-11.98412309002658,-279.7446609091775
0.0360210656235707,-5.991914000751676,-138.5846257551677,-11.98382800150335,-277.1692515103353
0.03635469961293319,-5.991763717859643,-137.3087010697355,-11.98352743571929,-274.6174021394711
0.03669142378402492,-5.991610645640506,-136.044447949095,-11.98322129128101,-272.0888958981901
0.03703126675869927,-5.991454732464204,-134.7917589362962,-11.98290946492841,-269.5835178725925
0.03737425742391064,-5.991295925750308,-133.5505275575077,-11.98259185150062,-267.1010551150154
0.03772042493416997,-5.991134171950741,-132.3206483129702,-11.98226834390148,-264.6412966259405
0.03806979871402286,-5.990969416532146,-131.1020166680336,-11.98193883306429,-262.2040333360672
0.03842240846055059,-5.990801603958006,-129.8945290442763,-11.98160320791601,-259.7890580885526
0.03877828414589457,-5.990630677670382,-128.6980828107054,-11.98126135534076,-257.3961656214108
0.03913745601980384,-5.990456580071384,-127.5125762750383,-11.98091316014277,-255.0251525500767
0.03949995461220645,-5.990279252504262,-126.3379086750634,-11.98055850500852,-252.6758173501269
0.03986581073580441,-5.990098635234212,-125.173980170081,-11.98019727046842,-250.3479603401619
0.04023505548869291,-5.989914667428805,-124.0206918324213,-11.97982933485761,-248.0413836648425
0.04060772025700365,-5.989727287138088,-122.8779456390415,-11.97945457427618,-245.7558912780831
0.04098383671757262,-5.989536431274336,-121.7456444631999,-11.97907286254867,-243.4912889263997
0.04136343684063275,-5.989342035591436,-120.6236920662043,-11.97868407118287,-241.2473841324087
0.04174655289253137,-5.989144034663925,-119.5119930892394,-11.97828806932785,-239.0239861784789
0.04213321743847287,-5.988942361865629,-118.410453045266,-11.97788472373126,-236.820906090532
0.04252346334528682,-5.988736949347981,-117.3189783109964,-11.97747389869596,-234.6379566219928
0.04291732378422158,-5.988527728017897,-116.2374761189429,-11.97705545603579,-232.4749522378857
0.04331483223376401,-5.988314627515301,-115.1658545495386,-11.9766292550306,-230.3317090990772
0.04371602248248505,-5.988097576190264,-114.1040225233318,-11.97619515238053,-228.2080450466635
0.04412092863191187,-5.98787650107971,-113.0518897932503,-11.97575300215942,-226.1037795865005
0.04452958509942655,-5.987651327883742,-112.0093669369381,-11.97530265576748,-224.0187338738762
0.04494202662119142,-5.987421980941554,-110.9763653491619,-11.97484396188311,-221.9527306983238
0.04535828825510189,-5.987188383206913,-109.9527972342867,-11.97437676641383,-219.9055944685734
0.04577840538376619,-5.986950456223219,-108.9385755988214,-11.97390091244644,-217.8771511976429
0.04620241371751311,-5.98670812009814,-107.9336142440321,-11.97341624019628,-215.8672284880642
0.04663034929742731,-5.986461293477793,-106.9378277586233,-11.97292258695559,-213.8756555172466
0.04706224849841281,-5.986209893520489,-105.9511315114866,-11.97241978704098,-211.9022630229732
0.04749814803228502,-5.985953835870033,-104.9734416445156,-11.97190767174007,-209.9468832890311
0.04793808495089109,-5.985693034628531,-104.0046750654868,-11.97138606925706,-208.0093501309736
0.04838209664925955,-5.98542740232877,-103.0447494410059,-11.97085480465754,-206.0894988820118
0.0488302208687788,-5.985156849906092,-102.093583189519,-11.97031369981218,-204.187166379038
0.04928249570040513,-5.984881286669796,-101.1510954743876,-11.96976257333959,-202.3021909487752
0.04973895958790065,-5.984600620274055,-100.2172061970276,-11.96920124054811,-200.4344123940552
0.05019965133110082,-5.984314756688322,-99.29183599011094,-11.96862951337664,-198.5836719802219
0.05066461008921268,-5.984023600167251,-98.37490621082998,-11.9680472003345,-196.74981242166
0.05113387538414326,-5.983727053220073,-97.46633893422367,-11.96745410644015,-194.9326778684473
0.05160748710385907,-5.983425016579492,-96.56605694656479,-11.96685003315898,-193.1321138931296
0.05208548550577663,-5.983117389170013,-95.67398373880819,-11.96623477834003,-191.3479674776164
0.05256791122018422,-5.982804068075758,-94.79004350009953,-11.96560813615152,-189.5800870001991
0.05305480525369574,-5.982484948507722,-93.91416111134286,-11.96496989701544,-187.8283222226857
0.05354620899273608,-5.9821599237705,-93.04626213882825,-11.964319847541,-186.0925242776565
0.05404216420705915,-5.981828885228412,-92.18627282791729,-11.96365777045682,-184.3725456558346
0.05454271305329834,-5.981491722271094,-91.33412009678707,-11.96298344454219,-182.6682401935741
0.05504789807854971,-5.981148322278504,-90.48973153023188,-11.96229664455701,-180.9794630604638
0.05555776222398878,-5.980798570585327,-89.65303537352111,-11.96159714117065,-179.3060707470422
0.05607234882852033,-5.980442350444787,-88.82396052631464,-11.96088470088957,-177.6479210526293
0.05659170163246242,-5.980079542991886,-88.00243653663377,-11.96015908598377,-176.0048730732675
0.05711586478126432,-5.979710027205982,-87.18839359488747,-11.95942005441196,-174.3767871897749
0.05764488282925876,-5.979333679872782,-86.38176252795421,-11.95866735974556,-172.7635250559084
0.05817880074344935,-5.978950375545686,-85.58247479331767,-11.95790075109137,-171.1649495866353
0.05871766390733255,-5.978559986506515,-84.79046247325712,-11.95711997301303,-169.5809249465142
0.05926151812475552,-5.978162382725557,-84.00565826909062,-11.95632476545111,-168.0113165381812
0.05981040962380941,-5.977757431820986,-83.22799549547192,-11.95551486364197,-166.4559909909438
0.06036438506075867,-5.977344999017595,-82.45740807473989,-11.95468999803519,-164.9148161494798
0.06092349152400712,-5.976924947104877,-81.69383053131948,-11.95384989420975,-163.387661062639
0.06148777653810023,-5.976497136394388,-80.93719798617521,-11.95299427278878,-161.8743959723504
0.062057288067765,-5.976061424676456,-80.18744615131521,-11.95212284935291,-160.3748923026304
0.06263207452198689,-5.975617667176147,-79.44451132434622,-11.95123533435229,-158.8890226486924
0.06321218475812451,-5.975165716508564,-78.70833038307917,-11.95033143301713,-157.4166607661583
0.06379766808606283,-5.974705422633372,-77.97884078018402,-11.94941084526674,-155.957681560368
0.0643885742724042,-5.974236632808639,-77.2559805378947,-11.94847326561728,-154.5119610757894
0.06498495354469888,-5.973759191543914,-76.53968824276254,-11.94751838308783,-153.0793764855251
0.06558685659571432,-5.973272940552556,-75.82990304045832,-11.94654588110511,-151.6598060809166
0.06619433458774392,-5.972777718703309,-75.12656463062291,-11.94555543740662,-150.2531292612458
0.06680743915695615,-5.972273361971105,-74.42961326176483,-11.94454672394221,-148.8592265235297
0.06742622241778343,-5.971759703387095,-73.73898972620589,-11.94351940677419,-147.4779794524118
0.06805073696735206,-5.971236572987883,-73.05463535507303,-11.94247314597577,-146.1092707101461
0.06868103588995304,-5.970703797763974,-72.37649201333713,-11.94140759552795,-144.7529840266743
0.06931717276155404,-5.970161201607404,-71.70450209489773,-11.94032240321481,-143.4090041897955
0.06995920165435375,-5.969608605258553,-71.03860851771307,-11.93921721051711,-142.0772170354261
0.07060717714137772,-5.969045826252161,-70.37875471897623,-11.93809165250432,-140.7575094379525
0.07126115430111749,-5.968472678862465,-69.7248846503349,-11.93694535772493,-139.4497693006698
0.0719211887222119,-5.967888974047531,-69.07694277315706,-11.93577794809506,-138.1538855463141
0.07258733650817249,-5.9672945193927,-68.43487405383962,-11.9345890387854,-136.8697481076792
0.0732596542821523,-5.966689119053193,-67.79862395916123,-11.93337823810639,-135.5972479183225
0.07393819919175866,-5.966072573695848,-67.16813845167871,-11.9321451473917,-134.3362769033574
0.07462302891391112,-5.965444680439949,-66.54336398516585,-11.9308893608799,-133.0867279703317
0.07531420165974372,-5.964805232797194,-65.92424750009549,-11.92961046559439,-131.848495000191
0.07601177617955326,-5.964154020610742,-65.31073641916318,-11.92830804122148,-130.6214728383264
0.07671581176779302,-5.963490829993366,-64.70277864285327,-11.92698165998673,-129.4055572857065
0.07742636826811269,-5.962815443264678,-64.10032254504644,-11.92563088652936,-128.2006450900929
0.07814350607844546,-5.962127638887442,-63.50331696866805,-11.92425527777488,-127.0066339373361
0.07886728615614153,-5.961427191402941,-62.91171122137791,-11.92285438280588,-125.8234224427558
0.07959777002314981,-5.960713871365396,-62.32545507130003,-11.92142774273079,-124.6509101426001
0.08033501977124735,-5.959987445275464,-61.74449874279285,-11.91997489055093,-123.4889974855857
0.08107909806731686,-5.959247675512734,-61.16879291225933,-11.91849535102547,-122.3375858245187
0.08183006815867394,-5.958494320267299,-60.59828870399618,-11.9169886405346,-121.1965774079924
0.08258799387844268,-5.957727133470311,-60.03293768608279,-11.91545426694062,-120.0658753721656
0.08335293965098191,-5.956945864723596,-59.47269186630853,-11.91389172944719,-118.9453837326171
0.08412497049736119,-5.956150259228256,-58.91750368813889,-11.91230051845651,-117.8350073762778
0.08490415204088747,-5.955340057712265,-58.36732602671982,-11.91068011542453,-116.7346520534396
0.08569055051268351,-5.954514996357099,-57.82211218491979,-11.9090299927142,-115.6442243698396
0.08648423275731722,-5.953674806723313,-57.28181588940967,-11.90734961344663,-114.5636317788193
0.08728526623848375,-5.952819215675135,-56.74639128677979,-11.90563843135027,-113.4927825735596
0.08809371904473991,-5.951947945304032,-56.21579293969405,-11.90389589060806,-112.4315858793881
0.08890965989529158,-5.951060712851225,-55.68997582308083,-11.90212142570245,-111.3799516461617
0.08973315814583524,-5.950157230629213,-55.16889532036004,-11.90031446125843,-110.3377906407201
0.09056428379445289,-5.949237205942226,-54.65250721970676,-11.89847441188445,-109.3050144394135
0.09140310748756232,-5.948300341005655,-54.14076771035013,-11.89660068201131,-108.2815354207003
0.09224970052592174,-5.947346332864435,-53.63363337890853,-11.89469266572887,-107.2672667578171
0.09310413487069075,-5.946374873310369,-53.13106120575936,-11.89274974662074,-106.2621224115187
0.09396648314954696,-5.945385648798413,-52.63300856144426,-11.89077129759683,-105.2660171228885
0.09483681866285923,-5.944378340361908,-52.13943320310912,-11.88875668072382,-104.2788664062182
0.09571521538991866,-5.94335262352674,-51.65029327097822,-11.88670524705348,-103.3005865419564
0.09660174799522646,-5.942308168224464,-51.16554728486303,-11.88461633644893,-102.3310945697261
0.09749649183484087,-5.941244638704359,-50.6851541407046,-11.88248927740872,-101.3703082814092
0.09839952296278232,-5.940161693444417,-50.20907310714999,-11.88032338688883,-100.4181462143
0.09931091813749796,-5.93905898506129,-49.73726382216198,-11.87811797012258,-99.47452764432396
0.1002307548283865,-5.937936160219182,-49.26968628966206,-11.87587232043836,-98.53937257932412
0.101159111222383,-5.936792859537656,-48.80630087620641,-11.87358571907531,-97.61260175241281
0.1020960662306047,-5.935628717498432,-48.34706830769456,-11.87125743499686,-96.69413661538911
0.1030416994950588,-5.934443362351105,-47.8919496661107,-11.86888672470221,-95.78389933222141
0.103996091395412,-5.933236416017831,-47.44090638629719,-11.86647283203566,-94.88181277259439
0.1049593230558227,-5.932007493996968,-46.99390025275996,-11.86401498799394,-93.98780050551993
0.105931476351837,-5.930756205265686,-46.55089339650604,-11.86151241053137,-93.10178679301208
0.1069126339173476,-5.929482152181558,-46.11184829191248,-11.85896430436312,-92.22369658382496
0.1079028791516184,-5.928184930383113,-45.67672775362674,-11.85636986076623,-91.35345550725349
0.108902296226373,-5.926864128689399,-45.24549493349824,-11.8537282573788,-90.49098986699647
0.1099109700929497,-5.925519328998535,-44.81811331754076,-11.85103865799707,-89.63622663508153
0.1109289864895223,-5.924150106185272,-44.39454672292589,-11.84830021237054,-88.78909344585178
0.1119564319483879,-5.922756027997585,-43.9747592950067,-11.84551205599517,-87.9495185900134
0.1129933938033222,-5.9213366549523,-43.55871550437198,-11.8426733099046,-87.11743100874396
0.1140399601970032,-5.919891540229766,-43.14638014393057,-11.83978308045953,-86.29276028786114
0.1150962200885032,-5.918420229567594,-42.73771832602559,-11.83684045913519,-85.47543665205119
0.1161622632608502,-5.916922261153495,-42.33269547957865,-11.83384452230699,-84.66539095915731
0.1172381803286599,-5.915397165517197,-41.9312773472634,-11.83079433103439,-83.86255469452681
0.1183240627458379,-5.913844465421514,-41.53342998270868,-11.82768893084303,-83.06685996541735
0.1194200028133532,-5.912263675752532,-41.13911974773075,-11.82452735150506,-82.27823949546151
0.1205260936870842,-5.910654303408979,-40.74831330959476,-11.82130860681796,-81.49662661918953
0.1216424293857368,-5.90901584719079,-40.36097763830488,-11.81803169438158,-80.72195527660976
0.1227691047988359,-5.907347797686887,-39.97708000392335,-11.81469559537377,-79.95416000784671
0.1239062156947916,-5.905649637162204,-39.59658797391793,-11.81129927432441,-79.19317594783587
0.1250538587290391,-5.903920839443998,-39.21946941053784,-11.807841678888,-78.43893882107568
0.1262121314522547,-5.902160869807469,-38.8456924682178,-11.80432173961494,-77.6913849364356
0.1273811323186478,-5.900369184860719,-38.47522559101029,-11.80073836972144,-76.95045118202057
0.1285609606943295,-5.898545232429111,-38.10803751004561,-11.79709046485822,-76.21607502009122
0.1297517168657588,-5.896688451439022,-37.74409724101977,-11.79337690287804,-75.48819448203955
0.1309535020482667,-5.894798271801071,-37.38337408171001,-11.78959654360214,-74.76674816342002
0.1321664183946605,-5.892874114292862,-37.02583760951769,-11.78574822858572,-74.05167521903537
0.1333905690039059,-5.890915390441243,-36.67145767903865,-11.78183078088249,-73.34291535807729
0.134626057929891,-5.888921502404204,-36.32020441966071,-11.77784300480841,-72.64040883932142
0.135872990190271,-5.886891842852379,-35.97204823318824,-11.77378368570476,-71.94409646637648
0.1371314717753945,-5.884825794850272,-35.62695979149363,-11.76965158970054,-71.25391958298727
0.1384016096573132,-5.88272273173725,-35.28491003419568,-11.7654454634745,-70.56982006839135
0.139683511798874,-5.880582017008306,-34.94587016636444,-11.76116403401661,-69.89174033272889
0.1409772871628966,-5.878403004194742,-34.60981165625289,-11.75680600838948,-69.21962331250579
0.1422830457214353,-5.876185036744768,-34.27670623305484,-11.75237007348954,-68.55341246610968
0.143600898465126,-5.873927447904097,-33.94652588468921,-11.74785489580819,-67.89305176937842
0.1449309574126217,-5.871629560596646,-33.61924285561056,-11.74325912119329,-67.23848571122112
0.146273335620113,-5.869290687305363,-33.29482964464565,-11.73858137461073,-66.58965928929129
0.147628147190939,-5.866910129953284,-32.97325900285595,-11.73382025990657,-65.94651800571191
0.1489955072852854,-5.864487179784898,-32.65450393142616,-11.7289743595698,-65.30900786285233
0.1503755321299738,-5.862021117247914,-32.33853767957829,-11.72404223449583,-64.67707535915658
0.1517683390283405,-5.859511211875489,-32.02533374251158,-11.71902242375098,-64.05066748502317
0.153174046370208,-5.856956722169035,-31.71486585936787,-11.71391344433807,-63.42973171873575
0.1545927736419477,-5.854356895481689,-31.40710801122245,-11.70871379096338,-62.8142160224449
0.1560246414366369,-5.851710967902545,-31.10203441910032,-11.70342193580509,-62.20406883820064
0.1574697714643086,-5.849018164141761,-30.79961954201767,-11.69803632828352,-61.59923908403533
0.1589282865622978,-5.846277697416633,-30.49983807504852,-11.69255539483327,-60.99967615009704
0.160400310705682,-5.843488769338747,-30.20266494741648,-11.68697753867749,-60.40532989483295
0.1618859690178198,-5.840650569802363,-29.90807532061148,-11.68130113960473,-59.81615064122296
0.1633853877809861,-5.837762276874083,-29.61604458653137,-11.67552455374817,-59.23208917306273
0.1648986944471064,-5.834823056683997,-29.3265483656484,-11.66964611336799,-58.65309673129681
0.1664260176485904,-5.831832063318395,-29.03956250520036,-11.66366412663679,-58.07912501040072
0.1679674872092654,-5.828788438714191,-28.75506307740638,-11.65757687742838,-57.51012615481275
0.169523234155412,-5.825691312555208,-28.47302637770728,-11.65138262511042,-56.94605275541456
0.1710933907269014,-5.82253980217045,-28.19342892303042,-11.6450796043409,-56.38685784606083
0.1726780903884355,-5.81933301243453,-27.91624745007886,-11.63866602486906,-55.83249490015773
0.1742774678408919,-5.816070035670396,-27.64145891364492,-11.63214007134079,-55.28291782728984
0.1758916590327733,-5.812749951554531,-27.36904048494786,-11.62549990310906,-54.73808096989573
0.1775208011717635,-5.809371827024765,-27.09896954999578,-11.61874365404953,-54.19793909999155
0.17916503273639,-5.805934716190908,-26.83122370797149,-11.61186943238182,-53.66244741594297
0.1808244934877951,-5.802437660248358,-26.56578076964239,-11.60487532049672,-53.13156153928478
0.1824993244816152,-5.798879687394861,-26.30261875579431,-11.59775937478972,-52.60523751158863
0.1841896680799711,-5.795259812750642,-26.04171589568898,-11.59051962550128,-52.08343179137795
0.1858956679635687,-5.791577038282073,-25.7830506255453,-11.58315407656415,-51.56610125109059
0.1876174691439121,-5.787830352729095,-25.52660158704431,-11.57566070545819,-51.05320317408862
0.1893552179756295,-5.784018731536606,-25.27234762585756,-11.56803746307321,-50.54469525171512
0.1911090621689138,-5.780141136790007,-25.02026779019902,-11.56028227358001,-50.04053558039805
0.1928791508020778,-5.776196517155154,-24.77034132940031,-11.55239303431031,-49.54068265880062
0.1946656343342262,-5.772183807822929,-24.52254769250915,-11.54436761564586,-49.04509538501831
0.1964686646180445,-5.768101930458673,-24.27686652691112,-11.53620386091735,-48.55373305382223
0.1982883949127071,-5.763949793156688,-24.03327767697422,-11.52789958631338,-48.06655535394843
0.2001249798969037,-5.759726290400127,-23.79176118271669,-11.51945258080025,-47.58352236543337
0.2019785756819879,-5.75543030302644,-23.55229727849747,-11.51086060605288,-47.10459455699495
0.2038493398252463,-5.751060698198704,-23.31486639172951,-11.50212139639741,-46.62973278345902
0.2057374313432913,-5.746616329383073,-23.07944914161564,-11.49323265876615,-46.15889828323127
0.2076430107255774,-5.742096036332635,-22.84602633790701,-11.48419207266527,-45.69205267581401
0.2095662399480433,-5.737498645077933,-22.61457897968388,-11.47499729015587,-45.22915795936775
0.2115072824868795,-5.732822967924496,-22.38508825415875,-11.46564593584899,-44.77017650831749
0.2134663033324244,-5.7280678034576,-22.15753553550146,-11.4561356069152,-44.31507107100293
0.2154434690031884,-5.723231936554636,-21.9319023836865,-11.44646387310927,-43.863804767373
0.217438947560008,-5.718314138405339,-21.70817054336193,-11.43662827681068,-43.41634108672387
0.2194529086203314,-5.713313166540226,-21.48632194274017,-11.42662633308045,-42.97264388548034
0.221485523372636,-5.708227764867557,-21.26633869251026,-11.41645552973511,-42.53267738502051
0.2235369645909795,-5.703056663719157,-21.04820308477147,-11.40611332743831,-42.09640616954293
0.2256074066496861,-5.697798579905422,-20.83189759198815,-11.39559715981084,-41.66379518397629
0.227697025538168,-5.692452216779877,-20.61740486596555,-11.38490443355975,-41.23480973193109
0.2298059988758851,-5.68701626431362,-20.40470773684647,-11.37403252862724,-40.80941547369294
0.2319345059274428,-5.681489399180013,-20.1937892121286,-11.36297879836003,-40.38757842425721
0.2340827276178293,-5.675870284849994,-19.98463247570215,-11.35174056969999,-39.9692649514043
0.2362508465477947,-5.670157571698367,-19.77722088690775,-11.34031514339673,-39.55444177381549
0.238439047009372,-5.664349897121471,-19.57153797961432,-11.32869979424294,-39.14307595922864
0.2406475150015424,-5.65844588566658,-19.36756746131666,-11.31689177133316,-38.73513492263332
0.2428764382460451,-5.652444149173456,-19.16529321225241,-11.30488829834691,-38.33058642450483
0.2451260062033339,-5.646343286928417,-18.96469928453837,-11.29268657385683,-37.92939856907675
0.2473964100886814,-5.640141885831363,-18.76576990132563,-11.28028377166273,-37.53153980265125
0.2496878428884327,-5.633838520576116,-18.56848945597334,-11.26767704115223,-37.13697891194668
0.2520004993764092,-5.627431753844532,-18.3728425112409,-11.25486350768906,-36.74568502248179
0.2543345761304649,-5.620920136514765,-18.17881379849801,-11.24184027302953,-36.35762759699602
0.256690271549195,-5.614302207884118,-17.98638821695256,-11.22860441576824,-35.97277643390512
0.2590677858688008,-5.607576495906905,-17.79555083289569,-11.21515299181381,-35.59110166579138
0.2614673211801092,-5.600741517447757,-17.60628687896392,-11.20148303489551,-35.21257375792784
0.263889081445751,-5.593795778550771,-17.41858175341784,-11.18759155710154,-34.83716350683569
0.2663332725174982,-5.586737774724972,-17.23242101943687,-11.17347554944994,-34.46484203887374
0.2688001021537606,-5.579565991246505,-17.04779040442997,-11.15913198249301,-34.09558080885995
0.2712897800372466,-5.572278903477988,-16.86467579936152,-11.14455780695598,-33.72935159872305
0.2738025177927857,-5.564874977205475,-16.68306325809214,-11.12974995441095,-33.36612651618429
0.276338529005317,-5.557352668993451,-16.50293899673391,-11.1147053379869,-33.00587799346783
0.278898029238044,-5.549710426558308,-16.32428939301945,-11.09942085311662,-32.6485787860389
0.281481236050758,-5.541946689160742,-16.1471009856845,-11.08389337832148,-32.29420197136901
0.2840883690183303,-5.534059888017492,-15.97136047386326,-11.06811977603498,-31.94272094772651
0.286719649749377,-5.52604844673283,-15.79705471649603,-11.05209689346566,-31.59410943299206
0.2893753019050951,-5.517910781750318,-15.62417073174872,-11.03582156350064,-31.24834146349743
0.2920555512182746,-5.509645302825135,-15.45269569644328,-11.01929060565027,-30.90539139288656
0.2947606255124857,-5.501250413517483,-15.28261694549882,-11.00250082703497,-30.56523389099764
0.297490754721444,-5.492724511707471,-15.11392197138252,-10.98544902341494,-30.22784394276503
0.3002461709085549,-5.484065990131826,-14.94659842356967,-10.96813198026365,-29.89319684713934
0.3030271082866397,-5.475273236942927,-14.78063410801234,-10.95054647388585,-29.56126821602468
0.3058338032378433,-5.46634463629045,-14.61601698661572,-10.9326892725809,-29.23203397323145
0.3086664943337273,-5.457278568926083,-14.45273517672155,-10.91455713785217,-28.90547035344311
0.3115254223555487,-5.448073412831645,-14.29077695059781,-10.89614682566329,-28.58155390119563
0.3144108303147265,-5.438727543870965,-14.13013073493387,-10.87745508774193,-28.26026146986775
0.3173229634734976,-5.429239336465874,-13.97078511034035,-10.85847867293175,-27.9415702206807
0.3202620693657651,-5.419607164296629,-13.81272881085267,-10.83921432859326,-27.62545762170534
0.3232283978181379,-5.409829401027108,-13.65595072343773,-10.81965880205422,-27.31190144687546
0.3262222009711669,-5.399904421055028,-13.50043988750244,-10.79980884211006,-27.00087977500487
0.3292437333007769,-5.389830600287496,-13.34618549440347,-10.77966120057499,-26.69237098880694
0.3322932516398973,-5.37960631694215,-13.19317688695718,-10.7592126338843,-26.38635377391437
0.335371015200293,-5.3692299523741,-13.04140355894869,-10.7384599047482,-26.08280711789739
0.3384772855945982,-5.358699891928908,-12.89085515463914,-10.71739978385782,-25.78171030927828
0.3416123268585528,-5.348014525821781,-12.74152146827016,-10.69602905164356,-25.48304293654033
0.3447764054734464,-5.337172250043128,-12.5933924435644,-10.67434450008626,-25.18678488712881
0.3479697903887692,-5.326171467290647,-12.4464581732211,-10.65234293458129,-24.8929163464422
0.3511927530450729,-5.315010587928013,-12.30070889840558,-10.63002117585603,-24.60141779681117
0.3544455673970434,-5.303688030970251,-12.15613500823153,-10.6073760619405,-24.31227001646307
0.3577285099367872,-5.292202225095838,-12.01272703923491,-10.58440445019168,-24.02545407846981
0.3610418597173337,-5.280551609685543,-11.8704756748383,-10.56110321937109,-23.74095134967659
0.3643858983763545,-5.268734635887955,-11.72937174480459,-10.53746927177591,-23.45874348960919
0.3677609101601032,-5.256749767711645,-11.58940622467863,-10.51349953542329,-23.17881244935725
0.3711671819475765,-5.244595483143872,-11.45057023521562,-10.48919096628774,-22.90114047043125
0.3746050032748993,-5.232270275295621,-11.3128550417952,-10.46454055059124,-22.6257100835904
0.3780746663599349,-5.219772653572857,-11.17625205381959,-10.43954530714571,-22.35250410763918
0.3815764661271249,-5.207101144873714,-11.04075282409482,-10.41420228974743,-22.08150564818965
0.3851107002325571,-5.194254294811302,-10.90634904819352,-10.3885085896226,-21.81269809638704
0.3886776690892666,-5.18123066896189,-10.77303256379799,-10.36246133792378,-21.54606512759598
0.3922776758927719,-5.16802885413798,-10.64079535002227,-10.33605770827596,-21.28159070004455
0.3959110266468459,-5.154647459685902,-10.50962952671178,-10.3092949193718,-21.01925905342356
0.399578030189527,-5.141085118807405,-10.37952735371912,-10.28217023761481,-20.75905470743824
0.4032789982193707,-5.127340489904721,-10.25048123015483,-10.25468097980944,-20.50096246030966
0.4070142453219437,-5.113412257948465,-10.12248369361151,-10.22682451589693,-20.24496738722303
0.4107840889965646,-5.099299135867765,-9.995527419360073,-10.19859827173553,-19.99105483872015
0.4145888496832911,-5.084999865961826,-9.869605219516624,-10.16999973192365,-19.73921043903325
0.4184288507901581,-5.070513221332213,-9.744710042178701,-10.14102644266443,-19.4894200843574
0.4223044187206674,-5.055838007334961,-9.620834970529378,-10.11167601466992,-19.24166994105876
0.4262158829015323,-5.040973063051613,-9.497973221907904,-10.08194612610323,-18.99594644381581
0.4301635758106794,-5.025917262778224,-9.376118146845494,-10.05183452555645,-18.75223629369099
0.4341478330055093,-5.010669517531261,-9.255263228064926,-10.02133903506252,-18.51052645612985
0.4381689931514191,-4.995228776569307,-9.135402079442562,-9.990457553138613,-18.27080415888512
0.4422273980505899,-4.97959402892937,-9.016528444931485,-9.959188057858739,-18.03305688986297
0.4463233926710396,-4.96376430497658,-8.898636197444464,-9.927528609953161,-17.79727239488893
0.4504573251759458,-4.947738677965916,-8.781719337695394,-9.895477355931833,-17.56343867539079
0.45462954695324,-4.931516265614589,-8.665771992998026,-9.863032531229178,-17.33154398599605
0.4588404126454758,-4.915096231683637,-8.550788416020723,-9.830192463367274,-17.10157683204145
0.4630902801799739,-4.898477787567153,-8.436762983496005,-9.796955575134305,-16.87352596699201
0.4673795107992462,-4.8816601938876,-8.323690194883845,-9.763320387775201,-16.64738038976769
0.4717084690917017,-4.864642762095497,-8.211564670987462,-9.729285524190994,-16.42312934197492
0.4760775230226369,-4.847424856071736,-8.100381152520637,-9.694849712143473,-16.20076230504127
0.480487043965513,-4.830005893730738,-7.990134498625515,-9.660011787461476,-15.98026899725103
0.4849374067335235,-4.812385348622527,-7.880819685339875,-9.624770697245054,-15.76163937067975
0.489428989611453,-4.794562751531795,-7.772431804013038,-9.58912550306359,-15.54486360802608
0.493962174387832,-4.77653769207194,-7.664966059669533,-9.553075384143881,-15.32993211933907
0.4985373463873894,-4.758309820271959,-7.558417769319707,-9.516619640543919,-15.11683553863941
0.5031548945038053,-4.739878848154073,-7.45278236021664,-9.479757696308146,-14.90556472043328
0.5078152112327673,-4.72124455129987,-7.348055368058671,-9.44248910259974,-14.69611073611734
0.5125186927053331,-4.702406770402672,-7.244232435137013,-9.404813540805344,-14.48846487027403
0.5172657387216019,-4.683365412803806,-7.14130930842798,-9.366730825607611,-14.28261861685596
0.5220567527846975,-4.664120454010404,-7.039281837629426,-9.328240908020808,-14.07856367525885
0.5268921421350674,-4.644671939192264,-6.938145973141104,-9.289343878384528,-13.87629194628221
0.5317723177850969,-4.625019984655322,-6.837897763988797,-9.250039969310643,-13.67579552797759
0.5366976945540475,-4.605164779289137,-6.738533355692006,-9.210329558578275,-13.47706671138401
0.5416686911033152,-4.585106585985906,-6.640048988075348,-9.170213171971811,-13.2800979761507
0.5466857299720181,-4.564845743028298,-6.542440993023644,-9.129691486056595,-13.08488198604729
0.5517492376129125,-4.544382665443526,-6.445705792180995,-9.088765330887052,-12.89141158436199
0.5568596444286411,-4.523717846320943,-6.34983989459415,-9.047435692641885,-12.6996797891883
0.5620173848083186,-4.502851858090476,-6.254839894300626,-9.005703716180951,-12.50967978860125
0.5672228971644544,-4.481785353759178,-6.160702467862156,-8.963570707518356,-12.32140493572431
0.5724766239702179,-4.460519068103142,-6.067424371844154,-8.921038136206285,-12.13484874368831
0.5777790117970503,-4.439053818812059,-5.975002440241997,-8.878107637624117,-11.95000488048399
0.5831305113526222,-4.41739050758364,-5.883433581855138,-8.83478101516728,-11.76686716371028
0.5885315775191449,-4.395530121165213,-5.792714777610059,-8.791060242330426,-11.58542955522012
0.5939826693920356,-4.373473732339674,-5.702843077833309,-8.746947464679348,-11.40568615566662
0.599484250318941,-4.351222500853164,-5.613815599475979,-8.702445001706328,-11.22763119895196
0.6050367879391221,-4.328777674281717,-5.525629523291078,-8.657555348563434,-11.05125904658216
0.6106407542232041,-4.306140588834215,-5.438282090965442,-8.61228117766843,-10.87656418193088
0.6162966255132941,-4.283312670089052,-5.351770602207926,-8.566625340178105,-10.70354120441585
0.6220048825634712,-4.260295433661898,-5.266092411795767,-8.520590867323795,-10.53218482359153
0.6277660105806501,-4.237090485801996,-5.181244926581149,-8.474180971603992,-10.3624898531623
0.633580499265825,-4.213699523914589,-5.097225602460148,-8.427399047829178,-10.1944512049203
0.639448842855694,-4.190124337006978,-5.014031941306328,-8.380248674013956,-10.02806388261266
0.64537154016467,-4.166366806055922,-4.931661487871455,-8.332733612111845,-9.863322975742911
0.6513490946272803,-4.142428904294125,-4.850111826655872,-8.284857808588249,-9.700223653311744
0.6573820143409587,-4.118312697413588,-4.76938057875125,-8.236625394827175,-9.538761157502501
0.6634708121092346,-4.094020343683807,-4.689465398658525,-8.188040687367614,-9.37893079731705
0.669616005485322,-4.069554093982805,-4.610363971083965,-8.13910818796561,-9.22072794216793
0.6758181168161109,-4.044916291739157,-4.53207400771647,-8.089832583478314,-9.06414801543294
0.6820776732865685,-4.020109372783248,-4.454593243989242,-8.040218745566495,-8.909186487978484
0.6883952069645498,-3.995135865106151,-4.377919435829158,-7.990271730212302,-8.755838871658316
0.6947712548460235,-3.969998388524649,-4.302050356397242,-7.939996777049299,-8.604100712794484
0.7012063589007181,-3.944699654251021,-4.226983792823722,-7.889399308502042,-8.453967585647444
0.7077010661181888,-3.91924246436643,-4.152717542941311,-7.83848492873286,-8.305435085882621
0.7142559285543126,-3.893629711196829,-4.079249412020373,-7.787259422393658,-8.158498824040747
0.7208715033782137,-3.867864376590509,-4.006577209509754,-7.735728753181017,-8.013154419019507
0.7275483529196228,-3.841949531096551,-3.934698745787129,-7.683899062193102,-7.869397491574258
0.7342870447166763,-3.815888333043642,-3.863611828922799,-7.631776666087284,-7.727223657845597
0.7410881515641569,-3.789684027518843,-3.793314261460873,-7.579368055037685,-7.586628522921746
0.7479522515621821,-3.763339945246114,-3.723803837221911,-7.526679890492227,-7.447607674443821
0.7548799281653433,-3.736859501364598,-3.655078338131057,-7.473719002729196,-7.310156676262114
0.7618717702322995,-3.710246194106784,-3.587135531075806,-7.420492388213567,-7.174271062151613
0.7689283720758311,-3.683503603376939,-3.519973164797491,-7.367007206753879,-7.039946329594982
0.7760503335133571,-3.656635389230354,-3.453588966820675,-7.313270778460708,-6.90717793364135
0.7832382599179196,-3.629645290254126,-3.387980640424565,-7.259290580508252,-6.77596128084913
0.7904927622696423,-3.60253712185045,-3.323145861660607,-7.205074243700901,-6.646291723321214
0.7978144572076625,-3.575314774423539,-3.259082276420388,-7.150629548847078,-6.518164552840776
0.8052039670825475,-3.547982211471517,-3.195787497557948,-7.095964422943034,-6.391574995115897
0.8126619200091945,-3.520543467584826,-3.13325910207055,-7.041086935169653,-6.266518204141099
0.8201889499202204,-3.493002646352896,-3.071494628341959,-6.986005292705793,-6.142989256683918
0.8277856966198475,-3.465363918180981,-3.010491573452165,-6.930727836361962,-6.020983146904331
0.8354528058382867,-3.437631518019328,-2.950247390557444,-6.875263036038656,-5.900494781114888
0.8431909292866256,-3.40980974300698,-2.89075948634459,-6.819619486013959,-5.781518972689181
0.8510007247122245,-3.38190295003273,-2.832025218563011,-6.763805900065461,-5.664050437126023
0.8588828559546251,-3.353915553215937,-2.774041893638352,-6.707831106431874,-5.548083787276704
0.8668379930019777,-3.325852021310061,-2.71680676437112,-6.651704042620121,-5.43361352874224
0.874866812047991,-3.297716875032002,-2.660317027723733,-6.595433750064004,-5.320634055447466
0.8829699955494089,-3.26951468432046,-2.604569822699243,-6.53902936864092,-5.209139645398485
0.8911482322840201,-3.241250065526702,-2.549562228314869,-6.482500131053404,-5.099124456629737
0.8994022174092046,-3.212927678541304,-2.495291261673295,-6.425855357082608,-4.990582523346591
0.9077326525210226,-3.184552223860565,-2.441753876134592,-6.36910444772113,-4.883507752269185
0.9161402457138517,-3.156128439596434,-2.388946959591357,-6.312256879192868,-4.777893919182715
0.9246257116405741,-3.127661098433937,-2.336867332849611,-6.255322196867874,-4.673734665699222
0.9331897715733238,-3.099155004540219,-2.285511748117714,-6.198310009080437,-4.571023496235428
0.9418331534647952,-3.070614990429398,-2.234876887605416,-6.141229980858797,-4.469753775210832
0.9505565920101194,-3.042045913787602,-2.184959362234967,-6.084091827575204,-4.369918724469933
0.9593608287093143,-3.013452654262565,-2.135755710465983,-6.026905308525131,-4.271511420931967
0.9682466119303121,-2.984840110222352,-2.087262397235608,-5.969680220444704,-4.174524794471216
0.9772146969725725,-2.95621319548774,-2.039475813015216,-5.91242639097548,-4.078951626030432
0.9862658461312822,-2.927576836042964,-1.992392272984798,-5.855153672085929,-3.984784545969596
0.9954008287621522,-2.898935966729494,-1.946008016325854,-5.797871933458988,-3.892016032651707
1.004620421346813,-2.870295527927597,-1.900319205633441,-5.740591055855194,-3.800638411266883
1.013925407558815,-2.841660462230475,-1.855321926447824,-5.683320924460951,-3.710643852895648
1.023316578330245,-2.81303571111575,-1.811012186905876,-5.626071422231501,-3.622024373811753
1.032794731918952,-2.784426211619112,-1.767385917512256,-5.568852423238225,-3.534771835024511
1.042360673976402,-2.755836893014907,-1.724438971030061,-5.511673786029815,-3.448877942060121
1.052015217616159,-2.727272673508451,-1.682167122490501,-5.454545347016902,-3.364334244981002
1.061759183483,-2.698738456944813,-1.640566069320891,-5.397476913889626,-3.281132138641782
1.071593399822671,-2.670239129538758,-1.599631431590026,-5.340478259077515,-3.199262863180051
1.081518702552288,-2.641779556630509,-1.559358752369806,-5.283559113261018,-3.118717504739612
1.091535935331392,-2.613364579471919,-1.519743498211766,-5.226729158943838,-3.039486996423531
1.101645949633657,-2.584999012047545,-1.48078105973692,-5.169998024095091,-2.961562119473841
1.111849604819271,-2.556687637935055,-1.442466752337174,-5.11337527587011,-2.884933504674347
1.12214776820798,-2.528435207209296,-1.404795816986304,-5.056870414418593,-2.809591633972609
1.132541315152812,-2.500246433394238,-1.367763421158374,-5.000492866788475,-2.735526842316747
1.143031129114479,-2.472125990466891,-1.331364659851189,-4.944251980933783,-2.662729319702379
1.153618101736478,-2.444078509917182,-1.295594556712298,-4.888157019834364,-2.591189113424597
1.164303132920877,-2.41610857786761,-1.26044806526479,-4.832217155735219,-2.52089613052958
1.175087130904808,-2.3882207322564,-1.225920070230038,-4.776441464512801,-2.451840140460076
1.18597101233767,-2.360419460087683,-1.192005388944353,-4.720838920175367,-2.384010777888707
1.196955702359043,-2.332709194752095,-1.158698772866358,-4.66541838950419,-2.317397545732717
1.208042134677328,-2.305094313421009,-1.125994909171768,-4.610188626842018,-2.251989818343537
1.219231251649111,-2.277579134517461,-1.09388842243213,-4.555158269034922,-2.18777684486426
1.230524004359262,-2.250167915266629,-1.06237387637395,-4.500335830533259,-2.1247477527479
1.241921352701784,-2.222864849328561,-1.031445775714527,-4.445729698657122,-2.062891551429053
1.2534242654614,-2.195674064515649,-1.001098568070717,-4.391348129031297,-2.002197136141433
1.265033720395903,-2.168599620597166,-0.9713266459367633,-4.337199241194331,-1.942653291873527
1.276750704319266,-2.14164550719299,-0.9421243487272499,-4.283291014385981,-1.8842486974545
1.288576213185518,-2.114815641758427,-0.9134859648811471,-4.229631283516855,-1.826971929762294
1.300511252173409,-2.088113867661858,-0.8854057340229027,-4.176227735323716,-1.770811468045805
1.312556835771844,-2.061543952356756,-0.8578778491764503,-4.123087904713513,-1.715755698352901
1.324713987866117,-2.035109585649375,-0.8308964590279773,-4.070219171298749,-1.661792918055955
1.336983741824947,-2.008814378063249,-0.8044556702332836,-4.017628756126498,-1.608911340466567
1.349367140588307,-1.982661859301444,-0.7785495497655369,-3.965323718602887,-1.557099099531074
1.361865236756082,-1.956655476807267,-0.7531721272992201,-3.913310953614533,-1.50634425459844
1.374479092677537,-1.93079859442399,-0.7283173976260888,-3.861597188847979,-1.456634795252178
1.387209780541621,-1.905094491153916,-0.7039793230989514,-3.810188982307832,-1.407958646197903
1.400058382468097,-1.879546360016952,-0.6801518360991331,-3.759092720033903,-1.360303672198266
1.413025990599534,-1.854157307008641,-0.6568288415234959,-3.708314614017282,-1.313657683046992
1.426113707194129,-1.828930350157439,-0.6340042192869475,-3.657860700314878,-1.268008438573895
1.439322644719407,-1.803868418680837,-0.6116718268364114,-3.607736837361674,-1.223343653672823
1.452653925946781,-1.778974352239758,-0.5898255016723094,-3.557948704479517,-1.179651003344619
1.466108684046984,-1.754250900290477,-0.5684590638736456,-3.508501800580953,-1.136918127747291
1.479688062686397,-1.729700721533168,-0.547566318622899,-3.459401443066337,-1.095132637245798
1.493393216124252,-1.705326383456016,-0.5271410587269698,-3.410652766912032,-1.05428211745394
1.507225309310756,-1.681130361973653,-0.5071770671305523,-3.362260723947306,-1.014354134261105
1.521185517986104,-1.657115041158593,-0.4876681194183806,-3.314230082317186,-0.9753362388367611
1.535275028780423,-1.633282713064135,-0.4686079863029093,-3.266565426128271,-0.9372159726058186
1.549495039314632,-1.609635577637119,-0.4499904360940869,-3.219271155274238,-0.8999808721881738
1.563846758302247,-1.586175742718762,-0.4318092371480037,-3.172351485437524,-0.8636184742960075
1.578331405652118,-1.562905224131722,-0.4140581602913089,-3.125810448263443,-0.8281163205826177
1.592950212572123,-1.539825945851382,-0.3967309812184104,-3.079651891702765,-0.7934619624368208
1.607704421673824,-1.516939740259281,-0.379821482858599,-3.033879480518561,-0.759642965717198
1.622595287078088,-1.494248348476497,-0.3633234577103682,-2.988496696952994,-0.7266469154207365
1.637624074521688,-1.471753420774735,-0.3472307101403284,-2.943506841549469,-0.6944614202806567
1.652792061464895,-1.449456517062732,-0.3315370586442455,-2.898913034125464,-0.6630741172884911
1.668100537200059,-1.427359107445604,-0.3162363380678823,-2.854718214891207,-0.6324726761357646
1.683550802961202,-1.405462572854603,-0.3013224017854323,-2.810925145709206,-0.6026448035708647
1.699144172034626,-1.383768205744771,-0.286789123833499,-2.767536411489542,-0.5735782476669981
1.71488196987054,-1.362277210857884,-0.2726304009986992,-2.724554421715767,-0.5452608019973983
1.730765534195725,-1.34099070604805,-0.2588401548571,-2.681981412096101,-0.5176803097142001
1.746796215127245,-1.319909723167298,-0.245412333763852,-2.639819446334596,-0.490824667527704
1.762975375287206,-1.299035209008444,-0.2323409147915091,-2.598070418016888,-0.4646818295830183
1.779304389918578,-1.278368026302529,-0.2196199056156598,-2.556736052605059,-0.4392398112313196
1.795784647002096,-1.257908954768083,-0.2072433463466356,-2.515817909536165,-0.4144866926932713
1.812417547374237,-1.237658692209472,-0.1952053113061926,-2.475317384418945,-0.3904106226123852
1.829204504846293,-1.217617855661595,-0.1834999107481897,-2.43523571132319,-0.3669998214963795
1.846146946324548,-1.197786982578169,-0.1721212925224249,-2.395573965156338,-0.3442425850448499
1.86324631193156,-1.178166532060894,-0.1610636436809064,-2.356333064121788,-0.3221272873618127
1.880504055128583,-1.158756886126768,-0.1503211920259681,-2.317513772253536,-0.3006423840519362
1.897921642839101,-1.139558351010866,-0.1398882075997568,-2.279116702021731,-0.2797764151995136
1.915500555573528,-1.120571158501907,-0.1297590041147312,-2.241142317003814,-0.2595180082294623
1.933242287555045,-1.101795467307994,-0.1199279403249374,-2.203590934615988,-0.2398558806498748
1.951148346846617,-1.083231364449897,-0.1103894213379259,-2.166462728899794,-0.2207788426758519
1.969220255479172,-1.064878866679344,-0.1011378998672892,-2.129757733358688,-0.2022757997345783
1.987459549580983,-1.046737921919793,-0.09216787742589726,-2.093475843839587,-0.1843357548517945
2.005867779508234,-1.02880841072722,-0.08347390546001247,-2.05761682145444,-0.1669478109200249
2.024446509976804,-1.0110901477685,-0.07505058642455704,-2.022180295537,-0.1501011728491141
2.043197320195271,-0.9935828833150325,-0.06689257479989801,-1.987165766630065,-0.133785149599796
2.062121803999144,-0.9762863047492933,-0.05899457805060222,-1.952572609498587,-0.1179891561012044
2.081221569986339,-0.9592000380820782,-0.05135135752669794,-1.918400076164156,-0.1027027150533959
2.100498241653915,-0.9423236494782518,-0.04395772930805328,-1.884647298956504,-0.08791545861610656
2.119953457536071,-0.9256566467888876,-0.03680856499256208,-1.851313293577775,-0.07361712998512417
2.139588871343422,-0.9091984810877521,-0.0298987924288932,-1.818396962175504,-0.0597975848577864
2.159406152103566,-0.8929485482101459,-0.02322339639462505,-1.785897096420292,-0.0464467927892501
2.179406984302955,-0.8769061902921966,-0.01677741922065137,-1.753812380584393,-0.03355483844130275
2.199593068030075,-0.8610706973087645,-0.0105559613627982,-1.722141394617529,-0.02111192272559639
2.219966119119955,-0.8454413086081851,-0.004554181921643793,-1.69088261721637,-0.009108363843287587
2.240527869300019,-0.8300172144421667,0.001232700888412706,-1.660034428884333,0.002465401776825413
2.261280066337279,-0.8147975574892106,0.006809409319751172,-1.629595114978421,0.01361881863950234
2.282224474186898,-0.7997814343700129,0.01218060572066904,-1.599562868740026,0.02436121144133807
2.303362873142131,-0.7849678971533754,0.01735089221189805,-1.569935794306751,0.03470178442379609
2.324697059985648,-0.7703559548512197,0.02232481040930198,-1.540711909702439,0.04464962081860396
2.346228848142264,-0.7559445749013893,0.02710684119153067,-1.511889149802779,0.05421368238306134
2.367960067833077,-0.7417326846369806,0.03170140451138236,-1.483465369273961,0.06340280902276473
2.38989256623105,-0.7277191727410212,0.03611285924960422,-1.455438345482042,0.07222571849920845
2.412028207618007,-0.7139028906854001,0.04034550310983968,-1.4278057813708,0.08069100621967935
2.434368873543111,-0.7002826541530043,0.04440357255342302,-1.400565308306009,0.08880714510684604
2.456916462982791,-0.6868572444420973,0.04829124277270562,-1.373714488884195,0.09658248554541124
2.479672892502159,-0.6736254098520521,0.05201262770159121,-1.347250819704104,0.1040252554031824
2.502640096417919,-0.6605858670496012,0.05557178006195435,-1.321171734099202,0.1111435601239087
2.525820026962785,-0.6477373024148515,0.05897269144461173,-1.295474604829703,0.1179453828892235
2.549214654451423,-0.6350783733663644,0.06221929242351853,-1.270156746732729,0.1244385848470371
2.572825967447933,-0.6226077096646693,0.06531545270186533,-1.245215419329339,0.1306309054037307
2.596655972934871,-0.6103239146936504,0.06826498128875406,-1.220647829387301,0.1365299625775081
2.620706696483852,-0.5982255667192877,0.07107162670514537,-1.196451133438575,0.1421432534102907
2.64498018242772,-0.5863112201253131,0.0737390772177749,-1.172622440250626,0.1474781544355498
2.669478494034321,-0.574579406625388,0.0762709610997515,-1.149158813250776,0.152541922199503
2.694203713681883,-0.5630286364514629,0.07867084691656638,-1.126057272902926,0.1573416938331328
2.719157943036018,-0.5516573995180479,0.08094224383625483,-1.103314799036096,0.1618844876725097
2.744343303228365,-0.5404641665621511,0.08308860196247554,-1.080928333124302,0.1661772039249511
2.769761935036891,-0.5294473902587177,0.08511331268928934,-1.058894780517435,0.1702266253785787
2.795415999067857,-0.5186055063114295,0.08701970907644213,-1.037211012622859,0.1740394181528843
2.821307675939472,-0.507936934518785,0.08881106624398084,-1.01587386903757,0.1776221324879617
2.847439166467247,-0.497440079815413,0.09049060178505361,-0.994880159630826,0.1809812035701072
2.873812691851066,-0.4871133332886268,0.09206147619577389,-0.9742266665772535,0.1841229523915478
2.900430493863992,-0.4769550731702527,0.09352679332105177,-0.9539101463405054,0.1870535866421035
2.927294835042817,-0.4669636658038166,0.0948896008153276,-0.9339273316076332,0.1897792016306552
2.954407998880381,-0.4571374665872026,0.09615289061716764,-0.9142749331744052,0.1923057812343353
2.981772290019672,-0.4474748208909257,0.09731959943671388,-0.8949496417818514,0.1946391988734278
3.00939003444972,-0.4379740649522129,0.09839260925500867,-0.8759481299044257,0.1967852185100173
3.037263579703311,-0.428633526745087,0.09937474783424732,-0.857267053490174,0.1987494956684946
3.065395295056528,-0.4194515268267075,0.1002687892380402,-0.838903053653415,0.2005375784760804
3.093787571730138,-0.4104263791602223,0.1010774543608009,-0.8208527583204446,0.2021549087216018
3.122442823092857,-0.4015563919144257,0.1018034114654067,-0.8031127838288513,0.2036068229308134
3.151363484866479,-0.3928398682405351,0.1024492767283094,-0.7856797364810703,0.2048985534566188
3.18055201533292,-0.3842751070264156,0.1030176147913102,-0.7685502140528312,0.2060352295826204
3.210010895543173,-0.3758604036286061,0.1035109393192396,-0.7517208072572121,0.2070218786384791
3.239742629528197,-0.3675940505825173,0.1039317135628206,-0.7351881011650345,0.2078634271256412
3.269749744511767,-0.359474338291182,0.1042823509260221,-0.7189486765823641,0.2085647018520442
3.300034791125285,-0.3514995556929589,0.104565215537244,-0.7029991113859179,0.2091304310744881
3.330600343624589,-0.3436679909085959,0.1047826228237053,-0.6873359818171918,0.2095652456474106
3.361449000108766,-0.3359779318680777,0.1049368400884399,-0.6719558637361555,0.2098736801768798
3.392583382740994,-0.3284276669176824,0.1050300870893353,-0.6568553338353649,0.2100601741786705
3.424006137971425,-0.3210154854076859,0.1050645366196791,-0.6420309708153717,0.2101290732393581
3.455719936762139,-0.3137396782611557,0.1050423150897113,-0.6274793565223113,0.2100846301794227
3.487727474814178,-0.3065985385242804,0.1049655031087072,-0.6131970770485607,0.2099310062174144
3.52003147279668,-0.2995903618986869,0.1048361360671465,-0.5991807237973739,0.209672272134293
3.552634676578141,-0.2927134472561944,0.1046562047185539,-0.5854268945123888,0.2093124094371077
3.585539857459816,-0.2859660971364584,0.1044276557606218,-0.5719321942729169,0.2088553115212435
3.61874981241128,-0.2793466182279585,0.1041523924152551,-0.558693236455917,0.2083047848305102
3.652267364308175,-0.272853321832777,0.1038322750072048,-0.545706643665554,0.2076645500144095
3.686095362172159,-0.2664845243156176,0.1034691215409802,-0.5329690486312353,0.2069382430819603
3.720236681413068,-0.2602385475375077,0.1030647082757588,-0.5204770950750155,0.2061294165515176
3.754694224073336,-0.2541137192746208,0.1026207702980331,-0.5082274385492416,0.2052415405960663
3.789470919074668,-0.2481083736226546,0.1021390020917591,-0.4962167472453092,0.2042780041835182
3.824569722466999,-0.2422208513871892,0.1016210581057923,-0.4844417027743785,0.2032421162115847
3.859993617679768,-0.2364495004604447,0.1010685533184215,-0.4728990009208894,0.202137106636843
3.895745615775503,-0.2307926761848502,0.1004830637988254,-0.4615853523697003,0.2009661275976508
3.931828755705769,-0.2252487417038245,0.09986612726530414,-0.4504974834076491,0.1997322545306083
3.968246104569482,-0.2198160683001621,0.09921924364014979,-0.4396321366003242,0.1984384872802996
4.005000757873611,-0.2144930357224067,0.09854387560104237,-0.4289860714448134,0.1970877512020847
4.042095839796307,-0.2092780324995845,0.09784144912887151,-0.418556064999169,0.195682898257743
4.079534503452451,-0.2041694562446595,0.09711335405190258,-0.4083389124893191,0.1942267081038052
4.117319931161678,-0.1991657139470582,0.09636094458621787,-0.3983314278941164,0.1927218891724357
4.155455334718876,-0.1942652222546035,0.09558553987237949,-0.388530444509207,0.191171079744759
4.193943955667186,-0.1894664077451855,0.09478842450827324,-0.3789328154903709,0.1895768490165465
4.23278906557355,-0.184767707188478,0.09397084907810334,-0.369535414376956,0.1879416981562067
4.271993966306779,-0.1801675677980095,0.09313403067752046,-0.3603351355960189,0.1862680613550409
4.311561990318228,-0.1756644474738712,0.09227915343487469,-0.3513288949477424,0.1845583068697494
4.35149650092505,-0.1712568150363423,0.09140736902859424,-0.3425136300726846,0.1828147380571885
4.391800892596087,-0.1669431504506947,0.09051979720069893,-0.3338863009013894,0.1810395944013979
4.432478591240397,-0.1627219450434293,0.08961752626646544,-0.3254438900868586,0.1792350525329309
4.473533054498465,-0.1585917017101816,0.08870161362026634,-0.3171834034203632,0.1774032272405327
4.5149677720361,-0.1545509351155239,0.08777308623761206,-0.3091018702310478,0.1755461724752241
4.556786265841064,-0.1505981718848763,0.08683294117342878,-0.3011963437697526,0.1736658823468576
4.598992090522439,-0.1467319507887298,0.08588214605660913,-0.2934639015774596,0.1717642921132183
4.641588833612778,-0.1429508229193704,0.08492163958087649,-0.2859016458387407,0.169843279161753
4.684580115873048,-0.1392533518602823,0.0839523319920054,-0.2785067037205646,0.1679046639840108
4.72796959160039,-0.1356381138483986,0.08297510557144276,-0.2712762276967973,0.1659502111428855
4.771760948938746,-0.1321036979293525,0.08199081511637532,-0.264207395858705,0.1639816302327506
4.815957910192352,-0.1286487061058764,0.0810002884162893,-0.2572974122117528,0.1620005768325786
4.860564232142137,-0.1252717534794834,0.08000432672606825,-0.2505435069589667,0.1600086534521365
4.905583706365048,-0.1219714683855554,0.07900370523567388,-0.2439429367711108,0.1580074104713478
4.95102015955635,-0.1187464925219538,0.07799917353645343,-0.2374929850439077,0.1559983470729069
4.996877453854884,-0.1155954810712602,0.07699145608411581,-0.2311909621425204,0.1539829121682316
5.04315948717136,-0.1125171028167432,0.07598125265841564,-0.2250342056334865,0.1519625053168313
5.089870193519682,-0.1095100402521441,0.07496923881958223,-0.2190200805042881,0.1499384776391645
5.137013543351341,-0.1065729896853609,0.07395606636152718,-0.2131459793707217,0.1479121327230544
5.184593543892912,-0.1037046613361093,0.07294236376186065,-0.2074093226722186,0.1458847275237213
5.232614239486661,-0.1009037794276275,0.07192873662874347,-0.201807558855255,0.1438574732574869
5.281079711934332,-0.09816908227248872,0.07091576814459656,-0.1963381645449774,0.1418315362891931
5.329994080844091,-0.0954993223525792,0.06990401950668686,-0.1909986447051584,0.1398080390133737
5.3793615039807,-0.09289326639329423,0.06889403036460255,-0.1857865327865885,0.1377880607292051
5.429186177618941,-0.0903496954320004,0.06788631925462744,-0.1806993908640008,0.1357726385092549
5.479472336900287,-0.08786740488080963,0.06688138403101866,-0.1757348097616193,0.1337627680620373
5.530224256192902,-0.0854452045837046,0.06587970229418684,-0.1708904091674092,0.1317594045883737
5.581446249454964,-0.08308191886805545,0.0648817318157739,-0.1661638377361109,0.1297634636315478
5.633142670601354,-0.08077638659056312,0.06388791096061798,-0.1615527731811262,0.127775821921236
5.685317913873752,-0.07852746117766338,0.0628986591055901,-0.1570549223553268,0.1257973182111802
5.737976414214134,-0.07633401066042593,0.06191437705528348,-0.1526680213208519,0.123828754110567
5.791122647641759,-0.07419491770397878,0.06093544745452954,-0.1483898354079576,0.1218708949090591
5.844761131633635,-0.07210907963149077,0.05996223519771207,-0.1442181592629815,0.1199244703954241
5.898896425508497,-0.07007540844274401,0.05899508783484558,-0.140150816885488,0.1179901756696912
5.953533130814368,-0.06809283082732745,0.05803433597437885,-0.1361856616546549,0.1160686719487577
6.008675891719687,-0.0661602881724858,0.05708029368268216,-0.1323205763449716,0.1141605873653643
6.064329395408063,-0.06427673656565681,0.056133258880171,-0.1285534731313136,0.112266517760342
6.1204983724767,-0.06244114679173329,0.05519351373401638,-0.1248822935834666,0.1103870274680328
6.177187597338493,-0.06065250432508715,0.05426132504738774,-0.1213050086501743,0.1085226500947755
6.234401888627862,-0.05890980931639524,0.05333694464517173,-0.1178196186327905,0.1066738892903435
6.292146109610344,-0.05721207657430899,0.05242060975610633,-0.114424153148618,0.1048412195122127
6.350425168595963,-0.05555833554201325,0.05151254339126826,-0.1111166710840265,0.1030250867825365
6.409244019356453,-0.05394763026872127,0.05061295471884791,-0.1078952605374425,0.1012259094376958
6.468607661546326,-0.05237901937615735,0.04972203943514458,-0.1047580387523147,0.09944407887028915
6.528521141127848,-0.05085157602008116,0.04883998013171324,-0.1017031520401623,0.09767996026342649
6.588989550799949,-0.04936438784691143,0.04796694665859211,-0.09872877569382287,0.09593389331718423
6.65001803043112,-0.04791655694550967,0.04710309648353881,-0.09583311389101934,0.09420619296707762
6.711611767496283,-0.04650719979419026,0.04624857504720344,-0.09301439958838052,0.09249715009440687
6.77377599751775,-0.04513544720302358,0.04540351611416445,-0.09027089440604716,0.09080703222832889
6.836516004510239,-0.04380044425150623,0.04456804211975463,-0.08760088850301247,0.08913608423950925
6.899837121430019,-0.04250135022167396,0.04374226451260371,-0.08500270044334791,0.08748452902520741
6.963744730628224,-0.0412373385267371,0.04292628409282462,-0.08247467705347421,0.08585256818564924
7.028244264308349,-0.04000759663532334,0.04212019134577184,-0.08001519327064668,0.08424038269154369
7.093341204987995,-0.03881132599141471,0.0413240667713002,-0.07762265198282943,0.08264813354260041
7.159041085964888,-0.03764774193007052,0.04053798120845467,-0.07529548386014104,0.08107596241690934
7.225349491787214,-0.0365160735890315,0.03976199615552316,-0.073032147178063,0.07952399231104633
7.292272058728314,-0.03541556381630356,0.03899616408538573,-0.07083112763260713,0.07799232817077147
7.359814475265767,-0.03434546907382341,0.03824052875609649,-0.06869093814764682,0.07648105751219299
7.427982482564916,-0.0333050593373114,0.03749512551663624,-0.0666101186746228,0.07499025103327249
7.496781874966877,-0.03229361799242003,0.03675998160777673,-0.06458723598484006,0.07351996321555346
7.566218500481055,-0.0313104417272901,0.03603511645800051,-0.06262088345458021,0.07207023291600102
7.636298261282244,-0.03035484042162832,0.03532054197442296,-0.06070968084325664,0.07064108394884591
7.707027114212299,-0.02942613703242435,0.03461626282866673,-0.05885227406484869,0.06923252565733345
7.778411071286488,-0.02852366747642602,0.03392227673764197,-0.05704733495285203,0.06784455347528394
7.850456200204509,-0.02764678050949517,0.03323857473918941,-0.05529356101899034,0.06647714947837882
7.923168624866255,-0.02679483760296781,0.03256514146254719,-0.05358967520593562,0.06513028292509437
7.996554525892348,-0.02596721281714445,0.03190195539360597,-0.05193442563428889,0.06380391078721194
8.070620141149503,-0.02516329267203806,0.03124898913492108,-0.05032658534407612,0.06249797826984216
8.145371766280743,-0.0243824760155087,0.03060620966045442,-0.04876495203101739,0.06121241932090883
8.22081575524054,-0.0236241738889145,0.02997357856502288,-0.047248347777829,0.05994715713004575
8.296958520834909,-0.02288780939041041,0.02935105230843453,-0.04577561878082081,0.05870210461686907
8.373806535266493,-0.02217281753602629,0.02873858245429788,-0.04434563507205258,0.05747716490859577
8.451366330684717,-0.02147864511865664,0.0281361159034938,-0.04295729023731328,0.05627223180698761
8.529644499741023,-0.02080475056509466,0.02754359512230448,-0.04160950113018932,0.05508719024460895
8.608647696149244,-0.02015060379124315,0.02696095836519738,-0.04030120758248631,0.05392191673039476
8.688382635251186,-0.01951568605563476,0.02638813989226723,-0.03903137211126952,0.05277627978453445
8.768856094587431,-0.01889948981139362,0.02582507018134283,-0.03779897962278723,0.05165014036268566
8.850074914473435,-0.01830151855677005,0.02527167613477018,-0.03660303711354011,0.05054335226954036
8.932045998580966,-0.01772128668437877,0.02472788128088732,-0.03544257336875754,0.04945576256177465
9.014776314524918,-0.01715831932927043,0.02419360597021074,-0.03431663865854086,0.04838721194042148
9.09827289445556,-0.01661215221596509,0.02366876756635712,-0.03322430443193018,0.04733753513271424
9.182542835656287,-0.01608233150457435,0.0231532806317282,-0.0321646630091487,0.0463065612634564
9.267593301146878,-0.01556841363613821,0.02264705710799083,-0.03113682727227642,0.04529411421598167
9.353431520292384,-0.01506996517729972,0.02215000649138745,-0.03013993035459945,0.04430001298277491
9.440064789417603,-0.01458656266444016,0.02166203600291689,-0.02917312532888032,0.04332407200583379
9.527500472427292,-0.01411779244739365,0.02118305075342804,-0.0282355848947873,0.04236610150685608
9.6157460014321,-0.01366325053285935,0.02071295390367317,-0.02732650106571869,0.04142590780734634
9.704808877380302,-0.01322254242762632,0.02025164681937082,-0.02644508485525264,0.04050329363874165
9.794696670695393,-0.01279528298172358,0.01979902922133109,-0.02559056596344717,0.03959805844266218
9.885417021919574,-0.01238109623160578,0.01935499933069999,-0.02476219246321157,0.03870999866139998
9.976977642363204,-0.01197961524348158,0.01891945400938169,-0.02395923048696317,0.03783890801876338
10.06938631476028,-0.01159048195688948,0.01849228889570081,-0.02318096391377896,0.03698457779140162
10.16265089392995,-0.01121334702862276,0.01807339853536945,-0.02242669405724551,0.0361467970707389
10.25677930744422,-0.01084786967710199,0.01766267650782605,-0.02169573935420397,0.03532535301565209
10.35177955630176,-0.01049371752729105,0.01726001554801577,-0.02098743505458209,0.03452003109603154
10.44765971560804,-0.01015056645624859,0.01686530766368384,-0.02030113291249717,0.03373061532736768
10.54442793526169,-0.009818100439404667,0.01647844424825597,-0.01963620087880933,0.03295688849651195
10.64209244064724,-0.009496011397648364,0.01609931618938142,-0.01899202279529673,0.03219863237876285
10.74066153333433,-0.00918399904530893,0.01572781397321587,-0.01836799809061786,0.03145562794643173
10.84014359178331,-0.008881770739110314,0.01536382778452351,-0.01776354147822063,0.03072765556904702
10.94054707205742,-0.008589041328174686,0.01500724760267841,-0.01717808265634937,0.03001449520535682
11.04188050854161,-0.008305533005148122,0.01465796329364698,-0.01661106601029624,0.02931592658729397
11.14415251466788,-0.00803097515851766,0.01431586469803452,-0.01606195031703532,0.02863172939606904
11.24737178364752,-0.007765104226185714,0.01398084171527917,-0.01553020845237143,0.02796168343055833
11.35154708920999,-0.007507663550364849,0.01365278438407844,-0.0150153271007297,0.02730556876815688
11.45668728634872,-0.007258403233851987,0.01333158295913322,-0.01451680646770397,0.02666316591826643
11.56280131207376,-0.007017079997738537,0.01301712798429534,-0.01403415999547707,0.02603425596859068
11.66989818617147,-0.006783457040608903,0.01270931036220489,-0.01356691408121781,0.02541862072440978
11.77798701197119,-0.006557303899277286,0.01240802142050387,-0.01311460779855457,0.02481604284100774
11.88707697711903,-0.006338396311109082,0.01211315297471297,-0.01267679262221816,0.02422630594942594
11.99717735435885,-0.006126516077970046,0.0118245973878581,-0.01225303215594009,0.0236491947757162
12.1082975023204,-0.005921450931843598,0.01154224762693361,-0.0118429018636872,0.02308449525386722
12.22044686631488,-0.005722994402153134,0.01126599731628839,-0.01144598880430627,0.02253199463257678
12.33363497913776,-0.005530945684823652,0.01099574078802133,-0.0110618913696473,0.02199148157604265
12.44787146187906,-0.005345109513113864,0.01073137312947182,-0.01069021902622773,0.02146274625894364
12.56316602474121,-0.005165296030246917,0.01047279022789055,-0.01033059206049383,0.0209455804557811
12.67952846786435,-0.004991320663865574,0.0102198888123754,-0.009982641327731148,0.02043977762475079
12.79696868215941,-0.004823004002334314,0.009972566493156301,-0.009646008004668628,0.0199451329863126
12.91549665014884,-0.004660171672908763,0.009730721798312556,-0.009320343345817526,0.01946144359662511
13.03512244681509,-0.004502654221789876,0.009494254208004751,-0.009005308443579753,0.0189885084160095
13.15585624045704,-0.004350286996077874,0.009263064186302792,-0.008700573992155748,0.01852612837260558
13.2777082935543,-0.004202910027638729,0.00903705321069076,-0.008405820055277458,0.01807410642138152
13.4006889636395,-0.004060367918893309,0.008816123799327663,-0.008120735837786618,0.01763224759865533
13.52480870417875,-0.003922509730537261,0.008600179536142638,-0.007845019461074522,0.01720035907228528
13.65007806546014,-0.003789188871197504,0.008389125093841694,-0.007578377742395007,0.01677825018768339
13.77650769549054,-0.003660262989028871,0.008182866254901703,-0.007320525978057742,0.01636573250980341
13.9041083409007,-0.003535593865252831,0.007981309930626589,-0.007071187730505662,0.01596261986125318
14.03289084785872,-0.003415047309637799,0.007784364178338708,-0.006830094619275598,0.01556872835667742
14.16286616299199,-0.003298493057919072,0.007591938216777586,-0.006596986115838145,0.01518387643355517
14.29404533431761,-0.003185804671154467,0.007403942439776561,-0.006371609342308933,0.01480788487955312
14.42643951218158,-0.003076859437009954,0.007220288428286331,-0.006153718874019908,0.01444057685657266
14.56005995020649,-0.002971538272968249,0.007040888960813379,-0.005943076545936498,0.01408177792162676
14.69491800624817,-0.002869725631451408,0.006865658022339227,-0.005739451262902815,0.01373131604467845
14.83102514336104,-0.002771309406847375,0.006694510811785579,-0.00554261881369475,0.01338902162357116
14.96839293077256,-0.002676180844428723,0.00652736374808832,-0.005352361688857447,0.01305472749617664
15.10703304486655,-0.002584234451150782,0.006364134474942364,-0.005168468902301564,0.01272826894988473
15.24695727017574,-0.002495367908314948,0.006204741864277471,-0.004990735816629896,0.01240948372855494
15.38817750038346,-0.00240948198608181,0.006049106018523632,-0.004818963972163619,0.01209821203704726
15.5307057393346,-0.002326480459817792,0.005897148271723433,-0.004652960919635583,0.01179429654344687
15.67455410205595,-0.002246270028257753,0.005748791189546768,-0.004492540056515506,0.01149758237909354
15.81973481578601,-0.002168760233465255,0.005603958568262181,-0.00433752046693051,0.01120791713652436
15.96626022101426,-0.002093863382571185,0.005462575432717397,-0.00418772676514237,0.01092515086543479
16.1141427725302,-0.002021494471270602,0.005324568033379958,-0.004042988942541203,0.01064913606675992
16.26339504048192,-0.00195157110905704,0.005189863842487753,-0.00390314221811408,0.01037972768497551
16.41402971144467,-0.001884013446172612,0.005058391549357241,-0.003768026892345224,0.01011678309871448
16.56605958949914,-0.001818744102251798,0.004930081054896143,-0.003637488204503597,0.009860162109792287
16.71949759731989,-0.001755688096636122,0.004804863465365586,-0.003511376193272244,0.009609726930731172
16.87435677727376,-0.001694772780336364,0.004682671085435297,-0.003389545560672728,0.009365342170870594
17.03065029252844,-0.001635927769618635,0.004563437410574219,-0.00327185553923727,0.009126874821148438
17.18839142817146,-0.001579084881189998,0.004447097118817095,-0.003158169762379995,0.008894194237634189
17.34759359233932,-0.001524178068959169,0.004333586061946634,-0.003048356137918338,0.008667172123893268
17.50827031735724,-0.001471143362347339,0.004222841256129105,-0.002942286724694678,0.008445682512258209
17.67043526088947,-0.001419918806123947,0.004114800872040037,-0.002839837612247893,0.008229601744080075
17.83410220710008,-0.001370444401742032,0.004009404224515446,-0.002740888803484065,0.008018808449030891
17.99928506782476,-0.001322662050147508,0.003906591761762431,-0.002645324100295015,0.007813183523524862
18.16599788375328,-0.001276515496036636,0.003806305054162038,-0.002553030992073273,0.007612610108324077
18.3342548256229,-0.001231950273535823,0.003708486782695771,-0.002463900547071646,0.007416973565391542
18.50407019542302,-0.001188913653277738,0.003613080727025974,-0.002377827306555476,0.007226161454051948
18.67545842761076,-0.001147354590847829,0.003520031753259237,-0.002294709181695659,0.007040063506518474
18.84843409033795,-0.001107223676575137,0.003429285801420543,-0.002214447353150274,0.006858571602841085
19.02301188668945,-0.00106847308664148,0.003340789872665003,-0.00213694617328296,0.006681579745330005
19.19920665593284,-0.001031056535483038,0.003254492016252717,-0.002062113070966075,0.006508984032505434
19.37703337477989,-0.0009949292294584209,0.003170341316311204,-0.001989858458916842,0.006340682632622408
19.55650715865949,-0.0009600478217575388,0.003088287878408986,-0.001920095643515078,0.006176575756817973
19.73764326300255,-0.0009263703685255282,0.003008282815962559,-0.001852740737051056,0.006016565631925117
19.9204570845387,-0.0008938562861763081,0.002930278236498246,-0.001787712572352616,0.005860556472996493
20.10496416260498,-0.0008624663098704216,0.002854227227789355,-0.001724932619740843,0.00570845445557871
20.29118018046678,-0.0008321624531319834,0.002780083843887957,-0.001664324906263967,0.005560167687775915
20.47912096665085,-0.0008029079685798901,0.00270780309107003,-0.00160581593715978,0.00541560618214006
20.66880249629083,-0.0007746673097484944,0.002637340913711369,-0.001549334619496989,0.005274681827422739
20.86024089248504,-0.0007474060939733795,0.002568654180111243,-0.001494812187946759,0.005137308360222486
21.05345242766705,-0.0007210910663179558,0.002501700668279524,-0.001442182132635912,0.005003401336559048
21.24845352498883,-0.0006956900645170075,0.002436439051702538,-0.001391380129034015,0.004872878103405077
21.44526075971667,-0.0006711719849135205,0.002372828885101875,-0.001342343969827041,0.00474565777020375
21.64389086064022,-0.0006475067493654379,0.00231083059019969,-0.001295013498730876,0.004621661180399379
21.84436071149427,-0.0006246652730993322,0.002250405441503396,-0.001249330546198664,0.004500810883006793
22.04668735239409,-0.0006026194334882252,0.00219151555212172,-0.00120523886697645,0.004383031104243439
22.25088798128369,-0.0005813420397312004,0.002134123859623638,-0.001162684079462401,0.004268247719247277
22.45697995539774,-0.000560806803412708,0.002078194111950891,-0.001121613606825416,0.004156388223901782
22.66498079273694,-0.0005409883099198336,0.002023690853394149,-0.001081976619839667,0.004047381706788297
22.87490817355703,-0.0005218619906961718,0.00197057941064241,-0.001043723981392344,0.00394115882128482
23.08677994187169,-0.0005034040963112248,0.001918825878914413,-0.00100680819262245,0.003837651757828826
23.30061410696925,-0.0004855916703246894,0.001868397108180498,-0.0009711833406493787,0.003736794216360996
23.51642884494349,-0.0004684025239252718,0.001819260689482619,-0.0009368050478505436,0.003638521378965238
23.73424250023868,-0.000451815211324081,0.001771384941359781,-0.0009036304226481619,0.003542769882719562
23.95407358720878,-0.0004358090058830027,0.001724738896385679,-0.0008716180117660055,0.003449477792771357
24.1759407916913,-0.0004203638769587996,0.001679292287824734,-0.0008407277539175992,0.003358584575649467
24.3998629725955,-0.0004054604674440815,0.001635015536412386,-0.000810920934888163,0.003270031072824771
24.62585916350547,-0.0003910800719866323,0.001591879737264963,-0.0007821601439732646,0.003183759474529926
24.853948574298,-0.0003772046158689446,0.001549856646924031,-0.0007544092317378891,0.003099713293848063
25.0841505927754,-0.0003638166345302026,0.00150891867053979,-0.0007276332690604051,0.00301783734107958
25.31648478631354,-0.0003508992537132826,0.001469038849197573,-0.0007017985074265653,0.002938077698395145
25.55097090352507,-0.0003384361702197393,0.001430190847391264,-0.0006768723404394786,0.002860381694782529
25.78762887593801,-0.0003264116332560821,0.001392348940646997,-0.0006528232665121642,0.002784697881293994
26.02647881969006,-0.0003148104263550081,0.001355488003300159,-0.0006296208527100161,0.002710976006600318
26.26754103723837,-0.0003036178498556373,0.001319583496428514,-0.0006072356997112745,0.002639166992857029
26.51083601908539,-0.0002928197039271091,0.001284611455943764,-0.0005856394078542183,0.002569222911887527
26.75638444552045,-0.000282402272120299,0.001250548480843766,-0.000564804544240598,0.002501096961687533
27.00420718837773,-0.0002723523054327113,0.00121737172162719,-0.0005447046108654226,0.00243474344325438
27.25432531281029,-0.0002626570068719919,0.001185058868872233,-0.0005253140137439838,0.002370117737744466
27.50676007908066,-0.0002533040165038184,0.001153588141980715,-0.0005066080330076367,0.002307176283961431
27.76153294436801,-0.0002442813969702627,0.001122938278088628,-0.0004885627939405253,0.002245876556177257
28.01866556459195,-0.0002355776194650739,0.001093088521144039,-0.0004711552389301478,0.002186177042288079
28.27817979625341,-0.0002271815501526244,0.001064018611152949,-0.0004543631003052489,0.002128037222305899
28.54009769829239,-0.0002190824370176178,0.001035708773593604,-0.0004381648740352357,0.002071417547187208
28.80444153396297,-0.0002112698971329517,0.001008139708999476,-0.0004225397942659034,0.002016279417998952
29.07123377272578,-0.000203733904333451,0.0009812925827109985,-0.0004074678086669019,0.001962585165421997
29.34049709215787,-0.0001964647772835016,0.0009551490147959697,-0.0003929295545670033,0.001910298029591939
29.61225437988034,-0.0001894531679269044,0.0009296910701383417,-0.0003789063358538087,0.001859382140276683
29.88652873550384,-0.0001826900503075809,0.0009049012486950109,-0.0003653801006151619,0.001809802497390022
30.16334347259196,-0.0001761667097500517,0.000880762475920047,-0.0003523334195001034,0.001761524951840094
30.44272212064303,-0.0001698747323888867,0.0008572580933556622,-0.0003397494647777734,0.001714516186711324
30.72468842709004,-0.0001638059950366302,0.0008343718493891415,-0.0003276119900732603,0.001668743698778283
31.00926635931927,-0.0001579526553799596,0.0008120878901747738,-0.0003159053107599192,0.001624175780349548
31.29648010670752,-0.0001523071424941243,0.0007903907507197744,-0.0003046142849882486,0.001580781501439549
31.58635408267817,-0.0001468621476659729,0.0007692653461330531,-0.0002937242953319458,0.001538530692266106
31.87891292677646,-0.0001416106155161336,0.000748696963035583,-0.0002832212310322672,0.001497393926071166
32.17418150676372,-0.000136545735411184,0.0007286712511310832,-0.0002730914708223679,0.001457342502262166
32.47218492073129,-0.0001316609331568769,0.0007091742149355775,-0.0002633218663137538,0.001418348429871155
32.77294849923383,-0.0001269498629637558,0.0006901922056643847,-0.0002538997259275117,0.001380384411328769
33.07649780744241,-0.0001224063996767191,0.0006717119132749877,-0.0002448127993534383,0.001343423826549975
33.38285864731761,-0.0001180246312603327,0.0006537203586641621,-0.0002360492625206654,0.001307440717328324
33.69205705980267,-0.0001137988515319249,0.0006362048860177246,-0.0002275977030638498,0.001272409772035449
34.00411932703706,-0.0001097235531347138,0.0006191531553111577,-0.0002194471062694276,0.001238306310622315
34.31907197459044,-0.0001057934207434465,0.0006025531349593703,-0.000211586841486893,0.001205106269918741
34.63694177371733,-0.0001020033244952383,0.0005863930946137719,-0.0002040066489904766,0.001172786189227544
34.95775574363275,-9.834831363850934e-05,0.0005706615981048127,-0.0001966966272770187,0.001141323196209625
35.28154115380883,-9.482361039312803e-05,0.0005553474965281231,-0.0001896472207862561,0.001110694993056246
35.60832552629278,-9.142460401506101e-05,0.0005404399214723243,-0.000182849208030122,0.001080879842944649
35.93813663804627,-8.814684505903258e-05,0.0005259282783865853,-0.0001762936901180652,0.001051856556773171
36.27100252330646,-8.498603983288225e-05,0.0005118022400859624,-0.0001699720796657645,0.001023604480171925
36.60695147596903,-8.193804503749507e-05,0.000498051740392533,-0.0001638760900749901,0.000996103480785066
36.94601205199302,-7.899886258636393e-05,0.0004846669679103433,-0.0001579977251727279,0.0009693339358206865
37.28821307182836,-7.616463459901266e-05,0.000471638359932139,-0.0001523292691980253,0.0009432767198642779
37.63358362286534,-7.34316385626905e-05,0.0004589565964758847,-0.000146863277125381,0.0009179131929517695
37.98215306190734,-7.079628265690344e-05,0.0004466125944490147,-0.0001415925653138069,0.0008932251888980294
38.33395101766602,-6.825510123552391e-05,0.0004345975019384078,-0.0001365102024710478,0.0008691950038768157
38.68900739327975,-6.580475046137044e-05,0.0004229026926240386,-0.0001316095009227409,0.0008458053852480773
39.04735236885562,-6.344200408830454e-05,0.0004115197603142617,-0.0001268840081766091,0.0008230395206285234
39.4090164040345,-6.116374938604936e-05,0.0004004405136007162,-0.0001223274987720987,0.0008008810272014323
39.77403024058034,-5.896698320307021e-05,0.0003896569706307926,-0.0001179339664061404,0.0007793139412615853
40.14242490499322,-5.684880816301048e-05,0.0003791613539956602,-0.000113697616326021,0.0007583227079913205
40.51423171114647,-5.480642899030793e-05,0.0003689460857318254,-0.0001096128579806159,0.0007378921714636508
40.88948226294863,-5.283714896075266e-05,0.0003590037824342077,-0.0001056742979215053,0.0007180075648684155
41.26820845702954,-5.093836647288338e-05,0.0003493272504787527,-0.0001018767329457668,0.0006986545009575053
41.65044248545183,-4.910757173623846e-05,0.000339909481352571,-9.821514347247692e-05,0.000679818962705142
42.03621683844714,-4.73423435726106e-05,0.0003307436470896539,-9.468468714522121e-05,0.0006614872941793079
42.42556430717777,-4.564034632656826e-05,0.0003218230958101931,-9.128069265313653e-05,0.0006436461916203861
42.81851798652414,-4.399932688162541e-05,0.000313141347361559,-8.799865376325082e-05,0.000626282694723118
43.21511127789764,-4.241711177855837e-05,0.0003046920890590273,-8.483422355711674e-05,0.0006093841781180545
43.61537789208003,-4.089160443247331e-05,0.0002964691715243245,-8.178320886494662e-05,0.0005929383430486491
44.01935185208875,-3.942078244534017e-05,0.0002884666046201203,-7.884156489068035e-05,0.0005769332092402405
44.42706749606883,-3.800269501081059e-05,0.0002806785534785859,-7.600539002162119e-05,0.0005613571069571718
44.83855948021188,-3.663546040823784e-05,0.0002730993346221686,-7.327092081647569e-05,0.0005461986692443373
45.25386278170169,-3.531726358291796e-05,0.0002657234121747582,-7.063452716583593e-05,0.0005314468243495165
45.67301270168745,-3.404635380966327e-05,0.0002585453941614304,-6.809270761932654e-05,0.0005170907883228609
46.09604486828434,-3.282104243691418e-05,0.0002515600288949862,-6.564208487382836e-05,0.0005031200577899724
46.52299523960189,-3.163970070868432e-05,0.0002447622014475209,-6.327940141736864e-05,0.0004895244028950418
46.9539001068006,-3.050075766172027e-05,0.0002381469302052813,-6.100151532344054e-05,0.0004762938604105627
47.38879609717654,-2.940269809534355e-05,0.0002317093635050964,-5.88053961906871e-05,0.0004634187270101928
47.82772017727486,-2.834406061152206e-05,0.0002254447763506828,-5.668812122304411e-05,0.0004508895527013656
48.27070965603183,-2.732343572280042e-05,0.0002193485672071623,-5.464687144560085e-05,0.0004386971344143246
48.71780218794631,-2.633946402579262e-05,0.0002134162548721366,-5.267892805158525e-05,0.0004268325097442732
49.16903577628029,-2.53908344380182e-05,0.0002076434754217065,-5.078166887603639e-05,0.000415286950843413
49.62444877628916,-2.447628249593343e-05,0.0002020259792298343,-4.895256499186686e-05,0.0004040519584596686
50.08407989848212,-2.359458871207967e-05,0.0001965596280594752,-4.718917742415933e-05,0.0003931192561189505
50.5479682119124,-2.27445769893405e-05,0.0001912403922239384,-4.548915397868101e-05,0.0003824807844478769
51.01615314749834,-2.192511309036286e-05,0.000186064347816945,-4.385022618072572e-05,0.00037212869563389
51.48867450137495,-2.113510316026356e-05,0.0001810276740098942,-4.227020632052712e-05,0.0003620553480197884
51.9655724382766,-2.037349230080326e-05,0.0001761266504148612,-4.074698460160651e-05,0.0003522533008297224
52.44688749495119,-1.963926319426993e-05,0.0001713576545118774,-3.927852638853985e-05,0.0003427153090237548
52.93266058360561,-1.89314347753731e-05,0.0001667171591390748,-3.78628695507462e-05,0.0003334343182781495
53.42293299538352,-1.824906094950493e-05,0.0001622017300442913,-3.649812189900987e-05,0.0003244034600885826
53.91774640387503,-1.759122935578004e-05,0.0001578080234967679,-3.518245871156008e-05,0.0003156160469935358
54.4171428686589,-1.695706017331841e-05,0.0001535327839575868,-3.391412034663682e-05,0.0003070655679151737
54.92116483887789,-1.634570496928586e-05,0.0001493728418075237,-3.269140993857172e-05,0.0002987456836150474
55.42985515684669,-1.575634558725838e-05,0.0001453251111310202,-3.151269117451677e-05,0.0002906502222620405
55.94325706169378,-1.518819307452183e-05,0.0001413865875549931,-3.037638614904366e-05,0.0002827731751099862
56.4614141930367,-1.464048664696719e-05,0.0001375543461412337,-2.928097329393438e-05,0.0002751086922824674
56.98437059469139,-1.411249269028534e-05,0.0001338255393311669,-2.822498538057068e-05,0.0002676510786623339
57.51217071841614,-1.360350379620877e-05,0.0001301973949417631,-2.720700759241755e-05,0.0002603947898835262
58.04485942768978,-1.311283783259074e-05,0.0001266672142114258,-2.622567566518148e-05,0.0002533344284228517
58.58248200152536,-1.263983704615158e-05,0.000123232369894691,-2.527967409230316e-05,0.000246464739789382
59.12508413831878,-1.218386719676299e-05,0.0001198903044046069,-2.436773439352598e-05,0.0002397806088092138
59.67271195973314,-1.1744316722178e-05,0.0001166385280016795,-2.348863344435601e-05,0.000233277056003359
60.22541201461928,-1.132059593215155e-05,0.0001134746170282901,-2.264119186430309e-05,0.0002269492340565802
60.7832312829723,-1.091213623093301e-05,0.000110396212187522,-2.182427246186601e-05,0.0002207924243750439
61.34621717992506,-1.051838936714534e-05,0.0001074010168653422,-2.103677873429068e-05,0.0002148020337306844
61.91441755977844,-1.013882671010011e-05,0.0001044867954951185,-2.027765342020022e-05,0.000208973590990237
62.48788072006891,-9.772938551629241e-06,0.0001016513719634643,-1.954587710325848e-05,0.0002033027439269286
63.06665540567406,-9.420233432545645e-06,9.88926280564267e-05,-1.884046686509129e-05,0.0001977852561128534
63.65079081295571,-9.080237492875866e-06,9.620850194505931e-05,-1.816047498575173e-05,0.0001924170038901186
64.2403365939419,-8.752493845035834e-06,9.359698670943141e-05,-1.750498769007167e-05,0.0001871939734188628
64.83534286054724,-8.436561969150416e-06,9.10561289001555e-05,-1.687312393830083e-05,0.000182112257800311
65.43586018883232,-8.132017129743974e-06,8.858402713652872e-05,-1.626403425948795e-05,0.0001771680542730574
66.04193962330305,-7.838449813055573e-06,8.617883074040235e-05,-1.567689962611115e-05,0.0001723576614808047
66.65363268124914,-7.555465184258833e-06,8.383873840491998e-05,-1.511093036851767e-05,0.00016767747680984
67.27099135712341,-7.282682563889906e-06,8.156199689727308e-05,-1.456536512777981e-05,0.0001631239937945462
67.89406812696109,-7.019734922812237e-06,7.934689979465183e-05,-1.403946984562447e-05,0.0001586937995893037
68.52291595284061,-6.766268395068647e-06,7.719178625257784e-05,-1.353253679013729e-05,0.0001543835725051557
69.15758828738525,-6.521941807994692e-06,7.509503980483144e-05,-1.304388361598938e-05,0.0001501900796096629
69.7981390783066,-6.286426228988019e-06,7.305508719419785e-05,-1.257285245797604e-05,0.0001461101743883957
70.4446227729904,-6.059404528349572e-06,7.107039723327551e-05,-1.211880905669914e-05,0.000142140794466551
71.09709432312435,-5.840570957632863e-06,6.913947969460941e-05,-1.168114191526573e-05,0.0001382789593892188
71.75560918936925,-5.629630742956635e-06,6.726088422942456e-05,-1.125926148591327e-05,0.0001345217684588491
72.42022334607316,-5.426299692755258e-06,6.543319931425441e-05,-1.085259938551052e-05,0.0001308663986285088
73.0909932860291,-5.230303819459436e-06,6.365505122477384e-05,-1.046060763891887e-05,0.0001273101024495477
73.76797602527735,-5.041378974617096e-06,6.192510303616093e-05,-1.008275794923419e-05,0.0001238502060723219
74.45122910795139,-4.859270496981804e-06,6.024205364933107e-05,-9.718540993963609e-06,0.0001204841072986621
75.14081061116966,-4.683732873111773e-06,5.86046368423957e-05,-9.367465746223545e-06,0.0001172092736847914
75.8367791499719,-4.514529410039074e-06,5.701162034672016e-05,-9.029058820078148e-06,0.0001140232406934403
76.53919388230148,-4.3514319195835e-06,5.546180494696407e-05,-8.702863839166999e-06,0.0001109236098939281
77.24811451403404,-4.194220413900411e-06,5.395402360450395e-05,-8.388440827800822e-06,0.0001079080472090079
77.96360130405233,-4.042682811866386e-06,5.248714060365335e-05,-8.085365623732772e-06,0.0001049742812073067
78.68571506936847,-3.896614655919971e-06,5.106005072010592e-05,-7.793229311839943e-06,0.0001021201014402118
79.4145171902934,-3.755818838988474e-06,4.967167841104415e-05,-7.511637677976948e-06,9.93433568220883e-05
80.15006961565405,-3.620105341144395e-06,4.832097702636731e-05,-7.24021068228879e-06,9.664195405273463e-05
80.89243486805942,-3.489290975647526e-06,4.70069280405044e-05,-6.978581951295051e-06,9.40138560810088e-05
81.64167604921468,-3.36319914404102e-06,4.572854030429439e-05,-6.72639828808204e-06,9.145708060858878e-05
82.39785684528515,-3.241659599980892e-06,4.448484931642274e-05,-6.483319199961784e-06,8.896969863284549e-05
83.16104153230961,-3.124508221490041e-06,4.327491651392081e-05,-6.249016442980081e-06,8.654983302784163e-05
83.93129498166364,-3.011586791338452e-06,4.209782858124335e-05,-6.023173582676903e-06,8.41956571624867e-05
84.70868266557407,-2.902742785261644e-06,4.095269677745067e-05,-5.805485570523288e-06,8.190539355490134e-05
85.4932706626838,-2.797829167739792e-06,3.983865628103682e-05,-5.595658335479583e-06,7.967731256207364e-05
86.28512566366895,-2.696704195069261e-06,3.875486555195111e-05,-5.393408390138522e-06,7.750973110390222e-05
87.08431497690724,-2.599231225468198e-06,3.770050571037691e-05,-5.198462450936396e-06,7.540101142075382e-05
87.89090653419954,-2.505278535966374e-06,3.667477993183667e-05,-5.010557071932747e-06,7.334955986367333e-05
88.70496889654407,-2.414719145838688e-06,3.567691285820738e-05,-4.829438291677376e-06,7.135382571641476e-05
89.52657125996396,-2.327430646349916e-06,3.470615002423771e-05,-4.654861292699833e-06,6.941230004847542e-05
90.35578346138929,-2.243295036586538e-06,3.376175729916872e-05,-4.486590073173076e-06,6.752351459833744e-05
91.19267598459298,-2.162198565159448e-06,3.284302034307154e-05,-4.324397130318895e-06,6.568604068614309e-05
92.03731996618221,-2.084031577568784e-06,3.194924407752177e-05,-4.168063155137569e-06,6.389848815504353e-05
92.88978720164502,-2.008688369029661e-06,3.107975217024278e-05,-4.017376738059321e-06,6.215950434048555e-05
93.75015015145284,-1.936067042564515e-06,3.023388653335723e-05,-3.872134085129031e-06,6.046777306671445e-05
94.61848194722002,-1.866069372174713e-06,2.941100683489541e-05,-3.732138744349426e-06,5.882201366979082e-05
95.49485639791966,-1.798600670910673e-06,2.86104900232187e-05,-3.597201341821346e-06,5.722098004643741e-05
96.37934799615786,-1.733569663666055e-06,2.783172986402298e-05,-3.46713932733211e-06,5.566345972804597e-05
97.27203192450543,-1.670888364527859e-06,2.707413648959752e-05,-3.341776729055719e-06,5.414827297919505e-05
98.17298406188836,-1.61047195852009e-06,2.633713596002099e-05,-3.220943917040179e-06,5.267427192004198e-05
99.08228099003797,-1.552238687584416e-06,2.562016983598477e-05,-3.104477375168833e-06,5.124033967196954e-05
100,-1.496109740646883e-06,2.492269476294266e-05,-2.992219481293766e-06,4.984538952588532e-05
