0.01,-2.499875004687344,-249.9812507812227
0.01009262190987047,-2.499872678592159,-247.6867796121452
0.01018610170155976,-2.499870309211286,-245.4133620396849
0.01028044732093309,-2.499867895739294,-243.1608048213459
0.01037566678745186,-2.499865437355771,-240.9289164877813
0.0104717681948552,-2.499862933225039,-238.7175073265184
0.01056875971184804,-2.499860382495877,-236.5263893658328
0.01066664958279539,-2.499857784301227,-234.3553763587703
0.01076544612842315,-2.499855137757895,-232.2042837673163
0.01086515774652538,-2.499852441966262,-230.0729287467096
0.0109657929126781,-2.49984969600997,-227.9611301299008
0.01106736018095973,-2.499846898955618,-225.8687084121524
0.01116986818467823,-2.499844049852435,-223.7954857357812
0.01127332563710487,-2.499841147731963,-221.7412858750399
0.01137774133221491,-2.499838191607731,-219.7059342211384
0.01148312414543511,-2.499835180474916,-217.6892577674012
0.01158948303439811,-2.49983211331,-215.691085094562
0.01169682703970385,-2.499828989070426,-213.7112463561926
0.01180516528568805,-2.499825806694243,-211.749573264267
0.01191450698119776,-2.499822565099746,-209.8058990748549
0.01202486142037412,-2.499819263185106,-207.8800585739503
0.01213623798344241,-2.499815899827997,-205.9718880634262
0.01224864613750931,-2.49981247388522,-204.0812253471223
0.01236209543736769,-2.499808984192306,-202.2079097170564
0.0124765955263087,-2.499805429563124,-200.3517819397646
0.01259215613694151,-2.499801808789484,-198.5126842427671
0.01270878709202059,-2.499798120640718,-196.6904603011563
0.01282649830528061,-2.499794363863266,-194.8849552243099
0.01294529978227915,-2.499790537180255,-193.0960155427248
0.01306520162124721,-2.499786639291055,-191.3234891949718
0.01318621401394749,-2.499782668870846,-189.5672255147707
0.01330834724654075,-2.499778624570166,-187.8270752181832
0.01343161170046016,-2.499774505014453,-186.1028903909244
0.01355601785329368,-2.499770308803577,-184.3945244757886
0.01368157627967472,-2.499766034511365,-182.7018322601932
0.01380829765218092,-2.499761680685118,-181.0246698638349
0.01393619274224143,-2.499757245845118,-179.3628947264596
0.01406527242105237,-2.499752728484125,-177.7163655957455
0.01419554766050101,-2.499748127066863,-176.0849425152952
0.01432702953409831,-2.499743440029506,-174.4684868127408
0.0144597292179202,-2.499738665779138,-172.8668610879557
0.01459365799155757,-2.49973380269322,-171.2799292013756
0.01472882723907503,-2.499728849119036,-169.7075562624271
0.01486524844997856,-2.499723803373131,-168.1496086180612
0.01500293322019218,-2.499718663740742,-166.605953841393
0.01514189325304352,-2.499713428475216,-165.0764607204459
0.0152821403602587,-2.499708095797418,-163.5609992469972
0.01542368646296628,-2.499702663895121,-162.0594406055288
0.01556654359271062,-2.499697130922403,-160.5716571622767
0.0157107238924745,-2.499691494999006,-159.0975224543827
0.01585623961771137,-2.499685754209711,-157.6369111791443
0.01600310313738701,-2.499679906603682,-156.1896991833649
0.0161513269350309,-2.499673950193807,-154.7557634528
0.01630092360979741,-2.499667882956016,-153.3349821017008
0.01645190587753663,-2.499661702828611,-151.9272343624546
0.0166042865718753,-2.499655407711545,-150.5324005753187
0.01675807864530768,-2.499648995465728,-149.1503621782498
0.01691329517029648,-2.499642463912291,-147.7810016968255
0.01706994934038408,-2.499635810831851,-146.4242027342601
0.01722805447131394,-2.499629033963763,-145.0798499615098
0.0173876240021625,-2.49962213100534,-143.7478291074699
0.01754867149648151,-2.499615099611081,-142.4280269492616
0.01771121064345088,-2.499607937391883,-141.1203313026089
0.01787525525904235,-2.499600641914216,-139.8246310123018
0.01804081928719383,-2.499593210699301,-138.5408159427482
0.01820791680099463,-2.499585641222285,-137.2687769686133
0.01837656200388171,-2.499577930911363,-136.0084059655427
0.01854676923084699,-2.499570077146918,-134.7595958009725
0.01871855294965579,-2.499562077260638,-133.5222403250231
0.01889192776207666,-2.499553928534594,-132.2962343614759
0.01906690840512252,-2.49954562820034,-131.0814736988335
0.01924350975230331,-2.49953717343796,-129.8778550814621
0.01942174681489026,-2.499528561375116,-128.6852762008145
0.01960163474319186,-2.499519789086076,-127.5036356867332
0.01978318882784164,-2.499510853590721,-126.3328330988353
0.01996642450109793,-2.499501751853538,-125.172768917974
0.02015135733815557,-2.499492480782589,-124.0233445377794
0.02033800305846981,-2.499483037228463,-122.8844622562781
0.02052637752709252,-2.49947341798321,-121.7560252675869
0.02071649675602069,-2.499463619779254,-120.637937653686
0.0209083769055575,-2.49945363928829,-119.5301043762645
0.02110203428568596,-2.499443473120147,-118.4324312686432
0.0212974853574552,-2.499433117821654,-117.3448250277699
0.02149474673437981,-2.499422569875453,-116.2671932062888
0.02169383518385185,-2.499411825698825,-115.1994442046827
0.02189476762856622,-2.499400881642464,-114.1414872634865
0.02209756114795902,-2.499389733989254,-113.0932324555737
0.02230223297965938,-2.499378378952995,-112.0545906785115
0.02250880052095462,-2.499366812677132,-111.0254736469875
0.02271728133026905,-2.499355031233451,-110.0057938853064
0.0229276931286565,-2.49934303062074,-108.9954647199528
0.02314005380130653,-2.499330806763442,-107.9944002722259
0.02335438139906478,-2.499318355510275,-107.0025154509386
0.02357069413996728,-2.49930567263283,-106.0197259451853
0.02378901041078893,-2.499292753824125,-105.0459482171755
0.02400934876860653,-2.499279594697172,-104.0810994951331
0.02423172794237599,-2.499266190783473,-103.1250977662609
0.02445616683452445,-2.499252537531517,-102.1778617697694
0.02468268452255692,-2.499238630305241,-101.2393109899703
0.02491130026067789,-2.499224464382459,-100.309365649432
0.02514203348142798,-2.499210034953268,-99.38794670219914
0.02537490379733571,-2.499195337118416,-98.47497582707365
0.02560993100258458,-2.499180365887656,-97.57037542095748
0.02584713507469564,-2.499165116178049,-96.67406859225642
0.02608653617622548,-2.499149582812246,-95.78597915434466
0.02632815465648021,-2.499133760516754,-94.90603161908888
0.02657201105324505,-2.499117643920126,-94.03415119043187
0.02681812609453014,-2.499101227551173,-93.17026375803503
0.02706652070033241,-2.499084505837096,-92.31429589097911
0.02731721598441376,-2.499067473101621,-91.46617483152298
0.02757023325609584,-2.499050123563061,-90.62582848891881
0.02782559402207124,-2.499032451332384,-89.79318543328526
0.02808331998823172,-2.499014450411206,-88.96817488953535
0.02834343306151309,-2.49899611468978,-88.15072673136139
0.02860595535175742,-2.498977437944924,-87.34077147527411
0.02887090917359236,-2.498958413837925,-86.53824027469658
0.02913831704832787,-2.498939035912399,-85.74306491411306
0.02940820170587064,-2.498919297592107,-84.95517780327008
0.02968058608665602,-2.498899192178744,-84.1745119714322
0.02995549334359813,-2.498878712849671,-83.40100106168924
0.03023294684405778,-2.498857852655624,-82.63457932531645
0.03051297017182869,-2.498836604518359,-81.87518161618604
0.03079558712914227,-2.498814961228267,-81.12274338522974
0.03108082173869064,-2.498792915441953,-80.37720067495296
0.03136869824566876,-2.498770459679742,-79.63849011399797
0.03165924111983522,-2.498747586323183,-78.90654891175826
0.03195247505759212,-2.498724287612454,-78.18131485304114
0.03224842498408442,-2.498700555643765,-77.46272629277998
0.03254711605531848,-2.498676382366695,-76.75072215079479
0.03284857366030044,-2.498651759581465,-76.04524190660028
0.03315282342319425,-2.498626678936195,-75.34622559426239
0.03345989120549973,-2.498601131924082,-74.65361379730149
0.03376980310825092,-2.498575109880535,-73.96734764364193
0.03408258547423452,-2.49854860398026,-73.28736880060879
0.03439826489022924,-2.498521605234295,-72.61361946996959
0.03471686818926562,-2.498494104486975,-71.94604238302192
0.03503842245290674,-2.498466092412862,-71.28458079572636
0.03536295501355043,-2.498437559513605,-70.629178483883
0.0356904934567523,-2.498408496114736,-69.9797797383532
0.0360210656235707,-2.498378892362438,-69.33632936032491
0.03635469961293319,-2.49834873822021,-68.69877265662065
0.03669142378402492,-2.498318023465514,-68.06705543504977
0.03703126675869927,-2.498286737686324,-67.44112399980204
0.03737425742391064,-2.498254870277639,-66.82092514688424
0.03772042493416997,-2.498222410437914,-66.20640615959834
0.03806979871402286,-2.49818934716544,-65.59751480406091
0.03842240846055059,-2.498155669254647,-64.99419932476418
0.03877828414589457,-2.498121365292342,-64.39640844017693
0.03913745601980384,-2.49808642365388,-63.80409133838643
0.03949995461220645,-2.498050832499269,-63.21719767277995
0.03986581073580441,-2.498014579769196,-62.63567755776597
0.04023505548869291,-2.497977653180977,-62.05948156453429
0.04060772025700365,-2.497940040224456,-61.48856071685557
0.04098383671757262,-2.497901728157795,-60.92286648691886
0.04136343684063275,-2.497862704003221,-60.3623507912074
0.04174655289253137,-2.497822954542669,-59.80696598641235
0.04213321743847287,-2.497782466313359,-59.25666486538369
0.04252346334528682,-2.497741225603288,-58.71140065311842
0.04291732378422158,-2.49769921844665,-58.17112700278566
0.04331483223376401,-2.497656430619154,-57.63579799178763
0.04371602248248505,-2.497612847633271,-57.10536811785744
0.04412092863191187,-2.497568454733392,-56.57979229519185
0.04452958509942655,-2.497523236890894,-56.05902585062015
0.04494202662119142,-2.497477178799118,-55.54302451980775
0.04535828825510189,-2.497430264868265,-55.03174444349465
0.04577840538376619,-2.497382479220175,-54.52514216376835
0.04620241371751311,-2.497333805683044,-54.02317462037086
0.04663034929742731,-2.497284227786016,-53.52579914703966
0.04706224849841281,-2.497233728753697,-53.0329734678822
0.04749814803228502,-2.497182291500558,-52.54465569378326
0.04793808495089109,-2.49712989862524,-52.06080431884583
0.04838209664925955,-2.497076532404761,-51.58137821686391
0.0488302208687788,-2.497022174788605,-51.10633663782814
0.04928249570040513,-2.496966807392724,-50.6356392044633
0.04973895958790065,-2.496910411493411,-50.16924590879731
0.05019965133110082,-2.496852968021075,-49.70711710876198
0.05066461008921268,-2.496794457553903,-49.24921352482469
0.05113387538414326,-2.496734860311398,-48.79549623665095
0.05160748710385907,-2.496674156147813,-48.3459266797976
0.05208548550577663,-2.496612324545457,-47.9004666424362
0.05256791122018422,-2.496549344607895,-47.45907826210671
0.05305480525369574,-2.496485195052997,-47.02172402250033
0.05354620899273608,-2.496419854205895,-46.58836675027257
0.05404216420705915,-2.49635329999179,-46.15896961188474
0.05454271305329834,-2.496285509928644,-45.73349611047497
0.05504789807854971,-2.496216461119736,-45.31191008275778
0.05555776222398878,-2.496146130246071,-44.89417569595155
0.05607234882852033,-2.496074493558683,-44.48025744473493
0.05659170163246242,-2.496001526870771,-44.07012014823051
0.05711586478126432,-2.495927205549706,-43.66372894701633
0.05764488282925876,-2.495851504508903,-43.26104930016492
0.05817880074344935,-2.495774398199528,-42.86204698230917
0.05871766390733255,-2.495695860602082,-42.46668808073545
0.05926151812475552,-2.495615865217811,-42.07493899250282
0.05981040962380941,-2.495534385059972,-41.6867664215892
0.06036438506075867,-2.495451392644954,-41.30213737606343
0.06092349152400712,-2.495366859983227,-40.92101916528318
0.06148777653810023,-2.495280758570129,-40.5433793971187
0.062057288067765,-2.495193059376502,-40.16918597520177
0.06263207452198689,-2.495103732839157,-39.79840709620021
0.06321218475812451,-2.495012748851157,-39.43101124711702
0.06379766808606283,-2.494920076751944,-39.06696720261446
0.0643885742724042,-2.494825685317295,-38.70624402236273
0.06498495354469888,-2.494729542749068,-38.34881104841261
0.06558685659571432,-2.494631616664817,-37.99463790259254
0.06619433458774392,-2.494531874087175,-37.64369448392956
0.06680743915695615,-2.494430281433086,-37.29595096609348
0.06742622241778343,-2.494326804502822,-36.951377794865
0.06805073696735206,-2.494221408468825,-36.60994568562671
0.06868103588995304,-2.494114057864341,-36.27162562087715
0.06931717276155404,-2.494004716571861,-35.93638884776784
0.06995920165435375,-2.493893347811361,-35.60420687566271
0.07060717714137772,-2.493779914128322,-35.27505147371998
0.07126115430111749,-2.493664377381563,-34.94889466849612
0.0719211887222119,-2.493546698730839,-34.6257087415721
0.07258733650817249,-2.493426838624244,-34.30546622720112
0.0732596542821523,-2.49330475678537,-33.98813990997787
0.07393819919175866,-2.49318041220027,-33.67370282252961
0.07462302891391112,-2.493053763104171,-33.36212824322796
0.07531420165974372,-2.492924766967965,-33.05338969392196
0.07601177617955326,-2.492793380484482,-32.74746093769196
0.07671581176779302,-2.492659559554486,-32.4443159766239
0.07742636826811269,-2.49252325927247,-32.14392904960435
0.07814350607844546,-2.492384433912194,-31.84627463013566
0.07886728615614153,-2.49224303691195,-31.55132742417106
0.07959777002314981,-2.492099020859608,-31.25906236796992
0.08033501977124735,-2.491952337477382,-30.96945462597246
0.08107909806731686,-2.491802937606352,-30.68247958869427
0.08183006815867394,-2.491650771190697,-30.39811287063988
0.08258799387844268,-2.491495787261691,-30.1163303082359
0.08335293965098191,-2.491337933921391,-29.83710795778279
0.08412497049736119,-2.491177158326076,-29.56042209342575
0.08490415204088747,-2.491013406669393,-29.2862492051443
0.08569055051268351,-2.490846624165208,-29.01456599676004
0.08648423275731722,-2.490676755030185,-28.74534938396333
0.08728526623848375,-2.49050374246606,-28.47857649235754
0.08809371904473991,-2.490327528641609,-28.21422465552178
0.08890965989529158,-2.490148054674336,-27.95227141309138
0.08973315814583524,-2.489965260611827,-27.6926945088559
0.09056428379445289,-2.489779085412803,-27.43547188887496
0.09140310748756232,-2.489589466927857,-27.1805816996112
0.09224970052592174,-2.489396341879879,-26.9280022860808
0.09310413487069075,-2.489199645844129,-26.6777121900208
0.09396648314954696,-2.488999313228002,-26.42969014807348
0.09483681866285923,-2.488795277250448,-26.18391508998761
0.09571521538991866,-2.488587469921068,-25.94036613683624
0.09660174799522646,-2.488375822018818,-25.69902259925097
0.09749649183484087,-2.488160263070432,-25.45986397567271
0.09839952296278232,-2.487940721328439,-25.22286995061858
0.09931091813749796,-2.487717123748835,-24.98802039296485
0.1002307548283865,-2.487489395968397,-24.75529535424586
0.101159111222383,-2.487257462281617,-24.52467506696876
0.1020960662306047,-2.487021245617278,-24.2961399429439
0.1030416994950588,-2.486780667514634,-24.06967057163068
0.103996091395412,-2.486535648099212,-23.84524771849895
0.1049593230558227,-2.48628610605823,-23.62285232340545
0.105931476351837,-2.486031958615614,-23.40246549898564
0.1069126339173476,-2.485773121506623,-23.18406852906034
0.1079028791516184,-2.485509508952065,-22.96764286705735
0.108902296226373,-2.485241033632095,-22.75317013444779
0.1099109700929497,-2.484967606659628,-22.54063211919702
0.1109289864895223,-2.484689137553295,-22.33001077423021
0.1119564319483879,-2.484405534210008,-22.12128821591216
0.1129933938033222,-2.48411670287707,-21.91444672254141
0.1140399601970032,-2.483822548123872,-21.70946873285859
0.1150962200885032,-2.483522972813136,-21.50633684456862
0.1161622632608502,-2.483217878071716,-21.30503381287704
0.1172381803286599,-2.482907163260962,-21.10554254904002
0.1183240627458379,-2.482590725946614,-20.90784611892805
0.1194200028133532,-2.482268461868239,-20.71192774160321
0.1205260936870842,-2.481940264908225,-20.51777078791003
0.1216424293857368,-2.481606027060273,-20.3253587790795
0.1227691047988359,-2.481265638397445,-20.13467538534657
0.1239062156947916,-2.480918987039709,-19.94570442458054
0.1250538587290391,-2.48056595912103,-19.75842986092877
0.1262121314522547,-2.480206438755941,-19.57283580347309
0.1273811323186478,-2.479840308005648,-19.38890650489921
0.1285609606943295,-2.479467446843625,-19.20662636017876
0.1297517168657588,-2.479087733120706,-19.02597990526407
0.1309535020482667,-2.47870104252969,-18.84695181579547
0.1321664183946605,-2.478307248569411,-18.66952690582094
0.1333905690039059,-2.477906222508315,-18.4936901265283
0.134626057929891,-2.477497833347501,-18.31942656498942
0.135872990190271,-2.477081947783265,-18.14672144291688
0.1371314717753945,-2.476658430169087,-17.97556011543246
0.1384016096573132,-2.476227142477126,-17.80592806984781
0.139683511798874,-2.475787944259145,-17.63781092445691
0.1409772871628966,-2.47534069260693,-17.47119442734035
0.1422830457214353,-2.474885242112154,-17.30606445518144
0.143600898465126,-2.474421444825702,-17.14240701209388
0.1449309574126217,-2.473949150216462,-16.98020822846103
0.146273335620113,-2.473468205129541,-16.81945435978667
0.147628147190939,-2.472978453743975,-16.66013178555717
0.1489955072852854,-2.472479737529844,-16.50222700811496
0.1503755321299738,-2.471971895204861,-16.34572665154336
0.1517683390283405,-2.471454762690388,-16.19061746056244
0.153174046370208,-2.470928173066921,-16.0368862994361
0.1545927736419477,-2.470391956528982,-15.88452015089014
0.1560246414366369,-2.469845940339479,-15.73350611504132
0.1574697714643086,-2.469289948783506,-15.5838314083373
0.1589282865622978,-2.468723803121563,-15.43548336250738
0.160400310705682,-2.468147321542237,-15.28844942352403
0.1618859690178198,-2.467560319114322,-15.14271715057517
0.1633853877809861,-2.466962607738376,-14.99827421504697
0.1648986944471064,-2.466353996097711,-14.85510839951727
0.1664260176485904,-2.465734289608862,-14.71320759675954
0.1679674872092654,-2.465103290371463,-14.57255980875727
0.169523234155412,-2.464460797117604,-14.43315314572871
0.1710933907269014,-2.463806605160624,-14.29497582516197
0.1726780903884355,-2.463140506343368,-14.15801617086043
0.1742774678408919,-2.462462288985905,-14.02226261199833
0.1758916590327733,-2.461771737832704,-13.88770368218654
0.1775208011717635,-2.461068633999295,-13.75432801854846
0.17916503273639,-2.460352754918397,-13.62212436080597
0.1808244934877951,-2.45962387428552,-13.4910815503754
0.1824993244816152,-2.458881762004086,-13.36118852947355
0.1841896680799711,-2.458126184130017,-13.23243434023348
0.1858956679635687,-2.457356902815841,-13.10480812383032
0.1876174691439121,-2.45657367625433,-12.97829911961688
0.1893552179756295,-2.455776258621632,-12.85289666426903
0.1911090621689138,-2.454964400019967,-12.72859019094084
0.1928791508020778,-2.454137846419858,-12.60536922842948
0.1946656343342262,-2.453296339601926,-12.48322340034975
0.1964686646180445,-2.452439617098255,-12.36214242431831
0.1982883949127071,-2.451567412133357,-12.24211611114742
0.2001249798969037,-2.450679453564721,-12.12313436404836
0.2019785756819879,-2.449775465822999,-12.00518717784432
0.2038493398252463,-2.448855168851832,-11.88826463819285
0.2057374313432913,-2.447918278047305,-11.77235692081776
0.2076430107255774,-2.44696450419711,-11.65745429075045
0.2095662399480433,-2.445993553419386,-11.54354710158073
0.2115072824868795,-2.445005127101279,-11.43062579471697
0.2134663033324244,-2.443998921837246,-11.31868089865567
0.2154434690031884,-2.442974629367127,-11.20770302826037
0.217438947560008,-2.441931936514004,-11.09768288404985
0.2194529086203314,-2.440870525121871,-10.9886112514957
0.221485523372636,-2.439790071993176,-10.88047900032913
0.2235369645909795,-2.438690248826209,-10.77327708385707
0.2256074066496861,-2.437570722152421,-10.6669965382875
0.227697025538168,-2.436431153273682,-10.56162848206403
0.2298059988758851,-2.435271198199505,-10.45716411520972
0.2319345059274428,-2.434090507584296,-10.35359471868004
0.2340827276178293,-2.432888726664654,-10.2509116537251
0.2362508465477947,-2.431665495196762,-10.14910636126102
0.238439047009372,-2.43042044739391,-10.04817036125045
0.2406475150015424,-2.429153211864195,-9.948095252092278
0.2428764382460451,-2.427863411548464,-9.848872710020482
0.2451260062033339,-2.426550663658503,-9.750494488512141
0.2473964100886814,-2.425214579615568,-9.652952417704531
0.2496878428884327,-2.423854764989288,-9.556238403821409
0.2520004993764092,-2.422470819436991,-9.460344428608353
0.2543345761304649,-2.421062336643525,-9.365262548777297
0.256690271549195,-2.419628904261619,-9.270984895460089
0.2590677858688008,-2.418170103852865,-9.177503673671263
0.2614673211801092,-2.416685510829357,-9.084811161779815
0.263889081445751,-2.415174694396072,-8.992899710990161
0.2663332725174982,-2.413637217494072,-8.901761744832124
0.2688001021537606,-2.412072636744581,-8.811389758660118
0.2712897800372466,-2.41048050239401,-8.721776319161339
0.2738025177927857,-2.408860358260026,-8.632914063873088
0.276338529005317,-2.40721174167874,-8.544795700709212
0.278898029238044,-2.40553418345308,-8.45741400749562
0.281481236050758,-2.403827207802468,-8.370761831514887
0.2840883690183303,-2.402090332313858,-8.28483208905998
0.286719649749377,-2.400323067894253,-8.199617764997045
0.2893753019050951,-2.398524918724794,-8.115111912337339
0.2920555512182746,-2.396695382216498,-8.031307651818175
0.2947606255124857,-2.394833948967788,-7.948198171493039
0.297490754721444,-2.392940102723889,-7.865776726330748
0.3002461709085549,-2.391013320338212,-7.784036637823692
0.3030271082866397,-2.389053071735852,-7.702971293605184
0.3058338032378433,-2.387058819879296,-7.622574147075857
0.3086664943337273,-2.385030020736484,-7.54283871703915
0.3115254223555487,-2.382966123251332,-7.463758587345841
0.3144108303147265,-2.380866569316862,-7.385327406547647
0.3173229634734976,-2.378730793751067,-7.30753888755988
0.3202620693657651,-2.376558224275636,-7.230386807333077
0.3232283978181379,-2.374348281497711,-7.15386500653374
0.3262222009711669,-2.372100378894793,-7.077967389234007
0.3292437333007769,-2.369813922802965,-7.002687922610329
0.3322932516398973,-2.367488312408577,-6.928020636651135
0.335371015200293,-2.365122939743568,-6.853959623873412
0.3384772855945982,-2.362717189684569,-6.780499039048233
0.3416123268585528,-2.36027043995597,-6.707633098935143
0.3447764054734464,-2.357782061137117,-6.635356082025431
0.3479697903887692,-2.355251416673822,-6.563662328294222
0.3511927530450729,-2.352677862894365,-6.492546238961355
0.3544455673970434,-2.350060749030167,-6.422002276260995
0.3577285099367872,-2.347399417241345,-6.352024963219964
0.3610418597173337,-2.34469320264733,-6.282608883444717
0.3643858983763545,-2.341941433362741,-6.213748680916902
0.3677609101601032,-2.339143430538746,-6.145439059797462
0.3711671819475765,-2.336298508410099,-6.077674784239206
0.3746050032748993,-2.333405974348072,-6.010450678207796
0.3780746663599349,-2.330465128919506,-5.943761625311028
0.3815764661271249,-2.3274752659522,-5.877602568636381
0.3851107002325571,-2.324435672606869,-5.811968510596718
0.3886776690892666,-2.321345629455897,-5.74685451278403
0.3922776758927719,-2.318204410569138,-5.68225569583116
0.3959110266468459,-2.315011283606984,-5.618167239281375
0.399578030189527,-2.311765509920964,-5.554584381465644
0.4032789982193707,-2.308466344662118,-5.491502419387581
0.4070142453219437,-2.305113036897387,-5.428916708615807
0.4107840889965646,-2.301704829734301,-5.366822663183679
0.4145888496832911,-2.298240960454207,-5.305215755496214
0.4184288507901581,-2.2947206606543,-5.244091516244012
0.4223044187206674,-2.291143156398747,-5.183445534324067
0.4262158829015323,-2.287507668379141,-5.123273456767226
0.4301635758106794,-2.283813412084592,-5.063570988672168
0.4341478330055093,-2.280059597981712,-5.004333893145654
0.4381689931514191,-2.276245431704777,-4.945557991248863
0.4422273980505899,-2.272370114256345,-4.88723916194956
0.4463233926710396,-2.268432842218621,-4.829373342079918
0.4504573251759458,-2.264432807975849,-4.771956526299683
0.45462954695324,-2.260369199948002,-4.714984767064457
0.4588404126454758,-2.256241202836087,-4.658454174598809
0.4630902801799739,-2.252047997879323,-4.602360916873957
0.4673795107992462,-2.247788763124487,-4.546701219589658
0.4717084690917017,-2.243462673707729,-4.491471366160058
0.4760775230226369,-2.239068902149107,-4.43666769770312
0.480487043965513,-2.234606618660167,-4.382286613033329
0.4849374067335235,-2.230074991464819,-4.328324568657249
0.489428989611453,-2.225473187133787,-4.274778078771615
0.493962174387832,-2.220800370932939,-4.221643715263546
0.4985373463873894,-2.216055707185732,-4.168918107712441
0.5031548945038053,-2.211238359650058,-4.116597943393172
0.5078152112327673,-2.20634749190975,-4.064679967280092
0.5125186927053331,-2.201382267781009,-4.013160982051416
0.5172657387216019,-2.19634185173398,-3.962037848093496
0.5220567527846975,-2.191225409329747,-3.911307483504459
0.5268921421350674,-2.18603210767297,-3.860966864096742
0.5317723177850969,-2.180761115880359,-3.811013023397918
0.5366976945540475,-2.175411605565257,-3.761443052649331
0.5416686911033152,-2.169982751338482,-3.712254100801907
0.5466857299720181,-2.164473731325639,-3.663443374508572
0.5517492376129125,-2.158883727701089,-3.61500813811266
0.5568596444286411,-2.153211927238718,-3.56694571363167
0.5620173848083186,-2.147457521879667,-3.519253480735721
0.5672228971644544,-2.141619709317159,-3.471928876720051
0.5724766239702179,-2.135697693598526,-3.424969396470825
0.5777790117970503,-2.12969068574453,-3.378372592423577
0.5831305113526222,-2.123597904386079,-3.332136074513547
0.5885315775191449,-2.11741857641836,-3.286257510117151
0.5939826693920356,-2.111151937672433,-3.240734623983812
0.599484250318941,-2.104797233604319,-3.195565198157395
0.6050367879391221,-2.098353720001528,-3.150747071886398
0.6106407542232041,-2.091820663707001,-3.106278141522089
0.6162966255132941,-2.085197343360417,-3.062156360403781
0.6220048825634712,-2.078483050156715,-3.018379738730323
0.6277660105806501,-2.07167708862177,-2.974946343416988
0.633580499265825,-2.064778777404987,-2.93185429793684
0.639448842855694,-2.057787450088682,-2.889101782145687
0.64537154016467,-2.050702456013984,-2.846687032089697
0.6513490946272803,-2.043523161122999,-2.804608339794736
0.6573820143409587,-2.036248948816934,-2.762864053036515
0.6634708121092346,-2.028879220829859,-2.721452575090566
0.669616005485322,-2.021413398117666,-2.68037236446108
0.6758181168161109,-2.013850921761881,-2.639621934587676
0.6820776732865685,-2.006191253887789,-2.599199853529084
0.6883952069645498,-1.998433878596388,-2.559104743622763
0.6947712548460235,-1.990578302909635,-2.519335281119517
0.7012063589007181,-1.982624057728322,-2.479890195792042
0.7077010661181888,-1.974570698801982,-2.440768270516508
0.7142559285543126,-1.96641780771008,-2.401968340826113
0.7208715033782137,-1.958164992853768,-2.363489294435689
0.7275483529196228,-1.949811890457346,-2.325330070736352
0.7342870447166763,-1.941358165578621,-2.287489660259253
0.7410881515641569,-1.932803513127211,-2.24996710410746
0.7479522515621821,-1.924147658889839,-2.212761493355059
0.7548799281653433,-1.915390360561583,-2.175871968412524
0.7618717702322995,-1.906531408782,-2.139297718357481
0.7689283720758311,-1.897570628174988,-2.103037980229959
0.7760503335133571,-1.888507878391177,-2.067092038291301
0.7832382599179196,-1.879343055151614,-2.031459223245899
0.7904927622696423,-1.870076091291388,-1.996138911424938
0.7978144572076625,-1.860706957801877,-1.961130523931428
0.8052039670825475,-1.851235664870139,-1.926433525745776
0.8126619200091945,-1.841662262913984,-1.892047424791217
0.8201889499202204,-1.831986843611179,-1.857971770958484
0.8277856966198475,-1.822209540921175,-1.82420615508912
0.8354528058382867,-1.812330532097716,-1.790750207916902
0.8431909292866256,-1.802350038690596,-1.757603598966897
0.8510007247122245,-1.792268327534814,-1.72476603541172
0.8588828559546251,-1.782085711725317,-1.692237260884675
0.8668379930019777,-1.771802551575429,-1.660017054249438
0.874866812047991,-1.761419255557097,-1.628105228326118
0.8829699955494089,-1.750936281220949,-1.596501628573507
0.8911482322840201,-1.740354136094191,-1.565206131727494
0.8994022174092046,-1.729673378554272,-1.534218644395635
0.9077326525210226,-1.718894618676247,-1.503539101608001
0.9161402457138517,-1.708018519051709,-1.473167465324485
0.9246257116405741,-1.697045795577139,-1.443103722898864
0.9331897715733238,-1.685977218209498,-1.413347885499998
0.9418331534647952,-1.67481361168686,-1.383899986490655
0.9505565920101194,-1.663555856211845,-1.354760079764537
0.9593608287093143,-1.652204888095633,-1.325928238042217
0.9682466119303121,-1.640761700360304,-1.297404551126783
0.9772146969725725,-1.62922734329724,-1.269189124120096
0.9862658461312822,-1.617602924979347,-1.241282075600718
0.9954008287621522,-1.605889611724845,-1.213683535764623
1.004620421346813,-1.594088628510374,-1.186393644529985
1.013925407558815,-1.582201259331224,-1.15941254960742
1.023316578330245,-1.570228847506456,-1.132740404537176
1.032794731918952,-1.558172795926788,-1.106377366694942
1.042360673976402,-1.546034567243073,-1.080323595267985
1.052015217616159,-1.533815683993317,-1.054579249203531
1.061759183483,-1.521517728666187,-1.029144485131388
1.071593399822671,-1.509142343699024,-1.004019455262925
1.081518702552288,-1.496691231408468,-0.9792043052686937
1.091535935331392,-1.484166153851833,-0.9546991721370367
1.101645949633657,-1.471568932617487,-0.9305041820162065
1.111849604819271,-1.458901448542565,-0.9066194480426053
1.12214776820798,-1.446165641356429,-0.8830450681578731
1.132541315152812,-1.433363509248401,-0.8597811229176875
1.143031129114479,-1.420497108358425,-0.8368276732952289
1.153618101736478,-1.407568552189383,-0.8141847584823741
1.164303132920877,-1.394580010939979,-0.7918523936917994
1.175087130904808,-1.381533710757172,-0.7698305679632427
1.18597101233767,-1.368431932907338,-0.7481192419773037
1.196955702359043,-1.355277012865446,-0.7267183458802123
1.208042134677328,-1.342071339321713,-0.7056277771230902
1.219231251649111,-1.328817353105344,-0.6848473983193172
1.230524004359262,-1.315517546025148,-0.664377035123647
1.241921352701784,-1.302174459626982,-0.6442164741368047
1.2534242654614,-1.288790683868153,-0.6243654608393289
1.265033720395903,-1.27536885570909,-0.6048236975584673
1.276750704319266,-1.261911657622811,-0.5855908414719742
1.288576213185518,-1.24842181602285,-0.5666665026526559
1.300511252173409,-1.234902099610563,-0.5480502421575496
1.312556835771844,-1.221355317642883,-0.5297415701656011
1.324713987866117,-1.207784318121828,-0.5117399441677021
1.336983741824947,-1.194191985907261,-0.4940447672129361
1.349367140588307,-1.180581240754579,-0.4766553862148295
1.361865236756082,-1.166955035279263,-0.4595710903213805
1.374479092677537,-1.153316352850376,-0.4427911093525697
1.387209780541621,-1.139668205415343,-0.4263146123089893
1.400058382468097,-1.126013631258512,-0.4101407059551567
1.413025990599534,-1.112355692696215,-0.3942684334809726
1.426113707194129,-1.098697473711256,-0.3786967732446916
1.439322644719407,-1.085042077529921,-0.3634246376006481
1.452653925946781,-1.071392624144804,-0.348450871814861
1.466108684046984,-1.057752247786935,-0.3337742530714899
1.479688062686397,-1.044124094350873,-0.3193934895729763
1.493393216124252,-1.030511318776565,-0.3053072197365298
1.507225309310756,-1.016917082391993,-0.2915140114894532
1.521185517986104,-1.003344550220725,-0.2780123616656113
1.535275028780423,-0.9897968882586742,-0.2648006955051597
1.549495039314632,-0.9762772607244798,-0.251877366259438
1.563846758302247,-0.962788827288062,-0.2392406549027275
1.578331405652118,-0.949334740282006,-0.2268887699523439
1.592950212572123,-0.935918141900542,-0.2148198473983145
1.607704421673824,-0.9225421613909659,-0.203031950743643
1.622595287078088,-0.9092099122424235,-0.1915230711559344
1.637624074521688,-0.8959244893770585,-0.1802911277308908
1.652792061464895,-0.8826889663485402,-0.1693339678679443
1.668100537200059,-0.8695063925530636,-0.1586493677580375
1.683550802961202,-0.8563797904578896,-0.1482350329832878
1.699144172034626,-0.8433121528525351,-0.1380885992280289
1.71488196987054,-0.8303064401276877,-0.1282076331004428
1.730765534195725,-0.8173655775869075,-0.1185896330637383
1.746796215127245,-0.8044924527961271,-0.1092320304755696
1.762975375287206,-0.7916899129759154,-0.100132190734121
1.779304389918578,-0.7789607624413908,-0.09128741452903209
1.795784647002096,-0.7663077600945858,-0.08269493919507377
1.812417547374237,-0.7537336169739646,-0.07435194016624153
1.829204504846293,-0.7412409938656718,-0.06625553252768136
1.846146946324548,-0.7288324989809759,-0.05840277266262916
1.86324631193156,-0.7165106857042038,-0.05079065999130803
1.880504055128583,-0.704278050415328,-0.04341613879850918
1.897921642839101,-0.6921370303911721,-0.03627610014636146
1.915500555573528,-0.6800900017890453,-0.02936738386859876
1.933242287555045,-0.6681392777163975,-0.02268678064243398
1.951148346846617,-0.656287106389888,-0.01623103413396638
1.969220255479172,-0.644535669387054,-0.009996843212886438
1.987459549580983,-0.6328870799935207,-0.003980864232074683
2.005867779508234,-0.6213433816484806,0.001820286632443261
2.024446509976804,-0.6099065464909079,0.0074100309858587
2.043197320195271,-0.5985784740087411,0.01279182576804508
2.062121803999144,-0.587360989792998,0.01796916076101292
2.081221569986339,-0.5762558443985417,0.0229455560553281
2.100498241653915,-0.5652647123129368,0.02772455948053613
2.119953457536071,-0.5543891910345774,0.03230974400468709
2.139588871343422,-0.5436308002610029,0.03670470510809989
2.159406152103566,-0.5329909811880342,0.04091305813652327
2.179406984302955,-0.5224710959201077,0.0449384356388593
2.199593068030075,-0.5120724269919079,0.04878448469460717
2.219966119119955,-0.5017961770011291,0.05245486423616263
2.240527869300019,-0.4916434683519486,0.05595324237106702
2.261280066337279,-0.4816153431085117,0.05928329370924745
2.282224474186898,-0.4717127629574955,0.06244869670021988
2.303362873142131,-0.461936609278552,0.06545313098514888
2.324697059985648,-0.4522876833212015,0.06830027476855297
2.346228848142264,-0.4427667064865049,0.07099380221434475
2.367960067833077,-0.4333743207116196,0.07353738087076549
2.38989256623105,-0.4241110889551199,0.07593466912864577
2.412028207618007,-0.4149774957807678,0.07818931371727235
2.434368873543111,-0.4059739480372057,0.08030494724199329
2.456916462982791,-0.3971007756308669,0.08228518576752229
2.479672892502159,-0.3883582323892169,0.08413362645072973
2.502640096417919,-0.3797464970112772,0.08585384522652816
2.525820026962785,-0.3712656741022315,0.08744939455026601
2.549214654451423,-0.3629157952887688,0.08892380119985031
2.572825967447933,-0.3546968204116963,0.09028056414061475
2.596655972934871,-0.3466086387922405,0.09152315245574093
2.620706696483852,-0.3386510705683456,0.09265500334483522
2.64498018242772,-0.3308238680972,0.09367952019304199
2.669478494034321,-0.3231267174201375,0.09460007071286251
2.694203713681883,-0.315559239786004,0.09541998516063029
2.719157943036018,-0.3081209932290264,0.09614255462937178
2.744343303228365,-0.3008114741971849,0.09677102941956733
2.769761935036891,-0.2936301192270688,0.09730861748910639
2.795415999067857,-0.2865763066611779,0.09775848298351733
2.821307675939472,-0.279649358403638,0.09812374484733646
2.847439166467247,-0.2728485417103076,0.09840747551727418
2.873812691851066,-0.2661730710092795,0.09861269969762662
2.900430493863992,-0.2596221097478064,0.09874239321817907
2.927294835042817,-0.2531947722617401,0.09879948197465416
2.954407998880381,-0.2468901256636136,0.09878684095156144
2.981772290019672,-0.2407071917455638,0.09870729332712223
3.00939003444972,-0.2346449488933768,0.09856360965976532
3.037263579703311,-0.2287023340079979,0.09835850715551403
3.065395295056528,-0.2228782444309612,0.09809464901542392
3.093787571730138,-0.2171715398702736,0.09777464386207076
3.122442823092857,-0.2115810443233973,0.09740104524394007
3.151363484866479,-0.2061055479940905,0.09697635121642904
3.18055201533292,-0.2007438091999676,0.09650300399803814
3.210010895543173,-0.1954945562677751,0.09598338970020474
3.239742629528197,-0.1903564894134928,0.09541983812911825
3.269749744511767,-0.1853282826045027,0.09481462265774647
3.300034791125285,-0.1804085854012003,0.09416996016620552
3.330600343624589,-0.1755960247755533,0.0934880110485188
3.361449000108766,-0.1708892069042515,0.09277087928372428
3.392583382740994,-0.1662867189342273,0.09202061256922361
3.424006137971425,-0.1617871307184668,0.09123920251419905
3.455719936762139,-0.1573889965201673,0.09042858489086888
3.487727474814178,-0.1530908566834366,0.08959063994130838
3.52003147279668,-0.1488912392688722,0.08872719273752094
3.552634676578141,-0.1447886616524877,0.08784001359241467
3.585539857459816,-0.1407816320865959,0.08693081851931636
3.61874981241128,-0.1368686512213921,0.08600126973763812
3.652267364308175,-0.133048213586109,0.0850529762223034
3.686095362172159,-0.1293188090287497,0.08408749429453707
3.720236681413068,-0.125678924113527,0.08310632825162732
3.754694224073336,-0.1221270434752668,0.08211093103327982
3.789470919074668,-0.1186616511301485,0.08110270492219933
3.824569722466999,-0.115281231742275,0.08008300227655557
3.859993617679768,-0.11198427184568,0.07905312629201999
3.895745615775503,-0.1087692610214854,0.07801433179108795
3.931828755705769,-0.1056346930300308,0.07696782603744205
3.968246104569482,-0.1025790668978931,0.07591476957314902
4.005000757873611,-0.09960088795981913,0.07485627707653032
4.042095839796307,-0.09669866885567598,0.07379341823859374
4.079534503452451,-0.09387093048262111,0.07272721865596411
4.117319931161678,-0.09111620290276838,0.07165866073830664
4.155455334718876,-0.08843302620671298,0.07058868462829317
4.193943955667186,-0.08581995133334616,0.06951818913222106
4.23278906557355,-0.08327554084646135,0.06844803265945437
4.271993966306779,-0.08079836966872034,0.06737903416892173
4.311561990318228,-0.0783870257736039,0.06631197412096891
4.35149650092505,-0.07604011083603146,0.06524759543292871
4.391800892596087,-0.07375624084238112,0.06418660443683842
4.432478591240397,-0.07153404666069255,0.06312967183780134
4.473533054498465,-0.06937217457187368,0.06207743367155652
4.5149677720361,-0.06726928676277401,0.06103049225988786
4.556786265841064,-0.06522406178201902,0.05998941716257203
4.598992090522439,-0.06323519495953268,0.05895474612463111
4.641588833612778,-0.06130139879070014,0.05792698601772314
4.684580115873048,-0.05942140328614606,0.05690661377456953
4.72796959160039,-0.05759395628812505,0.05589407731538485
4.771760948938746,-0.05581782375453349,0.05488979646533695
4.815957910192352,-0.05409179001156806,0.05389416386213098
4.860564232142137,-0.05241465797606356,0.05290754585287203
4.905583706365048,-0.05078524934855153,0.05193028337942242
4.95102015955635,-0.04920240477808242,0.05096269285152871
4.996877453854884,-0.04766498399985817,0.05000506700705343
5.04315948717136,-0.04617186594671865,0.04905767575870008
5.089870193519682,-0.04472194883552293,0.0481207670266784
5.137013543351341,-0.04331415022946016,0.04719456755680703
5.184593543892912,-0.04194740707731701,0.04627928372360442
5.232614239486661,-0.04062067573071926,0.04537510231796767
5.281079711934332,-0.03933293194035253,0.04448219131908636
5.329994080844091,-0.03808317083215506,0.043600700650286
5.3793615039807,-0.03687040686446024,0.0427307629185384
5.429186177618941,-0.03569367376704998,0.04187249413741919
5.479472336900287,-0.03455202446306448,0.04102599443333443
5.530224256192902,-0.03344453097469222,0.04019134873487384
5.581446249454964,-0.03237028431354875,0.03936862744518865
5.633142670601354,-0.03132839435662831,0.03855788709732377
5.685317913873752,-0.0303179897086943,0.03775917099246914
5.737976414214134,-0.02933821755195127,0.03697250982112561
5.791122647641759,-0.02838824348381871,0.03619792226721
5.844761131633635,-0.02746725134360434,0.03543541559515228
5.898896425508497,-0.02657444302885172,0.03468498622006346
5.953533130814368,-0.0257090383021122,0.03394662026107759
6.008675891719687,-0.02487027458886849,0.03322029407799338
6.064329395408063,-0.02405740676731271,0.032505974791363
6.1204983724767,-0.02326970695065764,0.03180362078619435
6.177187597338493,-0.02250646426263561,0.031113182199452
6.234401888627862,-0.02176698460681629,0.03043460139155814
6.292146109610344,-0.02105059043034918,0.02976781340211051
6.350425168595963,-0.02035662048271479,0.02911274639004827
6.409244019356453,-0.01968442957004265,0.02846932205850916
6.468607661546326,-0.01903338830553302,0.02783745606463273
6.528521141127848,-0.01840288285649486,0.02721705841457524
6.588989550799949,-0.01779231468849026,0.02660803384400998
6.65001803043112,-0.01720110030705332,0.02601028218439553
6.711611767496283,-0.01662867099742965,0.02542369871530112
6.77377599751775,-0.0160744725627604,0.0248481745030841
6.836516004510239,-0.01553796506111471,0.02428359672621988
6.899837121430019,-0.01501862254175316,0.02372984898758846
6.963744730628224,-0.01451593278098478,0.02318681161402528
7.028244264308349,-0.01402939701796102,0.02265436194344657
7.093341204987995,-0.0135585296907303,0.02213237459986084
7.159041085964888,-0.01310285817285892,0.02162072175657946
7.225349491787214,-0.01266192251090559,0.02111927338793969
7.292272058728314,-0.01223527516301948,0.02062789750985308
7.359814475265767,-0.01182248073891522,0.02014646040949146
7.427982482564916,-0.01142311574146113,0.01967482686442141
7.496781874966877,-0.0110367683101017,0.01921286035149607
7.566218500481055,-0.0106630379663202,0.01876042324581112
7.636298261282244,-0.01030153536133191,0.01831737701002863
7.707027114212299,-0.009951882026185254,0.01788358237436993
7.778411071286488,-0.009613710124433517,0.0174588995075742
7.850456200204509,-0.009286662207527668,0.01704318817911695
7.923168624866255,-0.008970390973067476,0.01663630791297702
7.996554525892348,-0.008664559026036765,0.01623811813323749
8.070620141149503,-0.008368838643136629,0.01584847830180079
8.145371766280743,-0.008082911540319771,0.01546724804849312
8.22081575524054,-0.007806468643618392,0.015094287293829
8.296958520834909,-0.007539209863348273,0.01472945636470101
8.373806535266493,-0.007280843871761975,0.01437261610325445
8.451366330684717,-0.007031087884214961,0.01402362796920153
8.529644499741023,-0.006789667443900146,0.0136823541358238
8.608647696149244,-0.006556316210197847,0.01334865757990604
8.688382635251186,-0.006330775750680361,0.01302240216583886
8.768856094587431,-0.006112795336803395,0.01270345272412203
8.850074914473435,-0.005902131743309321,0.01239167512449396
8.932045998580966,-0.005698549051360621,0.01208693634390755
9.014776314524918,-0.005501818455416175,0.01178910452956678
9.09827289445556,-0.005311718073856573,0.01149804905723191
9.182542835656287,-0.005128032763359818,0.01121364058499614
9.267593301146878,-0.004950553937023241,0.01093575110273054
9.353431520292384,-0.004779079386222742,0.01066425397738767
9.440064789417603,-0.004613413106196247,0.01039902399434994
9.527500472427292,-0.004453365125333755,0.0101399373950017
9.6157460014321,-0.004298751338152592,0.009886871910699258
9.704808877380302,-0.004149393341933088,0.00963970679330747
9.794696670695393,-0.004005118276986124,0.009398322842465742
9.885417021919574,-0.00386575867052141,0.009162602429741221
9.976977642363204,-0.003731152284082073,0.008932429519821608
10.06938631476028,-0.00360114196450882,0.008707689688894665
10.16265089392995,-0.003475575498394447,0.008488270140356692
10.25677930744422,-0.003354305469987255,0.008274059717986884
10.35177955630176,-0.003237189122500109,0.008064948916720127
10.44765971560804,-0.003124088222779809,0.007860829891145057
10.54442793526169,-0.003014868929290259,0.007661596461850789
10.64209244064724,-0.002909401663361092,0.007467144119739915
10.74066153333433,-0.002807560983652363,0.007277370028421652
10.84014359178331,-0.002709225463784836,0.007092173024794486
10.94054707205742,-0.002614277573084234,0.006911453617923087
11.04188050854161,-0.00252260356038728,0.006735113986310677
11.14415251466788,-0.002434093340856403,0.006563057973663511
11.24737178364752,-0.002348640385749555,0.006395191083240302
11.35154708920999,-0.002266141615091135,0.006231420470875921
11.45668728634872,-0.002186497293189594,0.006071654936764501
11.56280131207376,-0.002109610926947145,0.005915804916083923
11.66989818617147,-0.002035389166906747,0.005763782468539734
11.77798701197119,-0.001963741710981604,0.005615501266903641
11.88707697711903,-0.00189458121081235,0.005470876584618004
11.99717735435885,-0.001827823180697175,0.005329825282534756
12.1082975023204,-0.001763385909040473,0.00519226579485427
12.22044686631488,-0.001701190372265645,0.005058118114326307
12.33363497913776,-0.001641160151138104,0.00492730377677268
12.44787146187906,-0.001583221349444936,0.0047997458449884
12.56316602474121,-0.001527302514977919,0.004675368892075105
12.67952846786435,-0.001473334562767264,0.004554098984258495
12.79696868215941,-0.001421250700513787,0.004435863663238422
12.91549665014884,-0.001370986356167915,0.004320591928118402
13.03512244681509,-0.001322479107604379,0.004208214216958642
13.15585624045704,-0.001275668614342158,0.004098662387994462
13.2777082935543,-0.001230496551259889,0.003991869700560141
13.4006889636395,-0.001186906544257557,0.003887770795755694
13.52480870417875,-0.001144844107816091,0.003786301676892487
13.65007806546014,-0.001104256584407141,0.0036873996897515
13.77650769549054,-0.001065093085706045,0.0035910035026861
13.9041083409007,-0.00102730443556186,0.003497053086599775
14.03289084785872,-0.0009908431146789349,0.003405489694827127
14.16286616299199,-0.0009556632069654652,0.003316255842945191
14.29404533431761,-0.0009217203475051552,0.003229295288540383
14.42643951218158,-0.0008889716721089145,0.003144553010954843
14.56005995020649,-0.000857375768404427,0.003061975191034745
14.69491800624817,-0.000826892628422097,0.002981509190901445
14.83102514336104,-0.0007974836026368481,0.002903103533765381
14.96839293077256,-0.0007691113554259229,0.00282670788380103
15.10703304486655,-0.00074173982190379,0.002752273026100344
15.24695727017574,-0.0007153341660959683,0.002679750846720752
15.38817750038346,-0.0006898607404144376,0.002609094312842686
15.5307057393346,-0.0006652870463981767,0.002540257453050802
15.67455410205595,-0.0006415816966830406,0.002473195337751713
15.81973481578601,-0.0006187143781661368,0.002407864059740411
15.96626022101426,-0.0005966558163305605,0.002344220714926464
16.1141427725302,-0.0005753777406971652,0.00228222338323027
16.26339504048192,-0.0005548528513708513,0.002221831109658871
16.41402971144467,-0.0005350547866495857,0.002163003885569923
16.56605958949914,-0.0005159580916651694,0.002105702630131874
16.71949759731989,-0.0004975381880254904,0.002049889171987478
16.87435677727376,-0.0004797713444287729,0.00199552623112725
17.03065029252844,-0.0004626346482210603,0.001942577400978818
17.18839142817146,-0.0004461059778688627,0.001891007130717407
17.34759359233932,-0.000430163976319685,0.001840780707802326
17.50827031735724,-0.0004147880252237676,0.001791864240743563
17.67043526088947,-0.000399958219991118,0.00174422464210222
17.83410220710008,-0.0003856553456585799,0.001697829611728054
17.99928506782476,-0.0003718608535423378,0.00165264762023678
18.16599788375328,-0.0003585568386519247,0.001608647892729555
18.3342548256229,-0.0003457260178424303,0.001565800392756501
18.50407019542302,-0.0003333517086822462,0.001524075806525811
18.67545842761076,-0.0003214178090143042,0.001483445527359627
18.84843409033795,-0.0003099087771893514,0.001443881640397489
19.02301188668945,-0.000298809612950415,0.001405356907547891
19.19920665593284,-0.0002881058389481922,0.001367844752688147
19.37703337477989,-0.0002777834828676421,0.001331319247112468
19.55650715865949,-0.0002678290601466518,0.00129575509522797
19.73764326300255,-0.0002582295572681502,0.001261127620497959
19.9204570845387,-0.0002489724156076031,0.001227412751631736
20.10496416260498,-0.0002400455158183387,0.001194587009019885
20.29118018046678,-0.0002314371627376286,0.001162627491413779
20.47912096665085,-0.0002231360707970012,0.001131511862847931
20.66880249629083,-0.0002151313499206772,0.00110121833980358
20.86024089248504,-0.0002074124918965561,0.001071725678611776
21.05345242766705,-0.0001999693572045873,0.00104301316309406
21.24845352498883,-0.0001927921622878438,0.001015060592438702
21.44526075971667,-0.0001858714672520363,0.0009878482693103773
21.64389086064022,-0.0001791981639796272,0.0009613569881909356
21.84436071149427,-0.0001727634646451452,0.000935568023948981
22.04668735239409,-0.0001665588906186644,0.000910463120635694
22.25088798128369,-0.0001605762617448492,0.000886024480504415
22.45697995539774,-0.0001548076859853146,0.0008622347532513019
22.66498079273694,-0.0001492455494124428,0.0008390770254743665
22.87490817355703,-0.0001438825065431619,0.0008165348103481349
23.08677994187169,-0.0001387114710015272,0.0007945920375110646
23.30061410696925,-0.0001337256064993202,0.0007732330431628972
23.51642884494349,-0.0001289183181241784,0.0007524425603689682
23.73424250023868,-0.0001242832439251271,0.0007322057095685633
23.95407358720878,-0.0001198142467856774,0.0007125079892843096
24.1759407916913,-0.0001155054065749752,0.000693335267029592
24.3998629725955,-0.0001113510125677777,0.0006746737704109701
24.62585916350547,-0.0001073455561243272,0.000656510078422535
24.853948574298,-0.0001034837236214716,0.0006388311129291444
25.0841505927754,-9.976038962665885e-05,0.0006216241303354792
25.31648478631354,-9.617061030669255e-05,0.0006048767134378245
25.55097090352507,-9.270961706339903e-05,0.0005885767634555329
25.78762887593801,-8.937281038860655e-05,0.0005727124922390736
26.02647881969006,-8.615575393107372e-05,0.0005572724146516141
26.26754103723837,-8.30541687682538e-05,0.0005422453411210894
26.51083601908539,-8.006392787599289e-05,0.0005276203703597003
26.75638444552045,-7.718105078950175e-05,0.0005133868822478324
27.00420718837773,-7.440169844913949e-05,0.0004995345308793709
27.25432531281029,-7.17221682247671e-05,0.0004860532377654324
27.50676007908066,-6.913888911262866e-05,0.0004729331851935474
27.76153294436801,-6.664841709891249e-05,0.0004601648097393331
28.01866556459195,-6.424743068434098e-05,0.0004477387959277602
28.27817979625341,-6.193272656431298e-05,0.0004356460700411003
28.54009769829239,-5.970121545931589e-05,0.0004238777940707039
28.80444153396297,-5.754991809048343e-05,0.0004124253598097713
29.07123377272578,-5.547596129535393e-05,0.0004012803830843026
29.34049709215787,-5.347657427904304e-05,0.0003904346981194718
29.61225437988034,-5.154908499620248e-05,0.000379880352038673
29.88652873550384,-4.969091665929102e-05,0.0003696095994925359
30.16334347259196,-4.789958436883255e-05,0.0003596148974152487
30.44272212064303,-4.617269186147574e-05,0.0003498888999055391
30.72468842709004,-4.450792837181627e-05,0.0003404244532297249
31.00926635931927,-4.290306560406963e-05,0.0003312145909442663
31.29648010670752,-4.135595480981779e-05,0.0003222525291352955
31.58635408267817,-3.986452396817824e-05,0.0003135316617726366
31.87891292677646,-3.842677506486578e-05,0.0003050455561758561
32.17418150676372,-3.704078146673496e-05,0.0002967879485899455
32.47218492073129,-3.570468538850852e-05,0.0002887527398682446
32.77294849923383,-3.441669544850448e-05,0.0002809339912602803
33.07649780744241,-3.317508431028543e-05,0.0002733259203022182
33.38285864731761,-3.197818640725301e-05,0.0002659228968076627
33.69205705980267,-3.082439574731768e-05,0.0002587194389565938
34.00411932703706,-2.971216379486172e-05,0.0002517102094802397
34.31907197459044,-2.863999742731895e-05,0.0002448900119397603
34.63694177371733,-2.760645696377468e-05,0.0002382537870966185
34.95775574363275,-2.661015426308471e-05,0.0002317966093725727
35.28154115380883,-2.564975088909478e-05,0.0002255136833972661
35.60832552629278,-2.472395634062362e-05,0.0002194003406414056
35.93813663804627,-2.383152634395448e-05,0.0002134520361335859
36.27100252330646,-2.297126120565435e-05,0.0002076643452588285
36.60695147596903,-2.214200422361676e-05,0.0002020329606369559
36.94601205199302,-2.134264015429587e-05,0.0001965536890789554
37.28821307182836,-2.057209373416658e-05,0.0001912224486195156
37.63358362286534,-1.982932825351734e-05,0.0001860352656239667
37.98215306190734,-1.91133441807424e-05,0.0001809882719678754
38.33395101766602,-1.842317783536742e-05,0.0001760777022875976
38.68900739327975,-1.775790010809985e-05,0.0001712998913001127
39.04735236885562,-1.71166152262567e-05,0.0001666512711904989
39.4090164040345,-1.64984595629776e-05,0.0001621283690654564
39.77403024058034,-1.590260048868658e-05,0.0001577278044712939
40.14242490499322,-1.532823526331914e-05,0.0001534462869748534
40.51423171114647,-1.477458996788202e-05,0.0001492806138058603
40.88948226294863,-1.424091847396297e-05,0.0001452276675592255
41.26820845702954,-1.372650144985612e-05,0.0001412844139558614
41.65044248545183,-1.323064540201266e-05,0.000137447899660593
42.03621683844714,-1.275268175057528e-05,0.0001337152501557924
42.42556430717777,-1.229196593779353e-05,0.0001300836676693762
42.81851798652414,-1.184787656816201e-05,0.0001265504291558489
43.21511127789764,-1.141981457916216e-05,0.0001231128843291
43.61537789208003,-1.100720244152828e-05,0.0001197684537456862
44.01935185208875,-1.060948338799507e-05,0.0001165146269373675
44.42706749606883,-1.022612066952104e-05,0.0001133489605916853
44.83855948021188,-9.856596838016475e-06,0.0001102690767793992
45.25386278170169,-9.500413054639692e-06,0.0001072726612276324
45.67301270168745,-9.157088422756744e-06,0.0001043574616375905
46.09604486828434,-8.826159344691752e-06,0.0001015212860457546
46.52299523960189,-8.507178901426679e-06,9.876200122746838e-05
46.9539001068006,-8.199716254436382e-06,9.607753114186471e-05
47.38879609717654,-7.903356068876434e-06,9.34658554171047e-05
47.82772017727486,-7.617697957365217e-06,9.092500787492028e-05
48.27070965603183,-7.342355943631442e-06,8.84530750934803e-05
48.71780218794631,-7.076957945321576e-06,8.604819500761887e-05
49.16903577628029,-6.821145275288052e-06,8.370855554548993e-05
49.62444877628916,-6.574572160701497e-06,8.143239330073134e-05
50.08407989848212,-6.336905279354519e-06,7.921799223924561e-05
50.5479682119124,-6.107823312546404e-06,7.706368243972426e-05
51.01615314749834,-5.887016513959049e-06,7.496783886706288e-05
51.48867450137495,-5.674186293956182e-06,7.292888017783656e-05
51.9655724382766,-5.469044818757231e-06,7.094526755702218e-05
52.44688749495119,-5.271314623956505e-06,6.901550358517472e-05
52.93266058360561,-5.080728241877461e-06,6.713813113528558e-05
53.42293299538352,-4.897027842269763e-06,6.531173229856486e-05
53.91774640387503,-4.719964885873424e-06,6.353492733841354e-05
54.4171428686589,-4.549299790392494e-06,6.180637367186485e-05
54.92116483887789,-4.384801608435593e-06,6.012476487779173e-05
55.42985515684669,-4.226247716997025e-06,5.848882973119953e-05
55.94325706169378,-4.07342351806712e-06,5.689733126293074e-05
56.4614141930367,-3.926122149974689e-06,5.534906584413401e-05
56.98437059469139,-3.78414420907921e-06,5.384286229486075e-05
57.51217071841614,-3.647297481442834e-06,5.237758101616605e-05
58.04485942768978,-3.515396684126747e-06,5.095211314511368e-05
58.58248200152536,-3.388263215767723e-06,4.956537973209068e-05
59.12508413831878,-3.265724916103774e-06,4.8216330939859e-05
59.67271195973314,-3.147615834129375e-06,4.69039452637807e-05
60.22541201461928,-3.033776004571468e-06,4.562722877267069e-05
60.7832312829723,-2.924051232389544e-06,4.438521436974221e-05
61.34621717992506,-2.818292885012483e-06,4.317696107312477e-05
61.91441755977844,-2.716357692035736e-06,4.200155331544747e-05
62.48788072006891,-2.618107552112106e-06,4.085810026199201e-05
63.06665540567406,-2.523409346778767e-06,3.974573514693231e-05
63.65079081295571,-2.432134760972311e-06,3.866361462719269e-05
64.2403365939419,-2.344160109992516e-06,3.761091815346239e-05
64.83534286054724,-2.259366172684177e-06,3.658684735792266e-05
65.43586018883232,-2.177638030614077e-06,3.559062545824892e-05
66.04193962330305,-2.098864913028706e-06,3.462149667746208e-05
66.65363268124914,-2.022940047385609e-06,3.367872567921796e-05
67.27099135712341,-1.949760515258587e-06,3.276159701812782e-05
67.89406812696109,-1.879227113424321e-06,3.186941460471932e-05
68.52291595284061,-1.811244219944833e-06,3.1001501184652e-05
69.15758828738525,-1.745719665066385e-06,3.015719783181607e-05
69.7981390783066,-1.68256460676258e-06,2.933586345494853e-05
70.4446227729904,-1.621693410754743e-06,2.853687431741242e-05
71.09709432312435,-1.563023534849339e-06,2.775962356979339e-05
71.75560918936925,-1.506475417437287e-06,2.70035207949766e-05
72.42022334607316,-1.45197237000616e-06,2.626799156537558e-05
73.0909932860291,-1.399440473521012e-06,2.555247701199301e-05
73.76797602527735,-1.348808478535119e-06,2.485643340500159e-05
74.45122910795139,-1.300007708896852e-06,2.417933174554221e-05
75.14081061116966,-1.252971968923404e-06,2.352065736844182e-05
75.8367791499719,-1.207637453916922e-06,2.28799095555643e-05
76.53919388230148,-1.163942663903196e-06,2.225660115951282e-05
77.24811451403404,-1.121828320476963e-06,2.165025823740986e-05
77.96360130405233,-1.081237286642306e-06,2.106041969448925e-05
78.68571506936847,-1.042114489540563e-06,2.048663693723912e-05
79.4145171902934,-1.004406845961973e-06,1.992847353584445e-05
80.15006961565405,-9.680631905410516e-07,1.938550489568211e-05
80.89243486805942,-9.330342065391798e-07,1.885731793762802e-05
81.64167604921468,-8.9927235912146e-07,1.834351078694363e-05
82.39785684528515,-8.667318310381189e-07,1.784369247051336e-05
83.16104153230961,-8.353684606241001e-07,1.735748262221157e-05
83.93129498166364,-8.051396820333342e-07,1.688451119618317e-05
84.70868266557407,-7.760044676274385e-07,1.642441818782731e-05
85.4932706626838,-7.479232724413084e-07,1.597685336227955e-05
86.28512566366895,-7.208579806508731e-07,1.554147599019285e-05
87.08431497690724,-6.947718539710039e-07,1.511795459062333e-05
87.89090653419954,-6.696294819141399e-07,1.470596668083132e-05
88.70496889654407,-6.453967338425922e-07,1.430519853281389e-05
89.52657125996396,-6.220407127501314e-07,1.391534493638897e-05
90.35578346138929,-5.995297107103868e-07,1.353610896865663e-05
91.19267598459298,-5.778331659322731e-07,1.316720176966769e-05
92.03731996618221,-5.569216213644713e-07,1.280834232413318e-05
92.88978720164502,-5.367666847931908e-07,1.245925724901434e-05
93.75015015145284,-5.173409903794943e-07,1.211968058683548e-05
94.61848194722002,-4.9861816158428e-07,1.178935360456687e-05
95.49485639791966,-4.805727754310388e-07,1.146802459792917e-05
96.37934799615786,-4.631803280580371e-07,1.115544870097365e-05
97.27203192450543,-4.464172015136665e-07,1.085138770079809e-05
98.17298406188836,-4.30260631750019e-07,1.055560985726001e-05
99.08228099003797,-4.146886777716267e-07,1.026788972755388e-05
100,-3.996801918976518e-07,9.988007995522299e-06
