0.01,-4.799500849991801,-399.9504049979,-10.79887691248155,-899.8884112452752
0.01009262190987047,-4.799491561672789,-396.2790696935342,-10.79885601376377,-891.627906810452
0.01018610170155976,-4.799482100532171,-392.6414184652543,-10.79883472619739,-883.4431915468223
0.01028044732093309,-4.799472463355049,-389.0371421095762,-10.79881304254886,-875.3335697465466
0.01037566678745186,-4.799462646866737,-385.4659342599114,-10.79879095545016,-867.2983520848006
0.0104717681948552,-4.799452647731665,-381.9274913605274,-10.79876845739625,-859.3368555611866
0.01056875971184804,-4.799442462552238,-378.4215126407439,-10.79874554074254,-851.4484034416737
0.01066664958279539,-4.799432087867688,-374.9477000893675,-10.7987221977023,-843.632325201077
0.01076544612842315,-4.799421520152902,-371.5057584293618,-10.79869842034403,-835.8879564660639
0.01086515774652538,-4.799410755817218,-368.095395092746,-10.79867420058874,-828.2146389586786
0.0109657929126781,-4.799399791203221,-364.7163201957296,-10.79864953020725,-820.6117204403915
0.01106736018095973,-4.799388622585495,-361.3682465140695,-10.79862440081736,-813.0785546566565
0.01116986818467823,-4.799377246169354,-358.0508894586571,-10.79859880388105,-805.6145012819785
0.01127332563710487,-4.799365658089572,-354.7639670513285,-10.79857273070154,-798.218925865489
0.01137774133221491,-4.799353854409055,-351.5071999008942,-10.79854617242037,-790.8911997770119
0.01148312414543511,-4.799341831117517,-348.2803111793934,-10.79851912001442,-783.6307001536352
0.01158948303439811,-4.799329584130122,-345.0830265985611,-10.79849156429277,-776.4368098467625
0.01169682703970385,-4.799317109286089,-341.9150743865147,-10.7984634958937,-769.3089173696582
0.01180516528568805,-4.799304402347294,-338.7761852646537,-10.79843490528141,-762.2464168454708
0.01191450698119776,-4.799291458996825,-335.666092424769,-10.79840578274286,-755.2487079557303
0.01202486142037412,-4.799278274837521,-332.5845315063665,-10.79837611838442,-748.3151958893245
0.01213623798344241,-4.799264845390486,-329.5312405741941,-10.79834590212859,-741.4452912919368
0.01224864613750931,-4.799251166093566,-326.5059600959792,-10.79831512371052,-734.6384102159531
0.01236209543736769,-4.799237232299808,-323.5084329203662,-10.79828377267457,-727.8939740708239
0.0124765955263087,-4.79922303927588,-320.5384042550602,-10.79825183837073,-721.2114095738856
0.01259215613694151,-4.799208582200476,-317.5956216451693,-10.79821930995107,-714.5901487016309
0.01270878709202059,-4.799193856162674,-314.6798349517447,-10.79818617636602,-708.0296286414255
0.01282649830528061,-4.799178856160275,-311.7907963305204,-10.79815242636062,-701.529291743671
0.01294529978227915,-4.799163577098113,-308.9282602108453,-10.79811804847076,-695.0885854744018
0.01306520162124721,-4.799148013786324,-306.0919832748095,-10.79808303101923,-688.7069623683215
0.01318621401394749,-4.799132160938593,-303.2817244365636,-10.79804736211183,-682.3838799822682
0.01330834724654075,-4.799116013170359,-300.4972448218246,-10.79801102963331,-676.1188008491054
0.01343161170046016,-4.799099564996994,-297.7383077475728,-10.79797402124324,-669.9111924320388
0.01355601785329368,-4.799082810831953,-295.0046787019329,-10.79793632437189,-663.7605270793491
0.01368157627967472,-4.799065744984866,-292.2961253242407,-10.79789792621595,-657.6662819795417
0.01380829765218092,-4.799048361659629,-289.6124173852932,-10.79785881373417,-651.6279391169096
0.01393619274224143,-4.799030654952433,-286.9533267677774,-10.79781897364297,-645.644985227499
0.01406527242105237,-4.799012618849765,-284.3186274468821,-10.79777839241197,-639.7169117554847
0.01419554766050101,-4.798994247226379,-281.7080954710847,-10.79773705625935,-633.8432148099405
0.01432702953409831,-4.798975533843218,-279.1215089431153,-10.79769495114724,-628.0233951220092
0.0144597292179202,-4.798956472345306,-276.5586480010963,-10.79765206277694,-622.2569580024668
0.01459365799155757,-4.798937056259592,-274.0192947998532,-10.79760837658408,-616.5434132996697
0.01472882723907503,-4.798917278992768,-271.5032334923986,-10.79756387773373,-610.8822753578969
0.01486524844997856,-4.798897133829032,-269.0102502115842,-10.79751855111532,-605.2730629760646
0.01500293322019218,-4.798876613927824,-266.540133051923,-10.7974723813376,-599.7152993668268
0.01514189325304352,-4.798855712321503,-264.0926720515776,-10.79742535272338,-594.2085121160495
0.0152821403602587,-4.798834421912995,-261.667659174512,-10.79737744930424,-588.7522331426521
0.01542368646296628,-4.798812735473395,-259.2648882928107,-10.79732865481514,-583.3459986588241
0.01556654359271062,-4.798790645639523,-256.884155169156,-10.79727895268893,-577.9893491306011
0.0157107238924745,-4.798768144911428,-254.5252574394692,-10.79722832605071,-572.6818292388058
0.01585623961771137,-4.798745225649858,-252.187994595709,-10.79717675771218,-567.4229878403452
0.01600310313738701,-4.798721880073685,-249.8721679688286,-10.79712423016579,-562.2123779298645
0.0161513269350309,-4.798698100257254,-247.5775807118894,-10.79707072557882,-557.0495566017511
0.01630092360979741,-4.79867387812773,-245.3040377833282,-10.79701622578739,-551.9340850124884
0.01645190587753663,-4.798649205462351,-243.0513459303798,-10.79696071229029,-546.8655283433546
0.0166042865718753,-4.798624073885659,-240.81931367265,-10.79690416624273,-541.8434557634625
0.01675807864530768,-4.798598474866669,-238.6077512858397,-10.79684656845001,-536.8674403931394
0.01691329517029648,-4.798572399715987,-236.4164707856196,-10.79678789936097,-531.9370592676441
0.01706994934038408,-4.798545839582875,-234.2452859116503,-10.79672813906147,-527.0518933012131
0.01722805447131394,-4.798518785452264,-232.0940121117516,-10.79666726726759,-522.2115272514411
0.0173876240021625,-4.798491228141707,-229.9624665262147,-10.79660526331884,-517.4155496839832
0.01754867149648151,-4.798463158298276,-227.8504679722597,-10.79654210617112,-512.6635529375844
0.01771121064345088,-4.798434566395418,-225.7578369286361,-10.79647777438969,-507.9551330894312
0.01787525525904235,-4.798405442729727,-223.6843955203622,-10.79641224614189,-503.289889920815
0.01804081928719383,-4.79837577741767,-221.6299675036072,-10.79634549918976,-498.6674268831161
0.01820791680099463,-4.798345560392261,-219.59437825071,-10.79627751088259,-494.0873510640976
0.01837656200388171,-4.798314781399656,-217.5774547353366,-10.79620825814922,-489.5492731545074
0.01854676923084699,-4.798283429995693,-215.5790255177728,-10.79613771749031,-485.0528074149887
0.01871855294965579,-4.798251495542384,-213.5989207303521,-10.79606586497036,-480.5975716432922
0.01889192776207666,-4.798218967204305,-211.6369720630176,-10.79599267620969,-476.1831871417896
0.01906690840512252,-4.798185833944966,-209.6930127490157,-10.79591812637617,-471.8092786852853
0.01924350975230331,-4.798152084523069,-207.7668775507209,-10.79584219017691,-467.4754744891221
0.01942174681489026,-4.798117707488737,-205.858402745592,-10.79576484184966,-463.181406177582
0.01960163474319186,-4.798082691179642,-203.9674261122546,-10.7956860551542,-458.9267087525729
0.01978318882784164,-4.798047023717084,-202.0937869167142,-10.79560580336344,-454.711020562607
0.01996642450109793,-4.79801069300198,-200.2373258986928,-10.79552405925446,-450.5339832720587
0.02015135733815557,-4.797973686710804,-198.3978852580929,-10.79544079509931,-446.3952418307091
0.02033800305846981,-4.797935992291416,-196.5753086415853,-10.79535598265569,-442.294444443567
0.02052637752709252,-4.797897596958853,-194.7694411293184,-10.79526959315742,-438.2312425409663
0.02071649675602069,-4.797858487691015,-192.9801292217515,-10.79518159730478,-434.2052907489409
0.0209083769055575,-4.797818651224289,-191.2072208266072,-10.79509196525465,-430.2162468598663
0.02110203428568596,-4.797778074049072,-189.4505652459442,-10.79500066661041,-426.2637718033744
0.0212974853574552,-4.797736742405245,-187.7100131633489,-10.7949076704118,-422.3475296175351
0.02149474673437981,-4.797694642277526,-185.9854166312433,-10.79481294512443,-418.4671874202973
0.02169383518385185,-4.797651759390766,-184.2766290583104,-10.79471645862922,-414.6224153811984
0.02189476762856622,-4.79760807920515,-182.5835051970348,-10.79461817821159,-410.8128866933282
0.02209756114795902,-4.797563586911299,-180.9059011313566,-10.79451807055042,-407.0382775455523
0.02230223297965938,-4.797518267425302,-179.2436742644396,-10.79441610170693,-403.2982670949892
0.02250880052095462,-4.797472105383638,-177.5966833065511,-10.79431223711319,-399.59253743974
0.02271728133026905,-4.797425085138027,-175.964788263053,-10.79420644156056,-395.9207735918693
0.0229276931286565,-4.797377190750161,-174.3478504225027,-10.79409867918786,-392.282663450631
0.02314005380130653,-4.797328405986356,-172.7457323448636,-10.7939889134693,-388.6778977759431
0.02335438139906478,-4.797278714312103,-171.1582978498232,-10.79387710720223,-385.1061701621022
0.02357069413996728,-4.797228098886515,-169.5854120052186,-10.79376322249466,-381.5671770117418
0.02378901041078893,-4.797176542556676,-168.0269411155683,-10.79364722075252,-378.0606175100286
0.02400934876860653,-4.797124027851893,-166.4827527107084,-10.79352906266676,-374.5861935990939
0.02423172794237599,-4.797070536977818,-164.952715534534,-10.79340870820009,-371.1436099527014
0.02445616683452445,-4.797016051810504,-163.4366995338427,-10.79328611657363,-367.732573951146
0.02468268452255692,-4.796960553890309,-161.9345758472815,-10.7931612462532,-364.3527956563833
0.02491130026067789,-4.796904024415722,-160.4462167943942,-10.79303405493537,-361.003987787387
0.02514203348142798,-4.796846444237051,-158.9714958647696,-10.79290449953336,-357.6858656957316
0.02537490379733571,-4.796787793850025,-157.5102877072892,-10.79277253616256,-354.3981473414007
0.02560993100258458,-4.796728053389244,-156.062468119473,-10.7926381201258,-351.1405532688142
0.02584713507469564,-4.796667202621537,-154.6279140369236,-10.79250120589846,-347.912806583078
0.02608653617622548,-4.796605220939195,-153.206503522867,-10.79236174711319,-344.7146329264507
0.02632815465648021,-4.796542087353064,-151.7981157577885,-10.79221969654439,-341.5457604550242
0.02657201105324505,-4.796477780485533,-150.402631029165,-10.79207500609245,-338.4059198156211
0.02681812609453014,-4.796412278563379,-149.0199307212895,-10.7919276267676,-335.2948441229015
0.02706652070033241,-4.796345559410494,-147.6498973051912,-10.79177750867361,-332.2122689366801
0.02731721598441376,-4.796277600440472,-146.2924143286458,-10.79162460099106,-329.1579322394531
0.02757023325609584,-4.796208378649059,-144.947366406279,-10.79146885196038,-326.1315744141278
0.02782559402207124,-4.796137870606479,-143.6146392097597,-10.79131020886458,-323.1329382219594
0.02808331998823172,-4.796066052449604,-142.2941194580836,-10.79114861801161,-320.1617687806882
0.02834343306151309,-4.795992899873992,-140.9856949079458,-10.79098402471648,-317.217813542878
0.02860595535175742,-4.79591838812578,-139.6892543442014,-10.790816373283,-314.3008222744531
0.02887090917359236,-4.795842491993427,-138.4046875704136,-10.79064560698521,-311.4105470334305
0.02913831704832787,-4.795765185799311,-137.1318853994892,-10.79047166804845,-308.5467421488507
0.02940820170587064,-4.795686443391165,-135.8707396443984,-10.79029449763012,-305.7091641998965
0.02968058608665602,-4.795606238133377,-134.6211431089814,-10.7901140358001,-302.8975719952081
0.02995549334359813,-4.795524542898103,-133.3829895788375,-10.78993022152073,-300.1117265523844
0.03023294684405778,-4.795441330056253,-132.1561738122994,-10.78974299262657,-297.3513910776737
0.03051297017182869,-4.795356571468286,-130.9405915314891,-10.78955228580364,-294.6163309458506
0.03079558712914227,-4.795270238474857,-129.7361394134562,-10.78935803656843,-291.9063136802765
0.03108082173869064,-4.79518230188729,-128.5427150813973,-10.7891601792464,-289.221108933144
0.03136869824566876,-4.795092731977862,-127.3602170959559,-10.78895864695019,-286.5604884659007
0.03165924111983522,-4.795001498469955,-126.188544946602,-10.7887533715574,-283.9242261298546
0.03195247505759212,-4.794908570527978,-125.0275990430913,-10.78854428368795,-281.3120978469555
0.03224842498408442,-4.79481391674714,-123.8772807070013,-10.78833131268106,-278.7238815907529
0.03254711605531848,-4.794717505143035,-122.7374921633465,-10.78811438657183,-276.1593573675295
0.03284857366030044,-4.794619303141044,-121.6081365322695,-10.78789343206735,-273.6183071976064
0.03315282342319425,-4.794519277565511,-120.4891178208086,-10.7876683745224,-271.1005150968194
0.03345989120549973,-4.794417394628786,-119.3803409147409,-10.78743913791477,-268.605767058167
0.03376980310825092,-4.794313619920017,-118.2817115704998,-10.78720564482004,-266.1338510336245
0.03408258547423452,-4.794207918393759,-117.193136407167,-10.78696781638596,-263.6845569161257
0.03439826489022924,-4.7941002543584,-116.1145228985377,-10.7867255723064,-261.2576765217099
0.03471686818926562,-4.793990591464348,-115.0457793652587,-10.78647883079478,-258.8530035718321
0.03503842245290674,-4.79387889269201,-113.986814967038,-10.78622750855702,-256.4703336758356
0.03536295501355043,-4.793765120339591,-112.9375396949268,-10.78597152076408,-254.1094643135852
0.0356904934567523,-4.793649236010631,-111.897864363671,-10.78571078102392,-251.7701948182598
0.0360210656235707,-4.793531200601341,-110.8677006041341,-10.78544520135302,-249.4523263593018
0.03635469961293319,-4.793410974287715,-109.8469608557885,-10.78517469214736,-247.155661925524
0.03669142378402492,-4.793288516512405,-108.835558359276,-10.78489916215291,-244.880006308371
0.03703126675869927,-4.793163785971363,-107.833407149037,-10.78461851843557,-242.6251660853332
0.03737425742391064,-4.793036740600247,-106.8404220460062,-10.78433266635055,-240.3909496035139
0.03772042493416997,-4.792907337560592,-105.8565186503762,-10.78404150951133,-238.1771669633464
0.03806979871402286,-4.792775533225718,-104.8816133344269,-10.78374494975786,-235.9836300024605
0.03842240846055059,-4.792641283166405,-103.9156232354211,-10.78344288712441,-233.8101522796974
0.03877828414589457,-4.792504542136306,-102.9584662485643,-10.78313521980669,-231.6565490592697
0.03913745601980384,-4.792365264057107,-102.0100610200307,-10.78282184412849,-229.522637295069
0.03949995461220645,-4.792223402003409,-101.0703269400507,-10.78250265450767,-227.4082356151142
0.03986581073580441,-4.79207890818737,-100.1391841360648,-10.78217754342158,-225.3131643061458
0.04023505548869291,-4.791931733943044,-99.216553465937,-10.78184640137185,-223.2372452983582
0.04060772025700365,-4.79178182971047,-98.30235651123324,-10.78150911684856,-221.1803021502748
0.04098383671757262,-4.791629145019469,-97.39651557055988,-10.7811655762938,-219.1421600337598
0.04136343684063275,-4.791473628473149,-96.49895365296346,-10.78081566406459,-217.1226457191678
0.04174655289253137,-4.79131522773114,-95.60959447139155,-10.78045926239506,-215.121587560631
0.04213321743847287,-4.791153889492504,-94.72836243621281,-10.78009625135813,-213.1388154814788
0.04252346334528682,-4.790989559478384,-93.85518264879713,-10.77972650882636,-211.1741609597935
0.04291732378422158,-4.790822182414318,-92.9899808951543,-10.77934991043221,-209.2274570140972
0.04331483223376401,-4.790651702012241,-92.13268363963088,-10.77896632952754,-207.2985381891695
0.04371602248248505,-4.790478060952212,-91.28321801866541,-10.77857563714248,-205.3872405419972
0.04412092863191187,-4.790301200863768,-90.44151183460022,-10.77817770194348,-203.4934016278505
0.04452958509942655,-4.790121062306993,-89.60749354955047,-10.77777239019074,-201.6168604864886
0.04494202662119142,-4.789937584753243,-88.78109227932951,-10.7773595656948,-199.7574576284914
0.04535828825510189,-4.789750706565531,-87.96223778742934,-10.77693908977244,-197.9150350217161
0.04577840538376619,-4.789560364978575,-87.15086047905714,-10.77651082120179,-196.0894360778786
0.04620241371751311,-4.789366496078511,-86.34689139522567,-10.77607461617665,-194.2805056392578
0.04663034929742731,-4.789169034782234,-85.55026220689864,-10.77563032826003,-192.4880899655219
0.04706224849841281,-4.788967914816391,-84.76090520918929,-10.77517780833688,-190.7120367206759
0.04749814803228502,-4.788763068696026,-83.97875331561247,-10.77471690456606,-188.9521949601281
0.04793808495089109,-4.788554427702825,-83.20374005238943,-10.77424746233135,-187.2084151178762
0.04838209664925955,-4.788341921863016,-82.43579955280472,-10.77376932419179,-185.4805489938106
0.0488302208687788,-4.788125479924874,-81.6748665516152,-10.77328232983097,-183.7684497411342
0.04928249570040513,-4.787905029335837,-80.92087637951009,-10.77278631600563,-182.0719718538977
0.04973895958790065,-4.787680496219244,-80.17376495762207,-10.7722811164933,-180.3909711546497
0.05019965133110082,-4.787451805350658,-79.43346879208876,-10.77176656203898,-178.7253047821997
0.05066461008921268,-4.787218880133801,-78.69992496866399,-10.77124248030105,-177.074831179494
0.05113387538414326,-4.786981642576058,-77.97307114737893,-10.77070869579613,-175.4394100816026
0.05160748710385907,-4.786740013263595,-77.25284555725182,-10.77016502984309,-173.8189025038166
0.05208548550577663,-4.78649391133601,-76.53918699104655,-10.76961130050602,-172.2131707298547
0.05256791122018422,-4.786243254460606,-75.83203480007963,-10.76904732253636,-170.6220783001791
0.05305480525369574,-4.785987958806178,-75.13132888907428,-10.7684729073139,-169.0454900004171
0.05354620899273608,-4.7857279390164,-74.43700971106259,-10.7678878627869,-167.4832718498909
0.05404216420705915,-4.785463108182729,-73.74901826233383,-10.76729199341114,-165.9352910902511
0.05454271305329834,-4.785193377816875,-73.06729607742967,-10.76668510008797,-164.4014161742167
0.05504789807854971,-4.784918657822803,-72.39178522418551,-10.76606698010131,-162.8815167544174
0.05555776222398878,-4.784638856468261,-71.72242829881688,-10.76543742705359,-161.375463672338
0.05607234882852033,-4.784353880355829,-71.05916842105171,-10.76479623080062,-159.8831289473663
0.05659170163246242,-4.784063634393509,-70.40194922930701,-10.7641431773854,-158.4043857659408
0.05711586478126432,-4.783768021764786,-69.75071487590998,-10.76347804897077,-156.9391084707974
0.05764488282925876,-4.783466943898225,-69.10541002236337,-10.76280062377101,-155.4871725503176
0.05817880074344935,-4.78316030043655,-68.46597983465415,-10.76211067598224,-154.0484546279718
0.05871766390733255,-4.782847989205213,-67.8323699786057,-10.76140797571173,-152.6228324518628
0.05926151812475552,-4.782529906180446,-67.2045266152725,-10.760692288906,-151.2101848843631
0.05981040962380941,-4.782205945456789,-66.58239639637753,-10.75996337727777,-149.8103918918494
0.06036438506075867,-4.781875999214076,-65.9659264597919,-10.75922099823167,-148.4233345345318
0.06092349152400712,-4.781539957683901,-65.35506442505557,-10.75846490478878,-147.048894956375
0.06148777653810023,-4.781197709115509,-64.74975838894017,-10.7576948455099,-145.6869563751154
0.062057288067765,-4.780849139741164,-64.14995692105218,-10.75691056441762,-144.3374030723674
0.06263207452198689,-4.780494133740918,-63.55560905947698,-10.75611180091707,-143.0001203838232
0.06321218475812451,-4.780132573206852,-62.96666430646334,-10.75529828971542,-141.6749946895425
0.06379766808606283,-4.779764338106697,-62.38307262414721,-10.75446976074007,-140.3619134043312
0.0643885742724042,-4.779389306246911,-61.80478443031576,-10.75362593905555,-139.0607649682105
0.06498495354469888,-4.779007353235132,-61.23175059421003,-10.75276654477905,-137.7714388369726
0.06558685659571432,-4.778618352442045,-60.66392243236665,-10.7518912929946,-136.493825472825
0.06619433458774392,-4.778222174962647,-60.10125170449833,-10.75099989366596,-135.2278163351212
0.06680743915695615,-4.777818689576884,-59.54369060941186,-10.75009205154799,-133.9733038711767
0.06742622241778343,-4.777407762709676,-58.99119178096471,-10.74916746609677,-132.7301815071706
0.06805073696735206,-4.776989258390307,-58.44370828405843,-10.74822583137819,-131.4983436391315
0.06868103588995304,-4.776563038211179,-57.9011936106697,-10.74726683597515,-130.2776856240068
0.06931717276155404,-4.776128961285924,-57.36360167591818,-10.74629016289333,-129.0681037708159
0.06995920165435375,-4.775686884206841,-56.83088681417046,-10.74529548946539,-127.8694953318836
0.07060717714137772,-4.775236661001728,-56.30300377518098,-10.74428248725389,-126.6817584941572
0.07126115430111749,-4.774778143089972,-55.77990772026791,-10.74325082195244,-125.5047923706028
0.0719211887222119,-4.774311179238024,-55.26155421852565,-10.74220015328556,-124.3384969916827
0.07258733650817249,-4.77383561551416,-54.7478992430717,-10.74113013490686,-123.1827732969113
0.0732596542821523,-4.773351295242554,-54.23889916732899,-10.74004041429575,-122.0375231264902
0.07393819919175866,-4.772858058956678,-53.73451076134297,-10.73893063265253,-120.9026492130217
0.07462302891391112,-4.772355744351959,-53.23469118813268,-10.73780042479191,-119.7780551732985
0.07531420165974372,-4.771844186237756,-52.73939800007639,-10.73664941903495,-118.6636455001719
0.07601177617955326,-4.771323216488594,-52.24858913533054,-10.73547723709934,-117.5593255544937
0.07671581176779302,-4.770792663994692,-51.76222291428262,-10.73428349398806,-116.4650015571359
0.07742636826811269,-4.770252354611743,-51.28025803603715,-10.73306779787642,-115.3805805810836
0.07814350607844546,-4.769702111109954,-50.80265357493444,-10.7318297499974,-114.3059705436025
0.07886728615614153,-4.769141753122353,-50.32936897710233,-10.73056894452529,-113.2410801984802
0.07959777002314981,-4.768571097092317,-49.86036405704003,-10.72928496845771,-112.1858191283401
0.08033501977124735,-4.767989956220371,-49.39559899423428,-10.72797740149583,-111.1400977370271
0.08107909806731686,-4.767398140410188,-48.93503432980746,-10.72664581592292,-110.1038272420668
0.08183006815867394,-4.766795456213838,-48.47863096319694,-10.72528977648114,-109.0769196671931
0.08258799387844268,-4.766181706776248,-48.02635014886623,-10.72390884024656,-108.059287834949
0.08335293965098191,-4.765556691778877,-47.57815349304683,-10.72250255650247,-107.0508453593553
0.08412497049736119,-4.764920207382604,-47.13400295051111,-10.72107046661086,-106.05150663865
0.08490415204088747,-4.764272046169812,-46.69386082137586,-10.71961210388208,-105.0611868480957
0.08569055051268351,-4.763611997085679,-46.25768974793584,-10.71812699344278,-104.0798019328556
0.08648423275731722,-4.762939845378651,-45.82545271152774,-10.71661465210196,-103.1072686009374
0.08728526623848375,-4.762255372540109,-45.39711302942383,-10.71507458821524,-102.1435043162036
0.08809371904473991,-4.761558356243225,-44.97263435175524,-10.71350630154726,-101.1884272914493
0.08890965989529158,-4.76084857028098,-44.55198065846466,-10.71190928313221,-100.2419564815455
0.08973315814583524,-4.760125784503369,-44.13511625628804,-10.71028301513258,-99.30401157664807
0.09056428379445289,-4.759389764753781,-43.7220057757654,-10.70862697069601,-98.37451299547216
0.09140310748756232,-4.758640272804525,-43.31261416828011,-10.70694061381018,-97.45338187863022
0.09224970052592174,-4.757877066291548,-42.90690670312683,-10.70522339915598,-96.54054008203536
0.09310413487069075,-4.757099898648296,-42.50484896460749,-10.70347477195866,-95.63591017036684
0.09396648314954696,-4.756308519038731,-42.10640684915541,-10.70169416783714,-94.73941541059966
0.09483681866285923,-4.755502672289526,-41.71154656248729,-10.69988101265143,-93.85097976559642
0.09571521538991866,-4.754682098821392,-41.32023461678257,-10.69803472234813,-92.9705278877608
0.09660174799522646,-4.753846534579572,-40.93243782789042,-10.69615470280404,-92.09798511275346
0.09749649183484087,-4.752995710963487,-40.54812331256368,-10.69424034966785,-91.23327745326829
0.09839952296278232,-4.752129354755534,-40.16725848571999,-10.69229104819995,-90.37633159286997
0.09931091813749796,-4.751247188049033,-39.78981105772958,-10.69030617311032,-89.52707487989156
0.1002307548283865,-4.750348928175344,-39.41574903172965,-10.68828508839453,-88.68543532139171
0.101159111222383,-4.749434287630124,-39.04504070096512,-10.68622714716778,-87.85134157717152
0.1020960662306047,-4.748502973998746,-38.67765464615564,-10.68413169149718,-87.0247229538502
0.1030416994950588,-4.747554689880884,-38.31355973288856,-10.68199805223199,-86.20550939899927
0.103996091395412,-4.746589132814265,-37.95272510903776,-10.6798255488321,-85.39363149533496
0.1049593230558227,-4.745605995197574,-37.59512020220797,-10.67761348919454,-84.58902045496794
0.105931476351837,-4.744604964212549,-37.24071471720483,-10.67536116947823,-83.79160811371086
0.1069126339173476,-4.743585721745247,-36.88947863352998,-10.6730678739268,-83.00132692544247
0.1079028791516184,-4.74254794430649,-36.5413822029014,-10.6707328746896,-82.21810995652814
0.108902296226373,-4.741491302951519,-36.19639594679859,-10.66835543164092,-81.44189088029682
0.1099109700929497,-4.740415463198827,-35.85449065403261,-10.66593479219736,-80.67260397157338
0.1109289864895223,-4.739320084948218,-35.51563737834071,-10.66347019113349,-79.91018410126661
0.1119564319483879,-4.738204822398068,-35.17980743600536,-10.66096085039566,-79.15456673101205
0.1129933938033222,-4.73706932396184,-34.84697240349759,-10.65840597891414,-78.40568790786956
0.1140399601970032,-4.735913232183813,-34.51710411514446,-10.65580477241358,-77.66348425907502
0.1150962200885032,-4.734736183654075,-34.19017466082047,-10.65315641322167,-76.92789298684608
0.1161622632608502,-4.733537808922796,-33.86615638366293,-10.65046007007629,-76.19885186324157
0.1172381803286599,-4.732317732413758,-33.54502187781073,-10.64771489793096,-75.47629922507413
0.1183240627458379,-4.731075572337211,-33.22674398616694,-10.64492003775872,-74.76017396887562
0.1194200028133532,-4.729810940602025,-32.9112957981846,-10.64207461635456,-74.05041554591536
0.1205260936870842,-4.728523442727183,-32.59865064767581,-10.63917774613616,-73.34696395727057
0.1216424293857368,-4.727212677752632,-32.2887821106439,-10.63622852494342,-72.64975974894878
0.1227691047988359,-4.72587823814951,-31.98166400313868,-10.6332260358364,-71.95874400706204
0.1239062156947916,-4.724519709729764,-31.67727037913435,-10.63016934689197,-71.27385835305228
0.1250538587290391,-4.723136671555198,-31.37557552843027,-10.6270575109992,-70.59504493896812
0.1262121314522547,-4.721728695845975,-31.07655397457424,-10.62388956565344,-69.92224644279204
0.1273811323186478,-4.720295347888575,-30.78018047280823,-10.6206645327493,-69.25540606381851
0.1285609606943295,-4.718836185943289,-30.48643000803649,-10.6173814183724,-68.5944675180821
0.1297517168657588,-4.717350761151217,-30.19527779281582,-10.61403921259024,-67.9393750338356
0.1309535020482667,-4.715838617440857,-29.90669926536801,-10.61063688924193,-67.29007334707804
0.1321664183946605,-4.71429929143429,-29.62067008761415,-10.60717340572715,-66.64650769713184
0.1333905690039059,-4.712732312352995,-29.33716614323092,-10.60364770279424,-66.00862382226956
0.134626057929891,-4.711137201923364,-29.05616353572857,-10.60005870432757,-65.37636795538927
0.135872990190271,-4.709513474281903,-28.77763858655059,-10.59640531713428,-64.74968681973883
0.1371314717753945,-4.707860635880218,-28.5015678331949,-10.59268643073049,-64.12852762468854
0.1384016096573132,-4.7061781853898,-28.22792802735654,-10.58890091712705,-63.51283806155222
0.139683511798874,-4.704465613606645,-27.95669613309155,-10.58504763061495,-62.902566299456
0.1409772871628966,-4.702722403355794,-27.68784932500232,-10.58112540755054,-62.29766098125521
0.1422830457214353,-4.700948029395814,-27.42136498644387,-10.57713306614058,-61.6980712194987
0.143600898465126,-4.699141958323278,-27.15722070775136,-10.57306940622737,-61.10374659244057
0.1449309574126217,-4.697303648477317,-26.89539428448844,-10.56893320907396,-60.514637140099
0.146273335620113,-4.695432549844291,-26.63586371571651,-10.56472323714966,-59.93069336036216
0.147628147190939,-4.693528103962627,-26.37860720228476,-10.56043823391591,-59.35186620514071
0.1489955072852854,-4.691589743827918,-26.12360314514093,-10.55607692361282,-58.77810707656709
0.1503755321299738,-4.689616893798331,-25.87083014366263,-10.55163801104625,-58.20936782324092
0.1517683390283405,-4.687608969500392,-25.62026699400927,-10.54712018137588,-57.64560073652085
0.153174046370208,-4.685565377735228,-25.3718926874943,-10.54252209990426,-57.08675854686217
0.1545927736419477,-4.683485516385351,-25.12568640897796,-10.53784241186704,-56.53279442020042
0.1560246414366369,-4.681368774322037,-24.88162753528026,-10.53307974222458,-55.98366195438057
0.1574697714643086,-4.679214531313409,-24.63969563361413,-10.52823269545517,-55.4393151756318
0.1589282865622978,-4.677022157933306,-24.39987046003882,-10.52329985534994,-54.89970853508733
0.160400310705682,-4.674791015470998,-24.16213195793318,-10.51827978480974,-54.36479690534966
0.1618859690178198,-4.67252045584189,-23.92646025648919,-10.51317102564425,-53.83453557710067
0.1633853877809861,-4.670209821499267,-23.69283566922509,-10.50797209837335,-53.30888025575646
0.1648986944471064,-4.667858445347198,-23.46123869251872,-10.5026815020312,-52.78778705816713
0.1664260176485904,-4.665465650654716,-23.23165000416029,-10.49729771397311,-52.27121250936064
0.1679674872092654,-4.663030750971354,-23.0040504619251,-10.49181918968555,-51.75911353933147
0.169523234155412,-4.660553050044166,-22.77842110216583,-10.48624436259938,-51.25144747987311
0.1710933907269014,-4.65803184173636,-22.55474313842434,-10.48057164390681,-50.74817206145475
0.1726780903884355,-4.655466409947624,-22.33299796006309,-10.47479942238216,-50.24924541014196
0.1742774678408919,-4.652856028536317,-22.11316713091594,-10.46892606420671,-49.75462604456086
0.1758916590327733,-4.650199961243625,-21.89523238795829,-10.46294991279816,-49.26427287290615
0.1775208011717635,-4.647497461619812,-21.67917563999662,-10.45686928864458,-48.7781451899924
0.17916503273639,-4.644747772952726,-21.46497896637719,-10.45068248914363,-48.29620267434867
0.1808244934877951,-4.641950128198686,-21.25262461571392,-10.44438778844704,-47.81840538535631
0.1824993244816152,-4.639103749915889,-21.04209500463545,-10.43798343731075,-47.34471376042976
0.1841896680799711,-4.636207850200513,-20.83337271655118,-10.43146766295115,-46.87508861224016
0.1858956679635687,-4.633261630625658,-20.62644050043624,-10.42483866890773,-46.40949112598153
0.1876174691439121,-4.630264282183276,-20.42128126963545,-10.41809463491237,-45.94788285667975
0.1893552179756295,-4.627214985229285,-20.21787810068605,-10.41123371676589,-45.49022572654361
0.1911090621689138,-4.624112909432005,-20.01621423215922,-10.40425404622201,-45.03648202235824
0.1928791508020778,-4.620957213724123,-19.81627306352025,-10.39715373087928,-44.58661439292056
0.1946656343342262,-4.617747046258343,-19.61803815400732,-10.38993085408127,-44.14058584651647
0.1964686646180445,-4.614481544366939,-19.42149322152889,-10.38258347482561,-43.69835974844001
0.1982883949127071,-4.611159834525351,-19.22662214157937,-10.37510962768204,-43.25989981855359
0.2001249798969037,-4.607781032320101,-19.03340894617335,-10.36750732272023,-42.82517012889004
0.2019785756819879,-4.604344242421152,-18.84183782279798,-10.35977454544759,-42.39413510129545
0.2038493398252463,-4.600848558558963,-18.65189311338361,-10.35190925675767,-41.96675950511312
0.2057374313432913,-4.597293063506458,-18.46355931329251,-10.34390939288953,-41.54300845490815
0.2076430107255774,-4.593676829066109,-18.2768210703256,-10.33577286539874,-41.12284740823261
0.2095662399480433,-4.589998916062346,-18.0916631837471,-10.32749756114028,-40.70624216343098
0.2115072824868795,-4.586258374339597,-17.90807060332699,-10.31908134226409,-40.29315885748574
0.2134663033324244,-4.58245424276608,-17.72602842840117,-10.31052204622368,-39.88356396390264
0.2154434690031884,-4.578585549243709,-17.5455219069492,-10.30181748579835,-39.47742429063571
0.217438947560008,-4.574651310724271,-17.36653643468955,-10.29296544912961,-39.07470697805147
0.2194529086203314,-4.570650533232181,-17.18905755419214,-10.28396369977241,-38.67537949693231
0.221485523372636,-4.566582211894046,-17.0130709540082,-10.2748099767616,-38.27940964651846
0.2235369645909795,-4.562445330975326,-16.83856246781717,-10.26550199469448,-37.88676555258863
0.2256074066496861,-4.558238863924338,-16.66551807359052,-10.25603744382976,-37.49741566557866
0.227697025538168,-4.553961773423902,-16.49392389277244,-10.24641399020378,-37.11132875873798
0.2298059988758851,-4.549613011450896,-16.32376618947718,-10.23662927576452,-36.72847392632365
0.2319345059274428,-4.54519151934401,-16.15503136970288,-10.22668091852402,-36.34882058183149
0.2340827276178293,-4.540696227879994,-15.98770598056172,-10.21656651272999,-35.97233845626386
0.2362508465477947,-4.536126057358692,-15.82177670952619,-10.20628362905706,-35.59899759643394
0.238439047009372,-4.531479917697176,-15.65723038369146,-10.19582981481865,-35.22876836330578
0.2406475150015424,-4.526756708533265,-15.49405396905333,-10.18520259419985,-34.86162143036999
0.2428764382460451,-4.521955319338765,-15.33223456980193,-10.17439946851222,-34.49752778205435
0.2451260062033339,-4.517074629542734,-15.1717594276307,-10.16341791647115,-34.13645871216907
0.2473964100886814,-4.51211350866509,-15.0126159210605,-10.15225539449645,-33.77838582238613
0.2496878428884327,-4.507070816460892,-14.85479156477867,-10.14090933703701,-33.42328102075201
0.2520004993764092,-4.501945403075625,-14.69827400899272,-10.12937715692016,-33.07111652023362
0.2543345761304649,-4.496736109211811,-14.54305103879841,-10.11765624572658,-32.72186483729642
0.256690271549195,-4.491441766307294,-14.38911057356205,-10.10574397419141,-32.37549879051461
0.2590677858688008,-4.486061196725524,-14.23644066631655,-10.09363769263243,-32.03199149921224
0.2614673211801092,-4.480593213958206,-14.08502950317114,-10.08133473140596,-31.69131638213506
0.263889081445751,-4.475036622840617,-13.93486540273427,-10.06883240139139,-31.35344715615212
0.2663332725174982,-4.469390219779977,-13.7859368155495,-10.05612799450495,-31.01835783498637
0.2688001021537606,-4.463652792997205,-13.63823232354398,-10.04321878424371,-30.68602272797395
0.2712897800372466,-4.457823122782391,-13.49174063948922,-10.03010202626038,-30.35641643885074
0.2738025177927857,-4.45189998176438,-13.34645060647371,-10.01677495896985,-30.02951386456586
0.276338529005317,-4.44588213519476,-13.20235119738713,-10.00323480418821,-29.70529019412104
0.278898029238044,-4.439768341246646,-13.05943151441556,-9.989478767804954,-29.38372090743502
0.281481236050758,-4.433557351328594,-12.9176807885476,-9.975504040489337,-29.06478177423211
0.2840883690183303,-4.427247910413993,-12.77708837909061,-9.961307798431484,-28.74844885295386
0.286719649749377,-4.420838757386264,-12.63764377319682,-9.946887204119093,-28.43469848969286
0.2893753019050951,-4.414328625400255,-12.49933658539897,-9.932239407150574,-28.12350731714769
0.2920555512182746,-4.407716242260107,-12.36215655715462,-9.917361545085241,-27.8148522535979
0.2947606255124857,-4.401000330813987,-12.22609355639906,-9.90225074433147,-27.50871050189788
0.297490754721444,-4.394179609365977,-12.09113757710601,-9.886904121073448,-27.20505954848853
0.3002461709085549,-4.387252792105461,-11.95727873885573,-9.871318782237289,-26.9038771624254
0.3030271082866397,-4.380218589554342,-11.82450728640987,-9.85549182649727,-26.60514139442221
0.3058338032378433,-4.37307570903236,-11.69281358929258,-9.839420345322809,-26.3088305759083
0.3086664943337273,-4.365822855140867,-11.56218814137724,-9.82310142406695,-26.0149233180988
0.3115254223555487,-4.358458730265316,-11.43262156047825,-9.806532143096963,-25.72339851107607
0.3144108303147265,-4.350982035096772,-11.3041045879471,-9.789709578967736,-25.43423532288098
0.3173229634734976,-4.343391469172698,-11.17662808827228,-9.772630805638572,-25.14741319861263
0.3202620693657651,-4.335685731437303,-11.05018304868214,-9.755292895733932,-24.86291185953481
0.3232283978181379,-4.327863520821686,-10.92476057875018,-9.737692921848796,-24.58071130218791
0.3262222009711669,-4.319923536844022,-10.80035191000195,-9.719827957899049,-24.30079179750438
0.3292437333007769,-4.311864480229996,-10.67694839552277,-9.701695080517492,-24.02313388992624
0.3322932516398973,-4.303685053553719,-10.55454150956575,-9.683291370495867,-23.74771839652293
0.335371015200293,-4.29538396189928,-10.43312284715896,-9.664613914273382,-23.47452640610765
0.3384772855945982,-4.286959913543127,-10.31268412371131,-9.645659805472036,-23.20353927835045
0.3416123268585528,-4.278411620657425,-10.19321717461613,-9.626426146479204,-22.93473864288629
0.3447764054734464,-4.269737800034503,-10.07471395485152,-9.606910050077632,-22.66810639841593
0.3479697903887692,-4.260937173832517,-9.957166538576882,-9.587108641123164,-22.40362471179798
0.3511927530450729,-4.252008470342411,-9.840567118724469,-9.567019058270423,-22.14127601713005
0.3544455673970434,-4.2429504247762,-9.724908006585226,-9.546638455746452,-21.88104301481676
0.3577285099367872,-4.23376178007667,-9.610181631387924,-9.525964005172508,-21.62290867062283
0.3610418597173337,-4.224441287748435,-9.496380539870637,-9.504992897433977,-21.36685621470893
0.3643858983763545,-4.214987708710364,-9.383497395843674,-9.48372234459832,-21.11286914064827
0.3677609101601032,-4.205399814169317,-9.271524979742901,-9.462149581880961,-20.86093120442153
0.3711671819475765,-4.195676386515097,-9.1604561881725,-9.44027186965897,-20.61102642338813
0.3746050032748993,-4.185816220236497,-9.05028403343616,-9.418086495532117,-20.36313907523136
0.3780746663599349,-4.175818122858286,-8.941001643055671,-9.395590776431142,-20.11725369687526
0.3815764661271249,-4.165680915898971,-8.832602259275859,-9.372782060772684,-19.87335508337068
0.3851107002325571,-4.155403435849041,-8.725079238554816,-9.349657730660343,-19.63142828674833
0.3886776690892666,-4.144984535169511,-8.618426051038393,-9.326215204131401,-19.39145861483638
0.3922776758927719,-4.134423083310384,-8.512636280017819,-9.302451937448364,-19.1534316300401
0.3959110266468459,-4.123717967748721,-8.407703621369423,-9.278365427434624,-18.9173331480812
0.399578030189527,-4.112868095045925,-8.303621882975294,-9.253953213853331,-18.68314923669442
0.4032789982193707,-4.101872391923776,-8.200384984123863,-9.229212881828497,-18.45086621427869
0.4070142453219437,-4.090729806358772,-8.09798695488921,-9.204142064307238,-18.22047064850072
0.4107840889965646,-4.079439308694212,-7.996421935488058,-9.178738444561976,-17.99194935484813
0.4145888496832911,-4.067999892769461,-7.895684175613299,-9.152999758731285,-17.76528939512992
0.4184288507901581,-4.056410577065771,-7.795768033742961,-9.126923798397984,-17.54047807592166
0.4223044187206674,-4.044670405867968,-7.696667976423502,-9.100508413202927,-17.31750294695288
0.4262158829015323,-4.03277845044129,-7.598378577526322,-9.073751513492903,-17.09635179943423
0.4301635758106794,-4.020733810222579,-7.500894517476396,-9.046651073000803,-16.87701266432189
0.4341478330055093,-4.00853561402501,-7.404210582451941,-9.019205131556271,-16.65947381051686
0.4381689931514191,-3.996183021255445,-7.30832166355405,-8.991411797824751,-16.44372374299661
0.4422273980505899,-3.983675223143496,-7.213222755945188,-8.963269252072864,-16.22975120087667
0.4463233926710396,-3.971011443981264,-7.11890895795557,-8.934775748957843,-16.01754515540003
0.4504573251759458,-3.958190942372733,-7.025375470156314,-8.90592962033865,-15.80709480785171
0.45462954695324,-3.945213012491672,-6.932617594398422,-8.876729278106261,-15.59838958739645
0.4588404126454758,-3.932076985346909,-6.840630732816577,-8.847173217030546,-15.3914191488373
0.4630902801799739,-3.918782230053722,-6.749410386796804,-8.817260017620875,-15.18617337029281
0.4673795107992462,-3.90532815511008,-6.658952155907076,-8.78698834899768,-14.98264235079092
0.4717084690917017,-3.891714209676397,-6.569251736789969,-8.756356971771893,-14.78081640777743
0.4760775230226369,-3.877939884857389,-6.48030492201651,-8.725364740929125,-14.58068607453715
0.480487043965513,-3.864004714984591,-6.392107598900412,-8.694010608715329,-14.38224209752593
0.4849374067335235,-3.849908278898021,-6.304655748271901,-8.662293627520549,-14.18547543361178
0.489428989611453,-3.835650201225436,-6.217945443210431,-8.63021295275723,-13.99037724722347
0.493962174387832,-3.821230153657552,-6.131972847735626,-8.597767845729493,-13.79693890740516
0.4985373463873894,-3.806647856217567,-6.046734215455766,-8.564957676489527,-13.60515198477547
0.5031548945038053,-3.791903078523259,-5.962225888173311,-8.531781926677333,-13.41500824838995
0.5078152112327673,-3.776995641039897,-5.878444294446937,-8.498240192339768,-13.22649966250561
0.5125186927053331,-3.761925416322137,-5.79538594810961,-8.46433218672481,-13.03961838324662
0.5172657387216019,-3.746692330243044,-5.713047446742384,-8.43005774304685,-12.85435675517036
0.5220567527846975,-3.731296363208323,-5.631425470103541,-8.395416817218726,-12.67070730773297
0.5268921421350674,-3.715737551353812,-5.550516778512883,-8.360409490546076,-12.48866275165399
0.5317723177850969,-3.700015987724258,-5.470318211191038,-8.325035972379579,-12.30821597517983
0.5366976945540475,-3.68413182343131,-5.390826684553605,-8.289296602720446,-12.12936004024561
0.5416686911033152,-3.668085268788725,-5.312039190460278,-8.253191854774631,-11.95208817853563
0.5466857299720181,-3.651876594422638,-5.233952794418915,-8.216722337450937,-11.77639378744256
0.5517492376129125,-3.635506132354821,-5.156564633744796,-8.179888797798347,-11.60227042592579
0.5568596444286411,-3.618974277056754,-5.07987191567532,-8.142692123377696,-11.42971181026947
0.5620173848083186,-3.60228148647238,-5.0038719154405,-8.105133344562855,-11.25871180974113
0.5672228971644544,-3.585428283007342,-4.928561974289725,-8.067213636766519,-11.08926444215188
0.5724766239702179,-3.568415254482514,-4.853939497475323,-8.028934322585656,-10.92136386931947
0.5777790117970503,-3.551243055049647,-4.780001952193597,-7.990296873861705,-10.75500439243559
0.5831305113526222,-3.533912406066912,-4.70674686548411,-7.951302913650553,-10.59018044733925
0.5885315775191449,-3.51642409693217,-4.634171822088047,-7.911954218097382,-10.42688659969811
0.5939826693920356,-3.498778985871739,-4.562274462266648,-7.872252718211413,-10.26511754009996
0.599484250318941,-3.480978000682532,-4.491052479580783,-7.832200501535696,-10.10486807905676
0.6050367879391221,-3.463022139425374,-4.420503618632862,-7.79179981370709,-9.946133141923941
0.6106407542232041,-3.444912471067372,-4.350625672772354,-7.751053059901588,-9.788907763737797
0.6162966255132941,-3.426650136071242,-4.281416481766342,-7.709962806160295,-9.633187083974267
0.6220048825634712,-3.408236346929518,-4.212873929436613,-7.668531780591416,-9.478966341232379
0.6277660105806501,-3.389672388641597,-4.144995941264919,-7.626762874443593,-9.326240867846067
0.633580499265825,-3.370959619131672,-4.077780481968118,-7.584659143046262,-9.175006084428267
0.639448842855694,-3.352099469605581,-4.011225553045063,-7.542223806612559,-9.02525749435139
0.64537154016467,-3.333093444844738,-3.945329190297164,-7.49946025090066,-8.876990678168619
0.6513490946272803,-3.3139431234353,-3.880089461324697,-7.456372027729424,-8.73020128798057
0.6573820143409587,-3.29465015793087,-3.815504463001001,-7.412962855344459,-8.584885041752253
0.6634708121092346,-3.275216274947045,-3.75157231892682,-7.369236618630852,-8.441037717585345
0.669616005485322,-3.255643275186244,-3.688291176867172,-7.325197369169048,-8.298655147951136
0.6758181168161109,-3.235933033391326,-3.625659206173176,-7.280849325130484,-8.157733213889646
0.6820776732865685,-3.216087498226598,-3.563674595191394,-7.236196871009845,-8.018267839180636
0.6883952069645498,-3.196108692084921,-3.502335548663327,-7.191244557191072,-7.880254984492485
0.6947712548460235,-3.175998710819719,-3.441640285117794,-7.145997099344368,-7.743690641515037
0.7012063589007181,-3.155759723400817,-3.381587034258978,-7.100459377651838,-7.608570827082699
0.7077010661181888,-3.135393971493144,-3.322174034353049,-7.054636435859573,-7.474891577294359
0.7142559285543126,-3.114903768957463,-3.263399529616299,-7.008533480154292,-7.342648941636672
0.7208715033782137,-3.094291501272407,-3.205261767607803,-6.962155877862915,-7.211838977117556
0.7275483529196228,-3.073559624877241,-3.147758996629703,-6.915509155973793,-7.082457742416833
0.7342870447166763,-3.052710666434914,-3.090889463138239,-6.868598999478556,-6.954501292061038
0.7410881515641569,-3.031747222015074,-3.034651409168699,-6.821431249533917,-6.827965670629572
0.7479522515621821,-3.010671956196891,-2.979043069777528,-6.774011901443004,-6.702846906999438
0.7548799281653433,-2.989487601091678,-2.924062670504846,-6.726347102456276,-6.579141008635903
0.7618717702322995,-2.968196955285427,-2.869708424860645,-6.67844314939221,-6.456843955936452
0.7689283720758311,-2.946802882701552,-2.815978531837993,-6.630306486078491,-6.335951696635484
0.7760503335133571,-2.925308311384283,-2.76287117345654,-6.581943700614637,-6.216460140277215
0.7832382599179196,-2.903716232203301,-2.710384512339652,-6.533361522457427,-6.098365152764218
0.7904927622696423,-2.88202969748036,-2.658516689328486,-6.484566819330811,-5.981662550989093
0.7978144572076625,-2.860251819538831,-2.60726582113631,-6.435566593962371,-5.866348097556699
0.8052039670825475,-2.838385769177214,-2.556629998046358,-6.38636798064873,-5.752417495604307
0.8126619200091945,-2.816434774067861,-2.506607281656439,-6.336978241652688,-5.639866383726988
0.8201889499202204,-2.794402117082317,-2.457195702673567,-6.287404763435212,-5.528690331015525
0.8277856966198475,-2.772291134544785,-2.408393258761732,-6.237655052725765,-5.418884832213897
0.8354528058382867,-2.750105214415462,-2.360197912445956,-6.18773673243479,-5.3104453030034
0.8431909292866256,-2.727847794405584,-2.312607589075673,-6.137657537412563,-5.203367075420263
0.8510007247122245,-2.705522360026184,-2.265620174850409,-6.087425310058914,-5.097645393413421
0.8588828559546251,-2.68313244257275,-2.219233514910682,-6.037047995788686,-4.993275408549033
0.8668379930019777,-2.660681617048049,-2.173445411496896,-5.986533638358109,-4.890252175868016
0.874866812047991,-2.638173500025602,-2.128253622178986,-5.935890375057604,-4.788570649902719
0.8829699955494089,-2.615611747456368,-2.083655858159394,-5.885126431776827,-4.688225680858636
0.8911482322840201,-2.593000052421362,-2.039649782651895,-5.834250117948065,-4.589212010966763
0.8994022174092046,-2.570342142833043,-1.996233009338636,-5.783269821374347,-4.491524271011931
0.9077326525210226,-2.547641779088452,-1.953403100907674,-5.732194002949019,-4.395156977042266
0.9161402457138517,-2.524902751677147,-1.911157567673086,-5.681031191273581,-4.300104527264443
0.9246257116405741,-2.50212887874715,-1.869493866279689,-5.629789977181088,-4.206361199129301
0.9331897715733238,-2.479324003632175,-1.828409398494171,-5.578479008172394,-4.113921146611885
0.9418331534647952,-2.456491992343519,-1.787901510084333,-5.527106982772917,-4.022778397689749
0.9505565920101194,-2.433636731030081,-1.747967489787973,-5.475682644817684,-3.93292685202294
0.9593608287093143,-2.410762123410052,-1.708604568372787,-5.424214777672618,-3.844360278838771
0.9682466119303121,-2.387872088177882,-1.669809917788486,-5.372712198400234,-3.757072315024094
0.9772146969725725,-2.364970556390192,-1.631580650412173,-5.321183751877931,-3.671056463427388
0.9862658461312822,-2.342061468834371,-1.593913818387839,-5.269638304877335,-3.586306091372636
0.9954008287621522,-2.319148773383596,-1.556806413060683,-5.218084740113089,-3.502814429386536
1.004620421346813,-2.296236422342078,-1.520255364506753,-5.166531950269674,-3.420574570140194
1.013925407558815,-2.27332836978438,-1.484257541158259,-5.114988832014855,-3.339579467606084
1.023316578330245,-2.2504285688926,-1.448809749524701,-5.063464280008351,-3.259821936430578
1.032794731918952,-2.22754096929529,-1.413908734009805,-5.011967180914402,-3.181294651522061
1.042360673976402,-2.204669514411925,-1.379551176824049,-4.960506407426832,-3.103990147854109
1.052015217616159,-2.181818138806761,-1.345733697992401,-4.909090812315212,-3.027900820482901
1.061759183483,-2.158990765555851,-1.312452855456713,-4.857729222500664,-2.953018924777604
1.071593399822671,-2.136191303631006,-1.279705145272021,-4.806430433169764,-2.879336576862046
1.081518702552288,-2.113423645304407,-1.247487001895845,-4.755203201934916,-2.806845754265651
1.091535935331392,-2.090691663577535,-1.215794798569412,-4.704056243049455,-2.735538296781178
1.101645949633657,-2.067999209638036,-1.184624847789536,-4.652998221685582,-2.665405907526457
1.111849604819271,-2.045350110348044,-1.153973401869739,-4.6020377482831,-2.596440154206913
1.12214776820798,-2.022748165767437,-1.123836653589044,-4.551183372976734,-2.528632470575348
1.132541315152812,-2.00019714671539,-1.094210736926699,-4.500443580109629,-2.461974158085072
1.143031129114479,-1.977700792373513,-1.065091727880952,-4.449826782840405,-2.396456387732141
1.153618101736478,-1.955262807933746,-1.036475645369839,-4.399341317850928,-2.332070202082138
1.164303132920877,-1.932886862294088,-1.008358452211832,-4.348995440161698,-2.268806517476622
1.175087130904808,-1.91057658580512,-0.9807360561840305,-4.298797318061521,-2.206656126414069
1.18597101233767,-1.888335568070147,-0.9536043111554825,-4.24875502815783,-2.145609700099836
1.196955702359043,-1.866167355801676,-0.9269590182930866,-4.198876550553771,-2.085657791159445
1.208042134677328,-1.844075450736807,-0.9007959273374144,-4.149169764157817,-2.026790836509182
1.219231251649111,-1.822063307613969,-0.8751107379457039,-4.099642442131429,-1.968999160377834
1.230524004359262,-1.800134332213304,-0.8498991010991601,-4.050302247479933,-1.91227297747311
1.241921352701784,-1.778291879462849,-0.8251566205716213,-4.001156728791411,-1.856602396286148
1.2534242654614,-1.756539251612519,-0.8008788544565733,-3.952213316128168,-1.80197742252729
1.265033720395903,-1.734879696477732,-0.7770613167494106,-3.903479317074898,-1.748387962686174
1.276750704319266,-1.713316405754392,-0.7536994789817999,-3.854961912947382,-1.69582382770905
1.288576213185518,-1.691852513406742,-0.7307887719049178,-3.806668155165169,-1.644274736786065
1.300511252173409,-1.670491094129487,-0.7083245872183223,-3.758604961791345,-1.593730321241225
1.312556835771844,-1.649235161885405,-0.6863022793411602,-3.710779114242162,-1.54418012851761
1.324713987866117,-1.6280876685195,-0.6647171672223817,-3.663197254168874,-1.495613626250359
1.336983741824947,-1.607051502450599,-0.6435645361866268,-3.615865880513847,-1.44802020641991
1.349367140588307,-1.586129487441155,-0.6228396398124295,-3.568791346742599,-1.401389189577966
1.361865236756082,-1.565324381445814,-0.6025377018393762,-3.52197985825308,-1.355709829138597
1.374479092677537,-1.544638875539192,-0.5826539181008711,-3.475437469963182,-1.31097131572696
1.387209780541621,-1.524075592923133,-0.5631834584791611,-3.429170084077048,-1.267162781578112
1.400058382468097,-1.503637088013561,-0.5441214688793065,-3.383183448030513,-1.22427330497844
1.413025990599534,-1.483325845606912,-0.5254630732187967,-3.337483152615553,-1.182291914742293
1.426113707194129,-1.463144280125951,-0.507203375429558,-3.29207463028339,-1.141207594716505
1.439322644719407,-1.44309473494467,-0.4893374614691291,-3.246963153625507,-1.10100928830554
1.452653925946781,-1.423179481791807,-0.4718604013378475,-3.202153834031565,-1.061685903010157
1.466108684046984,-1.403400720232381,-0.4547672510989165,-3.157651620522858,-1.023226314972562
1.479688062686397,-1.383760577226535,-0.4380530548983191,-3.113461298759703,-0.9856193735212181
1.493393216124252,-1.364261106764813,-0.4217128469815759,-3.069587490220829,-0.9488539057085457
1.507225309310756,-1.344904289578922,-0.4057416537044419,-3.026034651552576,-0.9129187208349941
1.521185517986104,-1.325692032926874,-0.3901344955347044,-2.982807074085467,-0.877802614953085
1.535275028780423,-1.306626170451308,-0.3748863890423274,-2.939908883515444,-0.8434943753452366
1.549495039314632,-1.287708462109695,-0.3599923488752695,-2.897344039746814,-0.8099827849693565
1.563846758302247,-1.268940594175009,-0.345447389718403,-2.855116336893771,-0.7772566268664067
1.578331405652118,-1.250324179305377,-0.3312465282330471,-2.813229403437099,-0.7453046885243561
1.592950212572123,-1.231860756681106,-0.3173847849747283,-2.771686702532488,-0.7141157661931387
1.607704421673824,-1.213551792207425,-0.3038571862868792,-2.730491532466705,-0.6836786691454783
1.622595287078088,-1.195398678781198,-0.2906587661682946,-2.689647027257695,-0.6539822238786628
1.637624074521688,-1.177402736619788,-0.2777845681122627,-2.649156157394522,-0.6250152782525911
1.652792061464895,-1.159565213650186,-0.2652296469153964,-2.609021730712917,-0.596766705559642
1.668100537200059,-1.141887285956483,-0.2529890704543059,-2.569246393402087,-0.5692254085221882
1.683550802961202,-1.124370058283682,-0.2410579214283459,-2.529832631138285,-0.5423803232137782
1.699144172034626,-1.107014564595817,-0.2294312990667992,-2.490782770340588,-0.5162204229002982
1.71488196987054,-1.089821768686307,-0.2181043207989594,-2.45209897954419,-0.4907347217976585
1.730765534195725,-1.07279256483844,-0.2070721238856801,-2.413783270886491,-0.4659122787427801
1.746796215127245,-1.055927778533838,-0.1963298670110816,-2.375837501701136,-0.4417422007749336
1.762975375287206,-1.039228167206755,-0.1858727318332073,-2.338263376215199,-0.4182136466247164
1.779304389918578,-1.022694421042023,-0.1756959244925279,-2.301062447344553,-0.3953158301081877
1.795784647002096,-1.006327163814466,-0.1657946770773085,-2.264236118582549,-0.3730380234239442
1.812417547374237,-0.9901269537675779,-0.1561642490449541,-2.22778564597705,-0.3513695603511467
1.829204504846293,-0.9740942845292758,-0.1467999285985518,-2.19171214019087,-0.3302998393467416
1.846146946324548,-0.9582295860625351,-0.13769703401794,-2.156016568640704,-0.309818326540365
1.86324631193156,-0.9425332256487152,-0.1288509149447251,-2.120699757709609,-0.2899145586256315
1.880504055128583,-0.9270055089014145,-0.1202569536207745,-2.085762395028183,-0.2705781456467427
1.897921642839101,-0.9116466808086925,-0.1119105660798055,-2.051205031819558,-0.2517987736795623
1.915500555573528,-0.8964569268015256,-0.1038072032917849,-2.017028085303433,-0.2335662074065161
1.933242287555045,-0.8814363738463954,-0.0959423522599499,-1.98323184115439,-0.2158702925848873
1.951148346846617,-0.8665850915599176,-0.08831153707034076,-1.949816456009815,-0.1987009584082667
1.969220255479172,-0.851903093343475,-0.08091031989383134,-1.916781960022819,-0.1820482197611205
1.987459549580983,-0.8373903375358347,-0.07373430194071781,-1.884128259455628,-0.1659021793666151
2.005867779508234,-0.8230467285817762,-0.06677912436800998,-1.851855139308997,-0.1502530298280225
2.024446509976804,-0.8088721182148001,-0.06004046913964563,-1.8199622659833,-0.1350910555642027
2.043197320195271,-0.7948663066520261,-0.0535140598399184,-1.788449189967059,-0.1204066346398164
2.062121803999144,-0.7810290437994347,-0.04719566244048178,-1.757315348548728,-0.106190240491084
2.081221569986339,-0.7673600304656625,-0.04108108602135835,-1.726560068547741,-0.09243244354805627
2.100498241653915,-0.7538589195826013,-0.03516618344644262,-1.696182569060853,-0.0791239127544959
2.119953457536071,-0.7405253174311101,-0.02944685199404967,-1.666181964219998,-0.06625541698661175
2.139588871343422,-0.7273587848702017,-0.02391903394311456,-1.636557265957954,-0.05381782637200776
2.159406152103566,-0.7143588385681168,-0.01857871711570004,-1.607307386778263,-0.04180211351032508
2.179406984302955,-0.7015249522337573,-0.0134219353765211,-1.578431142525954,-0.03019935459717248
2.199593068030075,-0.6888565578470116,-0.008444769090238557,-1.549927255155776,-0.01900073045303675
2.219966119119955,-0.6763530468865481,-0.003643345537315035,-1.521794355494733,-0.008197527458958829
2.240527869300019,-0.6640137715537334,0.0009861607107301651,-1.4940309859959,0.002218861599142872
2.261280066337279,-0.6518380459913684,0.005447527455800938,-1.466635603480579,0.01225693677555211
2.282224474186898,-0.6398251474960104,0.009744484576535229,-1.439606581866023,0.02192509029720426
2.303362873142131,-0.6279743177227004,0.01388071376951844,-1.412942214876076,0.03123160598141649
2.324697059985648,-0.6162847638809758,0.01785984832744159,-1.386640718732195,0.04018465873674356
2.346228848142264,-0.6047556599211115,0.02168547295322453,-1.360700234822501,0.0487923141447552
2.367960067833077,-0.5933861477095845,0.02536112360910589,-1.335118832346565,0.05706252812048825
2.38989256623105,-0.5821753381928169,0.02889028739968338,-1.309894510933838,0.06500314664928761
2.412028207618007,-0.5711223125483201,0.03227640248787175,-1.28502520323372,0.07262190559771142
2.434368873543111,-0.5602261233224034,0.03552285804273841,-1.260508777475408,0.07992643059616142
2.456916462982791,-0.5494857955536778,0.0386329942181645,-1.236343039995775,0.08692423699087012
2.479672892502159,-0.5389003278816417,0.04161010216127296,-1.212525737733694,0.09362272986286418
2.502640096417919,-0.528468693639681,0.04445742404956347,-1.189054560689282,0.1000292041115178
2.525820026962785,-0.5181898419318812,0.04717815315568939,-1.165927144346733,0.1061508446003011
2.549214654451423,-0.5080626986930915,0.04977543393881483,-1.143141072059456,0.1119947263623333
2.572825967447933,-0.4980861677317354,0.05225236216149226,-1.120693877396405,0.1175678148633576
2.596655972934871,-0.4882591317549204,0.05461198503100325,-1.098583046448571,0.1228769663197573
2.620706696483852,-0.4785804533754301,0.05685730136411629,-1.076806020094718,0.1279289280692616
2.64498018242772,-0.4690489761002505,0.05899126177421991,-1.055360196225564,0.1327303389919948
2.669478494034321,-0.4596635253003104,0.0610167688798012,-1.034242931925698,0.1372877299795527
2.694203713681883,-0.4504229091611704,0.0629366775332531,-1.013451545612633,0.1416075244498195
2.719157943036018,-0.4413259196144383,0.06475379506900387,-0.9929833191324864,0.1456960389052587
2.744343303228365,-0.4323713332497209,0.06647088156998043,-0.9728354998118719,0.149559483532456
2.769761935036891,-0.4235579122069742,0.06809065015143148,-0.9530053024656919,0.1532039628407208
2.795415999067857,-0.4148844050491436,0.0696157672611537,-0.9334899113605731,0.1566354763375958
2.821307675939472,-0.406349547615028,0.07104885299518468,-0.914286482133813,0.1598599192391655
2.847439166467247,-0.3979520638523304,0.07239248142804289,-0.8953921436677432,0.1628830832130965
2.873812691851066,-0.3896906666309014,0.07364918095661911,-0.8768039999195283,0.165710657152393
2.900430493863992,-0.3815640585362021,0.07482143465684141,-0.8585191317064549,0.1683482279778932
2.927294835042817,-0.3735709326430532,0.07591168065226207,-0.8405345984468698,0.1708012814675897
2.954407998880381,-0.3657099732697621,0.07692231249373412,-0.8228474398569647,0.1730752031109018
2.981772290019672,-0.3579798567127406,0.0778556795493711,-0.8054546776036663,0.175175278986085
3.00939003444972,-0.3503792519617703,0.07871408740400693,-0.7883533169139831,0.1771066966590156
3.037263579703311,-0.3429068213960696,0.07949979826739786,-0.7715403481411566,0.1788745461016452
3.065395295056528,-0.335561221461366,0.08021503139043216,-0.7550127482880734,0.1804838206284724
3.093787571730138,-0.3283411033281778,0.08086196348864073,-0.7387674824884001,0.1819394178494416
3.122442823092857,-0.3212451135315405,0.08144272917232535,-0.7228015054459662,0.183246140637732
3.151363484866479,-0.3142718945924282,0.08195942138264754,-0.7071117628329633,0.1844086981109569
3.18055201533292,-0.3074200856211325,0.08241409183304817,-0.6916951926475481,0.1854317066243584
3.210010895543173,-0.3006883229028848,0.08280875145539165,-0.6765487265314909,0.1863196907746312
3.239742629528197,-0.2940752404660138,0.08314537085025647,-0.6616692910485311,0.1870770844130771
3.269749744511767,-0.2875794706329456,0.08342588074081768,-0.6470538089241277,0.1877082316668398
3.300034791125285,-0.2811996445543671,0.08365217242979521,-0.6326992002473261,0.1882173879670392
3.330600343624589,-0.2749343927268767,0.08382609825896423,-0.6186023836354726,0.1886087210826695
3.361449000108766,-0.2687823454944622,0.08394947207075192,-0.6047602773625399,0.1888863121591918
3.392583382740994,-0.2627421335341459,0.08402406967146821,-0.5911698004518283,0.1890541567608035
3.424006137971425,-0.2568123883261487,0.08405162929574325,-0.5778278737338346,0.1891161659154223
3.455719936762139,-0.2509917426089245,0.08403385207176907,-0.5647314208700802,0.1890761671614804
3.487727474814178,-0.2452788308194243,0.08397240248696576,-0.5518773693437047,0.1889379055956729
3.52003147279668,-0.2396722895189496,0.08386890885371721,-0.5392626514176364,0.1887050449208637
3.552634676578141,-0.2341707578049555,0.08372496377484309,-0.52688420506115,0.188381168493397
3.585539857459816,-0.2287728777091668,0.0835421246084974,-0.5147389748456253,0.1879697803691192
3.61874981241128,-0.2234772945823668,0.08332191393220409,-0.5028239128103252,0.1874743063474592
3.652267364308175,-0.2182826574662216,0.08306582000576382,-0.4911359792989985,0.1868980950129686
3.686095362172159,-0.2131876194524941,0.08277529723278414,-0.4796721437681117,0.1862444187737643
3.720236681413068,-0.2081908380300062,0.08245176662060703,-0.4684293855675139,0.1855164748963658
3.754694224073336,-0.2032909754196966,0.08209661623842651,-0.4574046946943174,0.1847173865364596
3.789470919074668,-0.1984866988981237,0.08171120167340726,-0.4465950725207783,0.1838502037651663
3.824569722466999,-0.1937766811097514,0.08129684648463389,-0.4359975324969406,0.1829179045904263
3.859993617679768,-0.1891596003683557,0.08085484265473721,-0.4256091008288004,0.1819233959731587
3.895745615775503,-0.1846341409478801,0.08038645103906031,-0.4154268171327303,0.1808695148378857
3.931828755705769,-0.1801989933630596,0.0798929018122433,-0.4054477350668841,0.1797590290775474
3.968246104569482,-0.1758528546401297,0.07937539491211983,-0.3956689229402918,0.1785946385522696
4.005000757873611,-0.1715944285779254,0.07883510048083389,-0.386087464300332,0.1773789760818762
4.042095839796307,-0.1674224259996676,0.0782731593030972,-0.3767004584992521,0.1761146084319687
4.079534503452451,-0.1633355649957276,0.07769068324152206,-0.3675050212403872,0.1748040372934246
4.117319931161678,-0.1593325711576465,0.0770887556689743,-0.3584982851047047,0.1734497002551922
4.155455334718876,-0.1554121778036828,0.07646843189790359,-0.3496774000582863,0.1720539717702831
4.193943955667186,-0.1515731261961484,0.0758307396066186,-0.3410395339413339,0.1706191641148919
4.23278906557355,-0.1478141657507824,0.07517667926248267,-0.3325818729392604,0.169147528340586
4.271993966306779,-0.1441340542384076,0.07450722454201637,-0.324301622036417,0.1676412552195368
4.311561990318228,-0.1405315579790969,0.07382332274789975,-0.3161960054529681,0.1661024761827745
4.35149650092505,-0.1370054520290739,0.0731258952228754,-0.3082622670654162,0.1645332642514696
4.391800892596087,-0.1335545203605557,0.07241583776055914,-0.3004976708112505,0.1629356349612581
4.432478591240397,-0.1301775560347434,0.07169402101317235,-0.2928995010781727,0.1613115472796378
4.473533054498465,-0.1268733613681453,0.07096129089621306,-0.2854650630783269,0.1596629045164794
4.5149677720361,-0.1236407480924191,0.07021846899008964,-0.278191683207943,0.1579915552277017
4.556786265841064,-0.1204785375079011,0.06946635293874302,-0.2710767093927773,0.1562992941121718
4.598992090522439,-0.1173855606309838,0.0687057168452873,-0.2641175114197136,0.1545878629018964
4.641588833612778,-0.1143606583354963,0.0679373116647012,-0.2573114812548666,0.1528589512455777
4.684580115873048,-0.1114026814882259,0.06716186559360432,-0.2506560333485082,0.1511141975856097
4.72796959160039,-0.1085104910787189,0.06638008445715421,-0.2441486049271175,0.149355190028597
4.771760948938746,-0.105682958343482,0.06559265209310026,-0.2377866562728345,0.1475834672094756
4.815957910192352,-0.1029189648847011,0.06480023073303144,-0.2315676709905775,0.1458005191493207
4.860564232142137,-0.1002174027835867,0.0640034613808546,-0.2254891562630701,0.1440077881069229
4.905583706365048,-0.09757717470844431,0.0632029641885391,-0.2195486430939997,0.142206669424213
4.95102015955635,-0.09499719401756307,0.06239933882916274,-0.2137436865395169,0.1403985123656162
4.996877453854884,-0.09247638485700817,0.06159316486729265,-0.2080718659282683,0.1385846209514085
5.04315948717136,-0.09001368225339458,0.06078500212673251,-0.2025307850701378,0.1367662547851481
5.089870193519682,-0.08760803220171526,0.05997539105566579,-0.1971180724538593,0.134944629875248
5.137013543351341,-0.0852583917482887,0.05916485308922174,-0.1918313814336496,0.1331209194507489
5.184593543892912,-0.08296372906888744,0.05835389100948852,-0.1866683904049967,0.1312962547713492
5.232614239486661,-0.08072302354210199,0.05754298930299477,-0.1816268029697295,0.1294717259317382
5.281079711934332,-0.07853526581799097,0.05673261451567725,-0.1767043480904797,0.1276483826602738
5.329994080844091,-0.07639945788206336,0.05592321560534948,-0.1718987802346426,0.1258272351120363
5.3793615039807,-0.07431461311463539,0.05511522429168204,-0.1672078795079296,0.1240092546562846
5.429186177618941,-0.07227975634560031,0.05430905540370195,-0.1626294517776007,0.1221953746583294
5.479472336900287,-0.07029392390464771,0.05350510722481493,-0.1581613287854573,0.1203864912558336
5.530224256192902,-0.06835616366696368,0.05270376183534947,-0.1538013682506683,0.1185834641295363
5.581446249454964,-0.06646553509444436,0.05190538545261913,-0.1495474539624998,0.1167871172683931
5.633142670601354,-0.0646211092724505,0.05111032876849438,-0.1453974958630136,0.1149982397291124
5.685317913873752,-0.0628219689421307,0.05031892728447208,-0.1413494301197941,0.1132175863900622
5.737976414214134,-0.06106720852834074,0.04953150164422679,-0.1374012191887667,0.1114458786995103
5.791122647641759,-0.05935593416318302,0.04874835796362362,-0.1335508518671618,0.1096838054181532
5.844761131633635,-0.05768726370519262,0.04796978815816966,-0.1297963433366834,0.1079320233558817
5.898896425508497,-0.05606032675419521,0.04719607026787646,-0.1261357351969392,0.106191158102722
5.953533130814368,-0.05447426466186197,0.04642746877950308,-0.1225670954891894,0.1044618047538819
6.008675891719687,-0.05292823053798865,0.04566423494614572,-0.1190885187104745,0.1027445286288279
6.064329395408063,-0.05142138925252545,0.0449066071041368,-0.1156981258181823,0.1010398659843078
6.1204983724767,-0.04995291743338663,0.04415481098721311,-0.1123940642251199,0.09934832472122948
6.177187597338493,-0.04852200346006972,0.0434090600379102,-0.1091745077851569,0.09767038508529793
6.234401888627862,-0.0471278474531162,0.04266955571613738,-0.1060376567695114,0.0960065003613091
6.292146109610344,-0.0457696612594472,0.04193648780488506,-0.1029817378337562,0.09435709756099139
6.350425168595963,-0.0444466684336106,0.04121003471301461,-0.1000050039756239,0.09272257810428287
6.409244019356453,-0.04315810421497702,0.04049036377507834,-0.0971057344836983,0.09110331849392625
6.468607661546326,-0.04190321550092588,0.03977763154811566,-0.09428223487708323,0.08949967098326024
6.528521141127848,-0.04068126081606493,0.03907198410537059,-0.0915328368361461,0.08791196423708383
6.588989550799949,-0.03949151027752915,0.03837355732687369,-0.08885589812444059,0.08634050398546581
6.65001803043112,-0.03833324555640774,0.03768247718683104,-0.08624980250191741,0.08478557367036985
6.711611767496283,-0.03720575983535221,0.03699886003776275,-0.08371295962954246,0.08324743508496618
6.77377599751775,-0.03610835776241886,0.03632281289133155,-0.08124380496544244,0.08172632900549601
6.836516004510239,-0.03504035540120499,0.0356544336958037,-0.07884079965271122,0.08022247581555833
6.899837121430019,-0.03400108017733917,0.03499381161008296,-0.07650243039901312,0.07873607612268668
6.963744730628224,-0.03298987082138968,0.03434102727425969,-0.07422720934812679,0.07726731136708431
7.028244264308349,-0.03200607730825867,0.03369615307661748,-0.07201367394358202,0.07581634442238933
7.093341204987995,-0.03104906079313177,0.03305925341704016,-0.06986038678454648,0.07438332018834036
7.159041085964888,-0.03011819354405641,0.03243038496676374,-0.06776593547412693,0.07296836617521842
7.225349491787214,-0.0292128588712252,0.03180959692441853,-0.0657289324602567,0.07157159307994169
7.292272058728314,-0.02833245105304285,0.03119693126830859,-0.06374801486934641,0.07019309535369432
7.359814475265767,-0.02747637525905873,0.0305924230048772,-0.06182184433288213,0.06883295176097369
7.427982482564916,-0.02664404746984912,0.029996100413309,-0.05994910680716052,0.06749122592994525
7.496781874966877,-0.02583489439393603,0.02940798528622138,-0.05812851238635606,0.06616796689399811
7.566218500481055,-0.02504835338183208,0.02882809316640041,-0.05635879510912219,0.06486320962440094
7.636298261282244,-0.02428387233730266,0.02825643357953836,-0.05463871275893097,0.06357697555396132
7.707027114212299,-0.02354090962593948,0.02769301026293338,-0.05296704665836383,0.06230927309160011
7.778411071286488,-0.02281893398114081,0.02713782139011358,-0.05134260145756683,0.06106009812775555
7.850456200204509,-0.02211742440759614,0.02659085979135153,-0.04976420491709131,0.05982943453054095
7.923168624866255,-0.02143587008237425,0.02605211317003775,-0.04823070768534205,0.05861725463258494
7.996554525892348,-0.02077377025371556,0.02552156431488478,-0.04674098307086001,0.05742351970849074
8.070620141149503,-0.02013063413763045,0.02499919130793686,-0.04529392680966851,0.05624818044285794
8.145371766280743,-0.01950598081240696,0.02448496772836353,-0.04388845682791566,0.05509117738881795
8.22081575524054,-0.0188993391111316,0.0239788628520183,-0.04252351300004609,0.05395244141704118
8.296958520834909,-0.01831024751232832,0.02348084184674763,-0.04119805690273873,0.05283189415518216
8.373806535266493,-0.01773825402882103,0.02299086596343831,-0.03991107156484732,0.05172944841773619
8.451366330684717,-0.01718291609492531,0.02250889272279505,-0.03866156121358195,0.05064500862628885
8.529644499741023,-0.01664380045207573,0.02203487609784358,-0.03744855101717039,0.04957847122014806
8.608647696149244,-0.01612048303299453,0.0215687666921579,-0.03627108682423769,0.04852972505735528
8.688382635251186,-0.01561254884450781,0.02111051191381378,-0.03512823490014256,0.04749865180608101
8.768856094587431,-0.01511959184911489,0.02066005614507427,-0.03401908166050851,0.0464851263264171
8.850074914473435,-0.01464121484541604,0.02021734090781615,-0.0329427334021861,0.04548901704258633
8.932045998580966,-0.01417702934750302,0.01978230502470986,-0.03189831603188178,0.04451018630559719
9.014776314524918,-0.01372665546341635,0.01935488477616859,-0.03088497479268678,0.04354849074637934
9.09827289445556,-0.01328972177277207,0.0189350140530857,-0.02990187398873717,0.04260378161944282
9.182542835656287,-0.01286586520365948,0.01852262450538256,-0.02894819670823383,0.04167590513711075
9.267593301146878,-0.01245473090891057,0.01811764568639267,-0.02802314454504878,0.0407647027943835
9.353431520292384,-0.01205597214183978,0.01772000519310996,-0.0271259373191395,0.03987001168449742
9.440064789417603,-0.01166925013155213,0.01732962880233352,-0.02625581279599229,0.03899166480525041
9.527500472427292,-0.01129423395791492,0.01694644060274243,-0.02541202640530857,0.03812949135617047
9.6157460014321,-0.01093060042628748,0.01657036312293854,-0.02459385095914682,0.0372833170266117
9.704808877380302,-0.01057803394210106,0.01620131745549666,-0.02380057636972738,0.03645296427486748
9.794696670695393,-0.01023622638537887,0.01583922337706487,-0.02303150936710245,0.03563825259839596
9.885417021919574,-0.009904876985284626,0.01548399946455999,-0.02228597321689041,0.03483899879525998
9.976977642363204,-0.009583692194785266,0.01513556320750535,-0.02156330743826685,0.03405501721688704
10.06938631476028,-0.009272385565511585,0.01479383111656065,-0.02086286752240106,0.03328612001226145
10.16265089392995,-0.008970677622898205,0.01445871882829556,-0.02018402465152096,0.03253211736366501
10.25677930744422,-0.008678295741681588,0.01413014120626084,-0.01952616541878358,0.03179281771408689
10.35177955630176,-0.008394974021832835,0.01380801243841262,-0.01888869154912388,0.03106802798642839
10.44765971560804,-0.008120453164998868,0.01349224613094707,-0.01827101962124745,0.03035755379463091
10.54442793526169,-0.007854480351523734,0.01318275539860478,-0.0176725807909284,0.02966119964686075
10.64209244064724,-0.007596809118118691,0.01287945295150514,-0.01709282051576706,0.02897876914088656
10.74066153333433,-0.007347199236247145,0.01258225117857269,-0.01653119828155608,0.02831006515178856
10.84014359178331,-0.00710541659128825,0.01229106222761881,-0.01598718733039856,0.02765489001214232
10.94054707205742,-0.006871233062539749,0.01200579808214273,-0.01546027439071444,0.02701304568482114
11.04188050854161,-0.006644426404118497,0.01172637063491759,-0.01494995940926662,0.02638433392856457
11.14415251466788,-0.006424780126814127,0.01145269175842762,-0.01445575528533179,0.02576855645646214
11.24737178364752,-0.006212083380948571,0.01118467337222333,-0.01397718760713429,0.0251655150875025
11.35154708920999,-0.006006130840291879,0.01092222750726275,-0.01351379439065673,0.0245750118913412
11.45668728634872,-0.005806722587081589,0.01066526636730657,-0.01306512582093358,0.02399684932643979
11.56280131207376,-0.00561366399819083,0.01041370238743627,-0.01263074399592937,0.02343083037173161
11.66989818617147,-0.005426765632487123,0.01016744828976391,-0.01221022267309603,0.02287675865196881
11.77798701197119,-0.005245843119421828,0.009926417136403094,-0.01180314701869912,0.02233443855690696
11.88707697711903,-0.005070717048887266,0.009690522379770377,-0.01140911335999635,0.02180367535448335
11.99717735435885,-0.004901212862376037,0.009459677910286481,-0.01102772894034608,0.02128427529814458
12.1082975023204,-0.004737160745474878,0.009233798101546889,-0.01065861167731848,0.0207760457284805
12.22044686631488,-0.004578395521722507,0.009012797853030713,-0.01030138992387564,0.02027879516931911
12.33363497913776,-0.004424756547858922,0.008796592630417061,-0.009955702232682575,0.01979233341843839
12.44787146187906,-0.00427608761049109,0.008585098503577457,-0.009621197123604954,0.01931647163304928
12.56316602474121,-0.004132236824197533,0.008378232182312439,-0.00929753285444445,0.01885102241020299
12.67952846786435,-0.003993056531092459,0.008175911049900316,-0.008984377194958032,0.01839579986227571
12.79696868215941,-0.003858403201867451,0.007978053194525041,-0.008681407204201763,0.01795061968768134
12.91549665014884,-0.00372813733832701,0.007784577438650045,-0.008388309011235773,0.0175152992369626
13.03512244681509,-0.003602123377431901,0.0075954033664038,-0.008104777599221777,0.01708965757440855
13.15585624045704,-0.003480229596862299,0.007410451349042235,-0.007830516592940172,0.01667351553534503
13.2777082935543,-0.003362328022110983,0.007229642568552607,-0.007565238049749711,0.01626669577924337
13.4006889636395,-0.003248294335114647,0.007052899039462131,-0.007308662254007956,0.01586902283878979
13.52480870417875,-0.003138007784429809,0.006880143628914111,-0.00706051751496707,0.01548032316505675
13.65007806546014,-0.003031351096958003,0.006711300075073355,-0.006820539968155507,0.01510042516891505
13.77650769549054,-0.002928210391223097,0.006546293003921362,-0.006588473380251968,0.01472915925882306
13.9041083409007,-0.002828475092202265,0.006385047944501271,-0.006364068957455096,0.01436635787512786
14.03289084785872,-0.002732037847710239,0.006227491342670966,-0.006147085157348038,0.01401185552100967
14.16286616299199,-0.002638794446335258,0.006073550573422068,-0.00593728750425433,0.01366548879019965
14.29404533431761,-0.002548643736923573,0.005923153951821248,-0.00573444840807804,0.01332709639159781
14.42643951218158,-0.002461487549607963,0.005776230742629065,-0.005538346986617916,0.0129965191709154
14.56005995020649,-0.002377230618374599,0.005632711168650703,-0.005348768891342848,0.01267360012946408
14.69491800624817,-0.002295780505161126,0.005492526417871382,-0.005165506136612535,0.01235818444021061
14.83102514336104,-0.0022170475254779,0.005355608649428463,-0.004988356932325275,0.01205011946121404
14.96839293077256,-0.002140944675542978,0.005221890998470656,-0.004817125519971701,0.01174925474655898
15.10703304486655,-0.002067387560920625,0.005091307579953891,-0.004651622012071407,0.01145544205489625
15.24695727017574,-0.001996294326651959,0.004963793491421977,-0.004491662234966907,0.01116853535569945
15.38817750038346,-0.001927585588865448,0.004839284814818905,-0.004337067574947257,0.01088839083334254
15.5307057393346,-0.001861184367854233,0.004717718617378746,-0.004187664827672025,0.01061486688910218
15.67455410205595,-0.001797016022606203,0.004599032951637414,-0.004043286050863956,0.01034782414118418
15.81973481578601,-0.001735008186772204,0.004483166854609744,-0.003903768420237459,0.01008712542287193
15.96626022101426,-0.001675090706056948,0.004370060346173918,-0.003768954088628133,0.009832635778891314
16.1141427725302,-0.001617195577016481,0.004259654426703967,-0.003638690048287083,0.009584222460083926
16.26339504048192,-0.001561256887245632,0.004151891073990202,-0.003512827996302672,0.009341754916477955
16.41402971144467,-0.001507210756938089,0.004046713239485793,-0.003391224203110701,0.009105104788843032
16.56605958949914,-0.001454995281801439,0.003944064843916915,-0.003273739384053237,0.008874145898813059
16.71949759731989,-0.001404550477308897,0.003843890772292469,-0.003160238573945019,0.008648754237658055
16.87435677727376,-0.001355818224269091,0.003746136868348238,-0.003050591004605455,0.008428807953783536
17.03065029252844,-0.001308742215694908,0.003650749928459374,-0.002944669985313543,0.008214187339033592
17.18839142817146,-0.001263267904951998,0.003557677695053676,-0.002842352786141996,0.008004774813870772
17.34759359233932,-0.001219342455167335,0.003466868849557307,-0.002743520524126504,0.007800454911503942
17.50827031735724,-0.001176914689877871,0.003378273004903283,-0.002648058052225211,0.007601114261032387
17.67043526088947,-0.001135935044899157,0.00329184069763203,-0.002555853851023104,0.007406641569672067
17.83410220710008,-0.001096355521393626,0.003207523379612357,-0.002466799923135658,0.007216927604127802
17.99928506782476,-0.001058129640118006,0.003125273409409945,-0.002380791690265514,0.007031865171172375
18.16599788375328,-0.001021212396829309,0.003045044043329631,-0.002297727892865946,0.00685134909749167
18.3342548256229,-0.0009855602188286582,0.002966789426156617,-0.002217510492364481,0.006675276208852388
18.50407019542302,-0.0009511309226221905,0.002890464581620779,-0.002140044575899929,0.006503545308646753
18.67545842761076,-0.0009178836726782634,0.002816025402607389,-0.002065238263526093,0.006336057155866627
18.84843409033795,-0.0008857789412601095,0.002743428641136434,-0.001993002617835246,0.006172714442556977
19.02301188668945,-0.000854778469313184,0.002672631898132002,-0.001923251555954664,0.006013421770797004
19.19920665593284,-0.0008248452283864302,0.002603593613002174,-0.001855901763869468,0.00585808562925489
19.37703337477989,-0.0007959433835667368,0.002536273053048963,-0.001790872613025158,0.005706614369360167
19.55650715865949,-0.000768038257406031,0.002470630302727189,-0.00172808607916357,0.005558918181136176
19.73764326300255,-0.0007410962948204225,0.002406626252770047,-0.00166746666334595,0.005414909068732605
19.9204570845387,-0.0007150850289410465,0.002344222589198597,-0.001608941315117355,0.005274500825696843
20.10496416260498,-0.0006899730478963373,0.002283381782231484,-0.001552439357766759,0.00513760901002084
20.29118018046678,-0.0006657299625055867,0.002224067075110366,-0.00149789241563757,0.005004150918998322
20.47912096665085,-0.0006423263748639122,0.002166242472856024,-0.001445234343443802,0.004874045563926054
20.66880249629083,-0.0006197338477987955,0.002109872730969095,-0.00139440115754729,0.004747213644680465
20.86024089248504,-0.0005979248751787035,0.002054923344088994,-0.001345330969152083,0.004623577524200236
21.05345242766705,-0.0005768728530543646,0.002001360534623619,-0.001297963919372321,0.004503061202903144
21.24845352498883,-0.0005565520516136059,0.001949151241362031,-0.001252242116130613,0.004385590293064569
21.44526075971667,-0.0005369375879308164,0.0018982631080815,-0.001208109572844337,0.004271091993183374
21.64389086064022,-0.0005180053994923503,0.001848664472159752,-0.001165512148857788,0.004159495062359441
21.84436071149427,-0.0004997322184794657,0.001800324353202717,-0.001124397491578798,0.004050729794706114
22.04668735239409,-0.0004820955467905802,0.001753212441697376,-0.001084714980278805,0.003944727993819095
22.25088798128369,-0.0004650736317849603,0.001707299087698911,-0.001046415671516161,0.003841422947322549
22.45697995539774,-0.0004486454427301663,0.001662555289560713,-0.001009452246142874,0.003740749401511604
22.66498079273694,-0.0004327906479358669,0.001618952682715319,-0.0009737789578557005,0.003642643536109467
22.87490817355703,-0.0004174895925569374,0.001576463528513928,-0.0009393515832531093,0.003547042939156338
23.08677994187169,-0.0004027232770489799,0.00153506070313153,-0.0009061273733602047,0.003453886582045943
23.30061410696925,-0.0003884733362597515,0.001494717686544399,-0.0008740650065844409,0.003363114794724897
23.51642884494349,-0.0003747220191402174,0.001455408551586095,-0.0008431245430654892,0.003274669241068714
23.73424250023868,-0.0003614521690592648,0.001417107953087825,-0.0008132673803833457,0.003188492894447606
23.95407358720878,-0.0003486472047064022,0.001379791117108543,-0.000784456210589405,0.003104530013494221
24.1759407916913,-0.0003362911015670397,0.001343433830259787,-0.0007566549785258393,0.003022726118084521
24.3998629725955,-0.0003243683739552652,0.001308012429129908,-0.0007298288413993466,0.002943027965542294
24.62585916350547,-0.0003128640575893058,0.00127350378981197,-0.0007039441295759382,0.002865383527076933
24.853948574298,-0.0003017636926951557,0.001239885317539225,-0.0006789683085641002,0.002789741964463257
25.0841505927754,-0.000291053307624162,0.001207134936431832,-0.0006548699421543646,0.002716053606971622
25.31648478631354,-0.0002807194029706261,0.001175231079358058,-0.0006316186566839087,0.002644269928555631
25.55097090352507,-0.0002707489361757915,0.001144152677913012,-0.0006091851063955308,0.002574343525304276
25.78762887593801,-0.0002611293066048657,0.001113879152517597,-0.0005875409398609479,0.002506228093164594
26.02647881969006,-0.0002518483410840065,0.001084390402640127,-0.0005666587674390145,0.002439878405940286
26.26754103723837,-0.0002428942798845098,0.001055666797142811,-0.000546512129740147,0.002375250293571326
26.51083601908539,-0.0002342557631416873,0.001027689164755011,-0.0005270754670687964,0.002312300620698774
26.75638444552045,-0.0002259218176962392,0.001000438784675013,-0.0005083240898165382,0.002250987265518779
27.00420718837773,-0.000217881844346169,0.0009738973773017522,-0.0004902341497788804,0.002191269098928942
27.25432531281029,-0.0002101256054975936,0.0009480470950977863,-0.0004727826123695855,0.002133105963970019
27.50676007908066,-0.0002026432132030547,0.0009228705135845722,-0.0004559472297068731,0.002076458655565288
27.76153294436801,-0.0001954251175762101,0.0008983506224709027,-0.0004397065145464728,0.002021288900559531
28.01866556459195,-0.0001884620955720591,0.0008744708169152313,-0.000424039715037133,0.00196755933805927
28.27817979625341,-0.0001817452401220996,0.0008512148889223595,-0.000408926790274724,0.001915233500075309
28.54009769829239,-0.0001752659496140943,0.0008285670188748832,-0.0003943483866317121,0.001864275792468487
28.80444153396297,-0.0001690159177063613,0.0008065117671995808,-0.000380285814839313,0.001814651476199057
29.07123377272578,-0.0001629871234667608,0.0007850340661687988,-0.0003667210278002118,0.001766326648879797
29.34049709215787,-0.0001571718218268013,0.0007641192118367757,-0.000353636599110303,0.001719268226632745
29.61225437988034,-0.0001515625343415235,0.0007437528561106734,-0.0003410157022684278,0.001673443926249015
29.88652873550384,-0.0001461520402460647,0.0007239209989560087,-0.0003288420905536457,0.00162882224765102
30.16334347259196,-0.0001409333678000414,0.0007046099807360375,-0.000317100077550093,0.001585372456656085
30.44272212064303,-0.0001358997859111094,0.0006858064746845298,-0.0003057745182999961,0.001543064568040192
30.72468842709004,-0.0001310447960293041,0.0006674974795113131,-0.0002948507910659343,0.001501869328900454
31.00926635931927,-0.0001263621243039677,0.000649670312139819,-0.0002843147796839273,0.001461758202314593
31.29648010670752,-0.0001218457139952994,0.0006323126005758194,-0.0002741528564894238,0.001422703351295594
31.58635408267817,-0.0001174897181327783,0.0006154122769064424,-0.0002643518657987512,0.001384677623039496
31.87891292677646,-0.0001132884924129069,0.0005989575704284664,-0.0002548991079290404,0.001347654533464049
32.17418150676372,-0.0001092365883289472,0.0005829370009048666,-0.0002457823237401312,0.00131160825203595
32.47218492073129,-0.0001053287465255015,0.000567339371948462,-0.0002369896796823784,0.001276513586884039
32.77294849923383,-0.0001015598903710046,0.0005521537645315078,-0.0002285097533347605,0.001242345970195893
33.07649780744241,-9.792511974137531e-05,0.0005373695306199902,-0.0002203315194180945,0.001209081443894978
33.38285864731761,-9.441970500826615e-05,0.0005229762869313297,-0.0002124443362685989,0.001176696645595492
33.69205705980267,-9.103908122553993e-05,0.0005089639088141796,-0.0002048379327574648,0.001145168794831904
34.00411932703706,-8.777884250777103e-05,0.0004953225242489263,-0.0001975023956424848,0.001114475679560084
34.31907197459044,-8.463473659475721e-05,0.0004820425079674962,-0.0001904281573382037,0.001084595642926867
34.63694177371733,-8.160265959619065e-05,0.0004691144756910175,-0.000183605984091429,0.001055507570304789
34.95775574363275,-7.867865091080747e-05,0.0004565292784838501,-0.0001770269645493168,0.001027190876588663
35.28154115380883,-7.585888831450242e-05,0.0004442779972224985,-0.0001706824987076305,0.0009996254937506216
35.60832552629278,-7.313968321204882e-05,0.0004323519371778594,-0.0001645642872271098,0.0009727918586501837
35.93813663804627,-7.051747604722607e-05,0.0004207426227092683,-0.0001586643211062586,0.0009466709010958536
36.27100252330646,-6.798883186630579e-05,0.0004094417920687699,-0.000152974871699188,0.0009212440321547322
36.60695147596903,-6.555043602999607e-05,0.0003984413923140263,-0.0001474884810674911,0.0008964931327065592
36.94601205199302,-6.319909006909113e-05,0.0003877335743282746,-0.0001421979526554551,0.0008724005422386179
37.28821307182836,-6.093170767921012e-05,0.0003773106879457111,-0.0001370963422782228,0.0008489490478778501
37.63358362286534,-5.87453108501524e-05,0.0003671652771807078,-0.0001321769494128429,0.0008261218736565925
37.98215306190734,-5.663702612552275e-05,0.0003572900755592118,-0.0001274333087824262,0.0008039026700082265
38.33395101766602,-5.460408098841913e-05,0.0003476780015507263,-0.0001228591822239431,0.000782275503489134
38.68900739327975,-5.264380036909635e-05,0.0003383221540992309,-0.0001184485508304668,0.0007612248467232696
39.04735236885562,-5.075360327064362e-05,0.0003292158082514094,-0.0001141956073589482,0.0007407355685656711
39.4090164040345,-4.893099950883948e-05,0.000320352410880573,-0.0001100947488948888,0.0007207929244812891
39.77403024058034,-4.717358656245616e-05,0.0003117255765046341,-0.0001061405697655264,0.0007013825471354268
40.14242490499322,-4.547904653040838e-05,0.0003033290831965282,-0.0001023278546934188,0.0006824904371921885
40.51423171114647,-4.384514319224634e-05,0.0002951568685854603,-9.865157218255425e-05,0.0006641029543172858
40.88948226294863,-4.226971916860213e-05,0.0002872030259473662,-9.510686812935479e-05,0.000646206808381574
41.26820845702954,-4.07506931783067e-05,0.0002794618003830021,-9.168905965119008e-05,0.0006287890508617547
41.65044248545183,-3.928605738899077e-05,0.0002719275850820568,-8.839362912522923e-05,0.0006118370664346278
42.03621683844714,-3.787387485808848e-05,0.0002645949176717232,-8.521621843069908e-05,0.0005953385647613771
42.42556430717777,-3.651227706125461e-05,0.0002574584766481544,-8.215262338782287e-05,0.0005792815724583475
42.81851798652414,-3.519946150530032e-05,0.0002505130778892472,-7.919878838692574e-05,0.0005636544252508064
43.21511127789764,-3.393368942284669e-05,0.0002437536712472218,-7.635080120140507e-05,0.000548445760306249
43.61537789208003,-3.271328354597864e-05,0.0002371753372194596,-7.360488797845195e-05,0.0005336445087437842
44.01935185208875,-3.153662595627214e-05,0.0002307732836960962,-7.095740840161232e-05,0.0005192398883162165
44.42706749606883,-3.040215600864848e-05,0.0002245428427828687,-6.840485101945908e-05,0.0005052213962614547
44.83855948021188,-2.930836832659027e-05,0.0002184794676977349,-6.594382873482812e-05,0.0004915788023199036
45.25386278170169,-2.825381086633437e-05,0.0002125787297398066,-6.357107444925232e-05,0.0004783021419145648
45.67301270168745,-2.723708304773062e-05,0.0002068363153291443,-6.128343685739389e-05,0.0004653817094905748
46.09604486828434,-2.625683394953134e-05,0.0002012480231159889,-5.907787638644552e-05,0.0004528080520109751
46.52299523960189,-2.531176056694745e-05,0.0001958097611580167,-5.695146127563177e-05,0.0004405719626055377
46.9539001068006,-2.440060612937622e-05,0.0001905175441642251,-5.490136379109649e-05,0.0004286644743695064
47.38879609717654,-2.352215847627484e-05,0.0001853674908040771,-5.292485657161839e-05,0.0004170768543091735
47.82772017727486,-2.267524848921765e-05,0.0001803558210805462,-5.10193091007397e-05,0.000405800597431229
48.27070965603183,-2.185874857824034e-05,0.0001754788537657298,-4.918218430104076e-05,0.0003948274209728921
48.71780218794631,-2.10715712206341e-05,0.0001707330038977093,-4.741103524642673e-05,0.0003841492587698459
49.16903577628029,-2.031266755041456e-05,0.0001661147803373652,-4.570350198843275e-05,0.0003737582557590717
49.62444877628916,-1.958102599674675e-05,0.0001616207833838674,-4.405730849268018e-05,0.0003636467626137017
50.08407989848212,-1.887567096966373e-05,0.0001572477024475802,-4.24702596817434e-05,0.0003538073305070555
50.5479682119124,-1.81956615914724e-05,0.0001529923137791507,-4.094023858081291e-05,0.0003442327060030891
51.01615314749834,-1.754009047229029e-05,0.000148851478253556,-3.946520356265315e-05,0.000334915826070501
51.48867450137495,-1.690808252821085e-05,0.0001448221392079153,-3.80431856884744e-05,0.0003258498132178095
51.9655724382766,-1.62987938406426e-05,0.000140901320331889,-3.667228614144586e-05,0.0003170279707467502
52.44688749495119,-1.571141055541594e-05,0.0001370861236095019,-3.535067374968586e-05,0.0003084437781213793
52.93266058360561,-1.514514782029848e-05,0.0001333737273112598,-3.407658259567159e-05,0.0003000908864503346
53.42293299538352,-1.459924875960394e-05,0.000129761384035433,-3.284830970910888e-05,0.0002919631140797244
53.91774640387503,-1.407298348462403e-05,0.0001262464187974143,-3.166421284040407e-05,0.0002840544422941822
54.4171428686589,-1.356564813865473e-05,0.0001228262271660695,-3.052270831197314e-05,0.0002763590111236563
54.92116483887789,-1.307656397542869e-05,0.000119498273446019,-2.942226894471455e-05,0.0002688711152535427
55.42985515684669,-1.260507646980671e-05,0.0001162600889048162,-2.836142205706509e-05,0.0002615852000358364
55.94325706169378,-1.215055445961747e-05,0.0001131092700439945,-2.73387475341393e-05,0.0002544958575989876
56.4614141930367,-1.171238931757375e-05,0.000110043476912987,-2.635287596454094e-05,0.0002475978230542207
56.98437059469139,-1.128999415222827e-05,0.0001070604314649335,-2.540248684251361e-05,0.0002408859707961005
57.51217071841614,-1.088280303696702e-05,0.0001041579159534105,-2.448630683317579e-05,0.0002343553108951736
58.04485942768978,-1.049027026607259e-05,0.0001013337713691407,-2.360310809866333e-05,0.0002280009855805665
58.58248200152536,-1.011186963692127e-05,9.858589591575281e-05,-2.275170668307284e-05,0.0002218182658104438
59.12508413831878,-9.747093757410391e-06,9.591224352368552e-05,-2.193096095417338e-05,0.0002158025479282924
59.67271195973314,-9.395453377742403e-06,9.33108224013436e-05,-2.113977009992041e-05,0.0002099493504030231
60.22541201461928,-9.056476745721235e-06,9.077969362263207e-05,-2.037707267787278e-05,0.0002042543106509222
60.7832312829723,-8.729708984746405e-06,8.831696975001756e-05,-1.964184521567941e-05,0.0001987131819375395
61.34621717992506,-8.414711493716273e-06,8.592081349227374e-05,-1.893310086086161e-05,0.0001933218303576159
61.91441755977844,-8.111061368080089e-06,8.35894363960948e-05,-1.82498880781802e-05,0.0001880762318912133
62.48788072006891,-7.818350841303392e-06,8.132109757077144e-05,-1.759128939293263e-05,0.0001829724695342357
63.06665540567406,-7.536186746036516e-06,7.911410244514136e-05,-1.695642017858216e-05,0.0001780067305015681
63.65079081295571,-7.264189994300693e-06,7.696680155604746e-05,-1.634442748717656e-05,0.0001731753035011068
64.2403365939419,-7.001995076028667e-06,7.487758936754513e-05,-1.57544889210645e-05,0.0001684745760769765
64.83534286054724,-6.749249575320332e-06,7.28449031201244e-05,-1.518581154447075e-05,0.0001639010320202799
65.43586018883232,-6.505613703795179e-06,7.086722170922297e-05,-1.463763083353915e-05,0.0001594512488457517
66.04193962330305,-6.270759850444458e-06,6.894306459232188e-05,-1.410920966350003e-05,0.0001551218953327242
66.65363268124914,-6.044372147407066e-06,6.707099072393599e-05,-1.35998373316659e-05,0.000150909729128856
67.27099135712341,-5.826146051111925e-06,6.524959751781847e-05,-1.310882861500183e-05,0.0001468115944150915
67.89406812696109,-5.61578793824979e-06,6.347751983572147e-05,-1.263552286106203e-05,0.0001428244196303733
68.52291595284061,-5.413014716054917e-06,6.175342900206227e-05,-1.217928311112356e-05,0.0001389452152546401
69.15758828738525,-5.217553446395753e-06,6.007603184386516e-05,-1.173949525439044e-05,0.0001351710716486966
69.7981390783066,-5.029140983190416e-06,5.844406975535828e-05,-1.131556721217843e-05,0.0001314991569495561
70.4446227729904,-4.847523622679657e-06,5.685631778662042e-05,-1.090692815102923e-05,0.0001279267150198959
71.09709432312435,-4.672456766106291e-06,5.531158375568753e-05,-1.051302772373915e-05,0.0001244510634502969
71.75560918936925,-4.503704594365308e-06,5.380870738353964e-05,-1.013333533732194e-05,0.0001210695916129642
72.42022334607316,-4.341039754204206e-06,5.234655945140353e-05,-9.767339446959463e-06,0.0001177797587656579
73.0909932860291,-4.184243055567548e-06,5.092404097981907e-05,-9.414546875026985e-06,0.0001145790922045929
73.76797602527735,-4.033103179693677e-06,4.954008242892874e-05,-9.074482154310773e-06,0.0001114651854650897
74.45122910795139,-3.887416397585443e-06,4.819364291946485e-05,-8.746686894567248e-06,0.0001084356965687959
75.14081061116966,-3.746986298489418e-06,4.688370947391656e-05,-8.43071917160119e-06,0.0001054883463163123
75.8367791499719,-3.611623528031259e-06,4.560929627737613e-05,-8.126152938070333e-06,0.0001026209166240963
76.53919388230148,-3.481145535666801e-06,4.436944395757126e-05,-7.832577455250301e-06,9.983124890453534e-05
77.24811451403404,-3.355376331120329e-06,4.316321888360316e-05,-7.54959674502074e-06,9.711724248810712e-05
77.96360130405233,-3.234146249493109e-06,4.198971248292268e-05,-7.276829061359495e-06,9.447685308657604e-05
78.68571506936847,-3.117291724735977e-06,4.084804057608473e-05,-7.013906380655948e-06,9.190809129619065e-05
79.4145171902934,-3.004655071190779e-06,3.973734272883532e-05,-6.760473910179254e-06,8.940902113987948e-05
80.15006961565405,-2.896084272915516e-06,3.865678162109385e-05,-6.516189614059912e-06,8.697775864746117e-05
80.89243486805942,-2.79143278051802e-06,3.760554243240352e-05,-6.280723756165546e-06,8.461247047290793e-05
81.64167604921468,-2.690559315232816e-06,3.658283224343551e-05,-6.053758459273836e-06,8.231137254772991e-05
82.39785684528515,-2.593327679984713e-06,3.558787945313819e-05,-5.834987279965606e-06,8.007272876956094e-05
83.16104153230961,-2.499606577192032e-06,3.461993321113665e-05,-5.624114798682073e-06,7.789484972505747e-05
83.93129498166364,-2.409269433070761e-06,3.367826286499468e-05,-5.420856224409213e-06,7.577609144623802e-05
84.70868266557407,-2.322194228209315e-06,3.276215742196053e-05,-5.224937013470959e-06,7.37148541994112e-05
85.4932706626838,-2.238263334191833e-06,3.187092502482945e-05,-5.036092501931625e-06,7.170958130586628e-05
86.28512566366895,-2.157363356055409e-06,3.100389244156089e-05,-4.85406755112467e-06,6.9758757993512e-05
87.08431497690724,-2.079384980374558e-06,3.016040456830153e-05,-4.678616205842757e-06,6.786091027867843e-05
87.89090653419954,-2.004222828773099e-06,2.933982394546933e-05,-4.509501364739473e-06,6.601460387730598e-05
88.70496889654407,-1.93177531667095e-06,2.854153028656591e-05,-4.346494462509637e-06,6.421844314477329e-05
89.52657125996396,-1.861944517079933e-06,2.776492001939017e-05,-4.18937516342985e-06,6.247107004362787e-05
90.35578346138929,-1.794636029269231e-06,2.700940583933498e-05,-4.037931065855769e-06,6.07711631385037e-05
91.19267598459298,-1.729758852127558e-06,2.627441627445723e-05,-3.891957417287006e-06,5.911743661752878e-05
92.03731996618221,-1.667225262055027e-06,2.555939526201741e-05,-3.751256839623812e-06,5.750863933953918e-05
92.88978720164502,-1.606950695223729e-06,2.486380173619422e-05,-3.615639064253389e-06,5.5943553906437e-05
93.75015015145284,-1.548853634051612e-06,2.418710922668579e-05,-3.484920676616127e-06,5.442099576004301e-05
94.61848194722002,-1.49285549773977e-06,2.352880546791633e-05,-3.358924869914483e-06,5.293981230281174e-05
95.49485639791966,-1.438880536728538e-06,2.288839201857496e-05,-3.237481207639211e-06,5.149888204179366e-05
96.37934799615786,-1.386855730932844e-06,2.226538389121839e-05,-3.120425394598899e-06,5.009711375524137e-05
97.27203192450543,-1.336710691622288e-06,2.165930919167802e-05,-3.007599056150147e-06,4.873344568127554e-05
98.17298406188836,-1.288377566816072e-06,2.106970876801679e-05,-2.898849525336161e-06,4.740684472803778e-05
99.08228099003797,-1.241790950067533e-06,2.049613586878782e-05,-2.794029637651949e-06,4.611630570477259e-05
100,-1.196887792517506e-06,1.993815581035413e-05,-2.692997533164389e-06,4.486085057329679e-05
