0.05,-1,0,1,0
0.05795795795795796,-1,0,1,0
0.06591591591591592,-1,0,1,0
0.07387387387387387,-1,0,1,0
0.08183183183183183,-1,0,1,0
0.0897897897897898,-1,0,1,0
0.09774774774774775,-1,0,1,0
0.1057057057057057,-1,0,1,0
0.1136636636636637,-1,0,1,0
0.1216216216216216,-1,0,1,0
0.1295795795795796,-1,0,1,0
0.1375375375375375,-1,0,1,0
0.1454954954954955,-1,0,1,0
0.1534534534534535,-1,0,1,0
0.1614114114114114,-1,0,1,0
0.1693693693693694,-1,0,1,0
0.1773273273273273,-1,0,1,0
0.1852852852852853,-1,0,1,0
0.1932432432432432,-1,0,1,0
0.2012012012012012,-1,0,1,0
0.2091591591591592,-1,0,1,0
0.2171171171171171,-1,0,1,0
0.2250750750750751,-1,0,1,0
0.233033033033033,-1,0,1,0
0.240990990990991,-1,0,1,0
0.248948948948949,-1,0,1,0
0.2569069069069069,-1,0,1,0
0.2648648648648649,-1,0,1,0
0.2728228228228228,-1,0,1,0
0.2807807807807808,-1,0,1,0
0.2887387387387387,-1,0,1,0
0.2966966966966967,-1,0,1,0
0.3046546546546546,-1,0,1,0
0.3126126126126126,-1,0,1,0
0.3205705705705706,-1,0,1,0
0.3285285285285285,-1,0,1,0
0.3364864864864865,-1,0,1,0
0.3444444444444444,-1,0,1,0
0.3524024024024024,-1,0,1,0
0.3603603603603603,-1,0,1,0
0.3683183183183183,-1,0,1,0
0.3762762762762762,-1,0,1,0
0.3842342342342342,-1,0,1,0
0.3921921921921922,-1,0,1,0
0.4001501501501502,-1,0,1,0
0.4081081081081081,-1,0,1,0
0.4160660660660661,-1,0,1,0
0.424024024024024,-1,0,1,0
0.431981981981982,-1,0,1,0
0.4399399399399399,-1,0,1,0
0.4478978978978979,-1,0,1,0
0.4558558558558559,-1,0,1,0
0.4638138138138138,-1,0,1,0
0.4717717717717718,-1,0,1,0
0.4797297297297297,-1,0,1,0
0.4876876876876877,-1,0,1,0
0.4956456456456456,-1,0,1,0
0.5036036036036036,-1,0,1,0
0.5115615615615615,-1,0,1,0
0.5195195195195195,-1,0,1,0
0.5274774774774774,-1,0,1,0
0.5354354354354354,-1,0,1,0
0.5433933933933934,-1,0,1,0
0.5513513513513514,-1,0,1,0
0.5593093093093093,-1,0,1,0
0.5672672672672673,-1,0,1,0
0.5752252252252252,-1,0,1,0
0.5831831831831832,-1,0,1,0
0.5911411411411411,-1,0,1,0
0.5990990990990991,-1,0,1,0
0.607057057057057,-1,0,1,0
0.615015015015015,-1,0,1,0
0.6229729729729729,-1,0,1,0
0.6309309309309309,-1,0,1,0
0.6388888888888888,-1,0,1,0
0.6468468468468468,-1,0,1,0
0.6548048048048047,-1,0,1,0
0.6627627627627627,-1,0,1,0
0.6707207207207206,-1,0,1,0
0.6786786786786787,-1,0,1,0
0.6866366366366367,-1,0,1,0
0.6945945945945946,-1,0,1,0
0.7025525525525526,-1,0,1,0
0.7105105105105105,-1,0,1,0
0.7184684684684685,-1,0,1,0
0.7264264264264264,-1,0,1,0
0.7343843843843844,-1,0,1,0
0.7423423423423423,-1,0,1,0
0.7503003003003003,-1,0,1,0
0.7582582582582582,-1,0,1,0
0.7662162162162162,-1,0,1,0
0.7741741741741741,-1,0,1,0
0.7821321321321321,-1,0,1,0
0.79009009009009,-1,0,1,0
0.7980480480480481,-1,0,1,0
0.806006006006006,-1,0,1,0
0.813963963963964,-1,0,1,0
0.8219219219219219,-1,0,1,0
0.8298798798798799,-1,0,1,0
0.8378378378378378,-1,0,1,0
0.8457957957957958,-1,0,1,0
0.8537537537537537,-1,0,1,0
0.8617117117117117,-1,0,1,0
0.8696696696696696,-1,0,1,0
0.8776276276276276,-1,0,1,0
0.8855855855855855,-1,0,1,0
0.8935435435435435,-1,0,1,0
0.9015015015015014,-1,0,1,0
0.9094594594594594,-1,0,1,0
0.9174174174174173,-1,0,1,0
0.9253753753753753,-1,0,1,0
0.9333333333333333,-1,0,1,0
0.9412912912912913,-1,0,1,0
0.9492492492492492,-1,0,1,0
0.9572072072072072,-1,0,1,0
0.9651651651651652,-1,0,1,0
0.9731231231231231,-1,0,1,0
0.9810810810810811,-1,0,1,0
0.989039039039039,-1,0,1,0
0.996996996996997,-1,0,1,0
1.004954954954955,-1.000415463112329,0,0.9995847094255851,0
1.012912912912913,-1.001727545216665,0,0.998275434048994,0
1.020870870870871,-1.003510541577799,0,0.9965017392121462,0
1.028828828828829,-1.005638553681878,0,0.9943930613427318,0
1.036786786786787,-1.008044371290783,0,0.9920198242062676,0
1.044744744744745,-1.010684081515982,0,0.9894288613906369,0
1.052702702702703,-1.013526049279736,0,0.9866544631099037,0
1.060660660660661,-1.016546105340068,0,0.9837232121070076,0
1.068618618618619,-1.019725041554057,0,0.9806565095979241,0
1.076576576576576,-1.023047153341301,0,0.9774720517367859,0
1.084534534534535,-1.026499322778748,0,0.9741847635057234,0
1.092492492492492,-1.030070407466742,0,0.9708074251538837,0
1.10045045045045,-1.033750814588234,0,0.9673511119779115,0
1.108408408408408,-1.037532193289583,0,0.9638255144926308,0
1.116366366366366,-1.041407205975904,0,0.9602391785477405,0
1.124324324324324,-1.045369354129726,0,0.9565996899081701,0
1.132282282282282,-1.04941284293015,0,0.95291381912939,0
1.14024024024024,-1.053532474185089,0,0.9491876373089525,0
1.148198198198198,-1.057723560374219,0,0.9454266099983664,0
1.156156156156156,-1.061981854730103,0,0.9416356744194507,0
1.164114114114114,-1.066303493705565,0,0.9378193037001593,0
1.172072072072072,-1.070684949146716,0,0.9339815608662018,0
1.18003003003003,-1.075122988170031,0,0.9301261446396027,0
1.187987987987988,-1.079614639225698,0,0.926256428606046,0
1.195945945945946,-1.084157163180485,0,0.9223754949572059,0
1.203903903903904,-1.088748028511898,0,0.9184861637515898,0
1.211861861861862,-1.093384889898716,0,0.9145910184405722,0
1.21981981981982,-1.098065569639267,0,0.9106924282568266,0
1.227777777777778,-1.102788041440946,0,0.9067925679474731,0
1.235735735735736,-1.107550416211282,0,0.9028934352449697,0
1.243693693693694,-1.112350929548786,0,0.8989968663986646,0
1.251651651651652,-1.117187930685449,0,0.895104550034345,0
1.25960960960961,-1.122059872675441,0,0.8912180395646792,0
1.267567567567567,-1.126965303658849,0,0.8873387643376081,0
1.275525525525526,-1.13190285905701,0,0.8834680396806325,0
1.283483483483483,-1.136871254578541,0,0.8796070759751228,0
1.291441441441441,-1.141869279933666,0,0.875756986875146,0
1.299399399399399,-1.14689579316968,0,0.8719187967690565,0
1.307357357357357,-1.151949715553026,0,0.8680934475685184,0
1.315315315315315,-1.15703002693398,0,0.8642818048982748,0
1.323273273273273,-1.162135761538787,0,0.8604846637503842,0
1.331231231231231,-1.167266004141471,0,0.8567027536585406,0
1.339189189189189,-1.172419886573872,0,0.8529367434411833,0
1.347147147147147,-1.177596584537742,0,0.8491872455562051,0
1.355105105105105,-1.182795314687311,0,0.8454548201050025,0
1.363063063063063,-1.188015331954589,0,0.8417399785192539,0
1.371021021021021,-1.193255927093041,0,0.8380431869600323,0
1.378978978978979,-1.198516424418111,0,0.8343648694555923,0
1.386936936936937,-1.203796179725586,0,0.8307054108013178,0
1.394894894894895,-1.209094578370942,0,0.8270651592428255,0
1.402852852852853,-1.214411033494663,0,0.8234444289610409,0
1.410810810810811,-1.219744984380209,0,0.8198435023761393,0
1.418768768768769,-1.22509589493269,0,0.8162626322855669,0
1.426726726726727,-1.230463252267591,0,0.812702043849846,0
1.434684684684685,-1.235846565399985,0,0.8091619364385637,0
1.442642642642643,-1.241245364025641,0,0.8056424853477582,0
1.4506006006006,-1.2466591973863,0,0.8021438433988722,0
1.458558558558559,-1.25208763321215,0,0.7986661424285169,0
1.466516516516516,-1.257530256735199,0,0.7952094946774485,0
1.474474474474474,-1.262986669767856,0,0.7917739940864185,0
1.482432432432432,-1.26845648984156,0,0.7883597175058858,0
1.49039039039039,-1.273939349400771,0,0.7849667258259783,0
1.498348348348348,-1.279434895048065,0,0.7815950650325455,0
1.506306306306306,-1.284942786836461,0,0.7782447671946607,0
1.514264264264264,-1.290462697605448,0,0.7749158513884798,0
1.522222222222222,-1.295994312357481,0,0.7716083245619715,0
1.53018018018018,-1.301537327672009,0,0.7683221823446642,0
1.538138138138138,-1.307091451154331,0,0.765057409806231,0
1.546096096096096,-1.312656400916814,0,0.7618139821674264,0
1.554054054054054,-1.318231905090203,0,0.758591865466625,0
1.562012012012012,-1.323817701362938,0,0.7553910171849559,0
1.56996996996997,-1.329413536546576,0,0.7522113868328022,0
1.577927927927928,-1.33501916616554,0,0.7490529165002279,0
1.585885885885886,-1.340634354069584,0,0.745915541373704,0
1.593843843843844,-1.346258872067474,0,0.7427991902213297,0
1.601801801801802,-1.351892499580486,0,0.7397037858485906,0
1.60975975975976,-1.357535023314484,0,0.7366292455265383,0
1.617717717717718,-1.363186236949337,0,0.7335754813941576,0
1.625675675675676,-1.368845940844637,0,0.7305424008365446,0
1.633633633633634,-1.374513941760668,0,0.7275299068404217,0
1.641591591591592,-1.380190052593696,0,0.7245378983283997,0
1.64954954954955,-1.385874092124705,0,0.7215662704733041,0
1.657507507507507,-1.391565884780775,0,0.7186149149937936,0
1.665465465465465,-1.39726526040833,0,0.7156837204324147,0
1.673423423423423,-1.402972054057567,0,0.7127725724171606,0
1.681381381381381,-1.408686105777418,0,0.7098813539075303,0
1.689339339339339,-1.414407260420406,0,0.7070099454260217,0
1.697297297297297,-1.420135367456859,0,0.7041582252759282,0
1.705255255255255,-1.425870280797936,0,0.7013260697462514,0
1.713213213213213,-1.431611858626961,0,0.6985133533044954,0
1.721171171171171,-1.437359963238624,0,0.695719948778053,0
1.729129129129129,-1.443114460885587,0,0.6929457275248537,0
1.737087087087087,-1.448875221632109,0,0.690190559593899,0
1.745045045045045,-1.454642119214313,0,0.6874543138762707,0
1.753003003003003,-1.460415030906713,0,0.6847368582471659,0
1.760960960960961,-1.466193837394695,0,0.6820380596994715,0
1.768918918918919,-1.471978422652625,0,0.6793577844693665,0
1.776876876876877,-1.477768673827289,0,0.6766958981544041,0
1.784834834834835,-1.483564481126392,0,0.6740522658245047,0
1.792792792792793,-1.489365737711853,0,0.6714267521262596,0
1.800750750750751,-1.495172339597659,0,0.6688192213809235,0
1.808708708708709,-1.500984185552033,0,0.666229537676454,0
1.816666666666667,-1.506801177003717,0,0.6636575649539282,0
1.824624624624624,-1.512623217952151,0,0.6611031670886551,0
1.832582582582583,-1.518450214881364,0,0.658566207966278,0
1.84054054054054,-1.524282076677399,0,0.6560465515541459,0
1.848498498498498,-1.530118714549083,0,0.6535440619682206,0
1.856456456456456,-1.535960041952005,0,0.6510586035357603,0
1.864414414414414,-1.541805974515529,0,0.6485900408540204,0
1.872372372372372,-1.547656429972714,0,0.6461382388451877,0
1.88033033033033,-1.553511328092986,0,0.6437030628077564,0
1.888288288288288,-1.559370590617452,0,0.6412843784645428,0
1.896246246246246,-1.565234141196731,0,0.6388820520075228,0
1.904204204204204,-1.571101905331161,0,0.6364959501396678,0
1.912162162162162,-1.576973810313321,0,0.6341259401139421,0
1.92012012012012,-1.582849785172713,0,0.6317718897696188,0
1.928078078078078,-1.588729760622545,0,0.6294336675660617,0
1.936036036036036,-1.594613669008502,0,0.6271111426141101,0
1.943993993993994,-1.600501444259415,0,0.6248041847052005,0
1.951951951951952,-1.606393021839765,0,0.6225126643383467,0
1.95990990990991,-1.612288338703914,0,0.6202364527450965,0
1.967867867867868,-1.61818733325201,0,0.6179754219125777,0
1.975825825825826,-1.624089945287489,0,0.615729444604735,0
1.983783783783784,-1.62999611597609,0,0.6134983943818606,0
1.991741741741742,-1.635905787806345,0,0.6112821456185092,0
1.9996996996997,-1.641818904551464,0,0.6090805735198879,0
2.007657657657658,-1.647735411232561,0,0.6068935541368056,0
2.015615615615616,-1.65365525408316,0,0.6047209643792606,0
2.023573573573573,-1.659578380514946,0,0.602562682028741,0
2.031531531531531,-1.665504739084683,0,0.6004185857493106,0
2.039489489489489,-1.67143427946228,0,0.5982885550975487,0
2.047447447447448,-1.677366952399931,0,0.5961724705314047,0
2.055405405405405,-1.683302709702311,0,0.5940702134180301,0
2.063363363363363,-1.689241504197762,0,0.5919816660406471,0
2.071321321321321,-1.695183289710457,0,0.5899067116045035,0
2.079279279279279,-1.701128021033471,0,0.5878452342419703,0
2.087237237237237,-1.707075653902753,0,0.5857971190168276,0
2.095195195195195,-1.71302614497195,0,0.5837622519277863,0
2.103153153153153,-1.71897945178804,0,0.5817405199112907,0
2.111111111111111,-1.724935532767773,0,0.5797318108436399,0
2.119069069069069,-1.730894347174854,0,0.5777360135424721,0
2.127027027027027,-1.736855855097865,0,0.5757530177676454,0
2.134984984984985,-1.742820017428885,0,0.5737827142215529,0
2.142942942942943,-1.748786795842792,0,0.5718249945489041,0
2.150900900900901,-1.754756152777206,0,0.5698797513360057,0
2.158858858858859,-1.760728051413068,0,0.5679468781095709,0
2.166816816816817,-1.766702455655818,0,0.5660262693350873,0
2.174774774774775,-1.772679330117155,0,0.5641178204147678,0
2.182732732732733,-1.778658640097355,0,0.5622214276851148,0
2.19069069069069,-1.784640351568135,0,0.5603369884141171,0
2.198648648648649,-1.790624431156031,0,0.5584644007981048,0
2.206606606606607,-1.796610846126278,0,0.556603563958287,0
2.214564564564565,-1.802599564367181,0,0.5547543779369873,0
2.222522522522522,-1.808590554374943,0,0.552916743693602,0
2.23048048048048,-1.814583785238952,0,0.5510905631002957,0
2.238438438438438,-1.820579226627493,0,0.5492757389374567,0
2.246396396396396,-1.826576848773893,0,0.5474721748889237,0
2.254354354354354,-1.832576622463053,0,0.5456797755370042,0
2.262312312312312,-1.838578519018388,0,0.5438984463572963,0
2.27027027027027,-1.844582510289134,0,0.5421280937133317,0
2.278228228228228,-1.850588568638021,0,0.5403686248510496,0
2.286186186186186,-1.856596666929305,0,0.5386199478931186,0
2.294144144144144,-1.862606778517128,0,0.536881971833114,0
2.302102102102102,-1.868618877234222,0,0.5351546065295664,0
2.31006006006006,-1.874632937380915,0,0.5334377626998911,0
2.318018018018018,-1.880648933714459,0,0.5317313519142064,0
2.325975975975976,-1.886666841438647,0,0.5300352865890549,0
2.333933933933934,-1.892686636193717,0,0.5283494799810325,0
2.341891891891892,-1.898708294046539,0,0.5266738461803385,0
2.34984984984985,-1.904731791481069,0,0.5250083001042506,0
2.357807807807808,-1.910757105389058,0,0.5233527574905369,0
2.365765765765766,-1.916784213061026,0,0.521707134890808,0
2.373723723723724,-1.922813092177463,0,0.5200713496638218,0
2.381681681681682,-1.928843720800282,0,0.5184453199687413,0
2.38963963963964,-1.934876077364491,0,0.5168289647583568,0
2.397597597597597,-1.940910140670084,0,0.5152222037722765,0
2.405555555555555,-1.946945889874164,0,0.5136249575300896,0
2.413513513513514,-1.952983304483248,0,0.5120371473245114,0
2.421471471471472,-1.959022364345795,0,0.5104586952145106,0
2.429429429429429,-1.965063049644917,0,0.5088895240184269,0
2.437387387387387,-1.971105340891286,0,0.5073295573070814,0
2.445345345345345,-1.977149218916219,0,0.5057787193968866,0
2.453303303303303,-1.983194664864945,0,0.5042369353429558,0
2.461261261261261,-1.989241660190038,0,0.5027041309322202,0
2.469219219219219,-1.995290186645029,0,0.5011802326765539,0
2.477177177177177,-2.001340226278166,0,0.4996651678059111,0
2.485135135135135,-2.007391761426341,0,0.498158864261481,0
2.493093093093093,-2.013444774709168,0,0.4966612506888575,0
2.501051051051051,-2.019499249023203,0,0.495172256431233,0
2.509009009009009,-2.025555167536317,0,0.4936918115226157,0
2.516966966966967,-2.031612513682204,0,0.4922198466810712,0
2.524924924924925,-2.037671271155018,0,0.4907562933019944,0
2.532882882882883,-2.043731423904157,0,0.4893010834514114,0
2.540840840840841,-2.049792956129159,0,0.4878541498593136,0
2.548798798798799,-2.055855852274729,0,0.4864154259130263,0
2.556756756756757,-2.06192009702589,0,0.4849848456506138,0
2.564714714714714,-2.067985675303242,0,0.4835623437543219,0
2.572672672672673,-2.074052572258344,0,0.4821478555440589,0
2.580630630630631,-2.080120773269198,0,0.4807413169709187,0
2.588588588588589,-2.086190263935848,0,0.4793426646107437,0
2.596546546546546,-2.092261030076076,0,0.4779518356577331,0
2.604504504504504,-2.098333057721208,0,0.4765687679180925,0
2.612462462462462,-2.104406333112011,0,0.4751933998037313,0
2.62042042042042,-2.110480842694685,0,0.4738256703260045,0
2.628378378378378,-2.11655657311696,0,0.4724655190895011,0
2.636336336336336,-2.122633511224269,0,0.4711128862858813,0
2.644294294294294,-2.128711644056018,0,0.4697677126877615,0
2.652252252252252,-2.134790958841942,0,0.4684299396426473,0
2.66021021021021,-2.140871442998534,0,0.4670995090669182,0
2.668168168168168,-2.146953084125574,0,0.4657763634398592,0
2.676126126126126,-2.153035870002718,0,0.4644604457977459,0
2.684084084084084,-2.159119788586176,0,0.463151699727978,0
2.692042042042042,-2.16520482800546,0,0.461850069363266,0
2.7,-2.171290976560204,0,0.4605554993758676,0
2.707957957957958,-2.177378222717062,0,0.4592679349718767,0
2.715915915915916,-2.183466555106664,0,0.4579873218855643,0
2.723873873873874,-2.189555962520649,0,0.4567136063737715,0
2.731831831831832,-2.195646433908757,0,0.4554467352103542,0
2.73978978978979,-2.201737958375992,0,0.4541866556806801,0
2.747747747747748,-2.207830525179835,0,0.4529333155761794,0
2.755705705705706,-2.213924123727535,0,0.4516866631889452,0
2.763663663663663,-2.220018743573442,0,0.4504466473063895,0
2.771621621621621,-2.226114374416404,0,0.4492132172059483,0
2.779579579579579,-2.23221100609723,0,0.4479863226498411,0
2.787537537537538,-2.238308628596186,0,0.4467659138798819,0
2.795495495495496,-2.244407232030564,0,0.445551941612342,0
2.803453453453453,-2.250506806652296,0,0.4443443570328647,0
2.811411411411411,-2.256607342845616,0,0.4431431117914315,0
2.819369369369369,-2.262708831124772,0,0.4419481579973811,0
2.827327327327327,-2.268811262131788,0,0.4407594482144779,0
2.835285285285285,-2.274914626634275,0,0.4395769354560329,0
2.843243243243243,-2.281018915523285,0,0.4384005731800744,0
2.851201201201201,-2.287124119811205,0,0.4372303152845709,0
2.859159159159159,-2.293230230629703,0,0.4360661161027028,0
2.867117117117117,-2.299337239227713,0,0.4349079303981845,0
2.875075075075075,-2.305445136969461,0,0.433755713360637,0
2.883033033033033,-2.311553915332528,0,0.4326094206010095,0
2.890990990990991,-2.317663565905961,0,0.4314690081470499,0
2.898948948948949,-2.323774080388415,0,0.4303344324388245,0
2.906906906906907,-2.329885450586335,0,0.4292056503242859,0
2.914864864864865,-2.335997668412176,0,0.4280826190548897,0
2.922822822822823,-2.342110725882653,0,0.4269652962812582,0
2.930780780780781,-2.348224615117041,0,0.425853640048892,0
2.938738738738738,-2.354339328335485,0,0.4247476087939282,0
2.946696696696697,-2.360454857857367,0,0.4236471613389465,0
2.954654654654655,-2.366571196099692,0,0.4225522568888203,0
2.962612612612613,-2.372688335575512,0,0.421462855026614,0
2.97057057057057,-2.378806268892372,0,0.4203789157095267,0
2.978528528528528,-2.384924988750799,0,0.4193003992648802,0
2.986486486486486,-2.391044487942814,0,0.4182272663861522,0
2.994444444444444,-2.397164759350467,0,0.4171594781290539,0
3.002402402402402,-2.403285795944415,0,0.4160969959076514,0
3.01036036036036,-2.409407590782513,0,0.4150397814905307,0
3.018318318318318,-2.415530137008442,0,0.4139877969970056,0
3.026276276276276,-2.421653427850357,0,0.4129410048933698,0
3.034234234234234,-2.427777456619565,0,0.4118993679891892,0
3.042192192192192,-2.433902216709225,0,0.4108628494336379,0
3.05015015015015,-2.440027701593079,0,0.4098314127118746,0
3.058108108108108,-2.446153904824196,0,0.4088050216414612,0
3.066066066066066,-2.452280820033746,0,0.4077836403688216,0
3.074024024024024,-2.458408440929805,0,0.4067672333657403,0
3.081981981981982,-2.464536761296169,0,0.4057557654259017,0
3.08993993993994,-2.470665774991192,0,0.4047492016614691,0
3.097897897897898,-2.476795475946655,0,0.403747507499702,0
3.105855855855856,-2.48292585816665,0,0.4027506486796118,0
3.113813813813814,-2.489056915726479,0,0.401758591248658,0
3.121771771771772,-2.495188642771587,0,0.4007713015594795,0
3.12972972972973,-2.501321033516499,0,0.3997887462666651,0
3.137687687687687,-2.50745408224379,0,0.3988108923235604,0
3.145645645645645,-2.513587783303064,0,0.397837706979112,0
3.153603603603603,-2.519722131109957,0,0.3968691577747472,0
3.161561561561562,-2.525857120145159,0,0.39590521254129,0
3.16951951951952,-2.531992744953444,0,0.394945839395913,0
3.177477477477477,-2.538129000142731,0,0.3939910067391237,0
3.185435435435435,-2.544265880383153,0,0.3930406832517855,0
3.193393393393393,-2.550403380406145,0,0.3920948378921739,0
3.201351351351351,-2.55654149500355,0,0.3911534398930659,0
3.209309309309309,-2.562680219026735,0,0.390216458758863,0
3.217267267267267,-2.568819547385732,0,0.3892838642627475,0
3.225225225225225,-2.574959475048385,0,0.3883556264438722,0
3.233183183183183,-2.581099997039519,0,0.3874317156045812,0
3.241141141141141,-2.587241108440114,0,0.3865121023076643,0
3.249099099099099,-2.593382804386512,0,0.3855967573736416,0
3.257057057057057,-2.599525080069613,0,0.384685651878081,0
3.265015015015015,-2.605667930734106,0,0.3837787571489455,0
3.272972972972973,-2.611811351677702,0,0.3828760447639713,0
3.280930930930931,-2.617955338250382,0,0.3819774865480763,0
3.288888888888889,-2.624099885853663,0,0.3810830545707994,0
3.296846846846847,-2.630244989939871,0,0.3801927211437671,0
3.304804804804805,-2.636390646011425,0,0.3793064588181924,0
3.312762762762762,-2.64253684962014,0,0.3784242403823992,0
3.320720720720721,-2.648683596366541,0,0.3775460388593783,0
3.328678678678679,-2.654830881899179,0,0.3766718275043692,0
3.336636636636637,-2.660978701913971,0,0.3758015798024715,0
3.344594594594594,-2.667127052153541,0,0.3749352694662827,0
3.352552552552552,-2.673275928406582,0,0.3740728704335637,0
3.36051051051051,-2.679425326507218,0,0.3732143568649314,0
3.368468468468468,-2.685575242334385,0,0.3723597031415769,0
3.376426426426426,-2.691725671811221,0,0.3715088838630109,0
3.384384384384384,-2.697876610904459,0,0.3706618738448352,0
3.392342342342342,-2.70402805562384,0,0.3698186481165383,0
3.4003003003003,-2.710180002021528,0,0.3689791819193184,0
3.408258258258258,-2.716332446191538,0,0.36814345070393,0
3.416216216216216,-2.722485384269179,0,0.3673114301285547,0
3.424174174174174,-2.728638812430491,0,0.3664830960566988,0
3.432132132132132,-2.734792726891705,0,0.3656584245551122,0
3.44009009009009,-2.740947123908707,0,0.3648373918917333,0
3.448048048048048,-2.747101999776511,0,0.3640199745336556,0
3.456006006006006,-2.75325735082874,0,0.3632061491451196,0
3.463963963963964,-2.759413173437113,0,0.3623958925855254,0
3.471921921921922,-2.76556946401095,0,0.3615891819074701,0
3.47987987987988,-2.771726218996666,0,0.3607859943548063,0
3.487837837837838,-2.777883434877298,0,0.359986307360723,0
3.495795795795796,-2.784041108172018,0,0.3591900985458483,0
3.503753753753754,-2.790199235435662,0,0.3583973457163749,0
3.511711711711711,-2.796357813258271,0,0.3576080268622047,0
3.519669669669669,-2.802516838264634,0,0.3568221201551163,0
3.527627627627627,-2.808676307113837,0,0.3560396039469526,0
3.535585585585586,-2.814836216498819,0,0.3552604567678296,0
3.543543543543544,-2.820996563145943,0,0.3544846573243647,0
3.551501501501501,-2.827157343814562,0,0.353712184497925,0
3.559459459459459,-2.833318555296601,0,0.3529430173428969,0
3.567417417417417,-2.839480194416143,0,0.3521771350849732,0
3.575375375375375,-2.845642258029015,0,0.3514145171194614,0
3.583333333333333,-2.85180474302239,0,0.3506551430096099,0
3.591291291291291,-2.85796764631439,0,0.3498989924849539,0
3.599249249249249,-2.864130964853697,0,0.3491460454396788,0
3.607207207207207,-2.870294695619164,0,0.3483962819310041,0
3.615165165165165,-2.876458835619445,0,0.3476496821775828,0
3.623123123123123,-2.882623381892614,0,0.3469062265579211,0
3.631081081081081,-2.888788331505805,0,0.3461658956088145,0
3.639039039039039,-2.894953681554847,0,0.345428670023802,0
3.646996996996997,-2.901119429163908,0,0.3446945306516376,0
3.654954954954955,-2.907285571485146,0,0.3439634584947787,0
3.662912912912913,-2.913452105698365,0,0.3432354347078914,0
3.670870870870871,-2.919619029010672,0,0.342510440596373,0
3.678828828828829,-2.925786338656144,0,0.3417884576148902,0
3.686786786786787,-2.931954031895493,0,0.3410694673659345,0
3.694744744744745,-2.938122106015753,0,0.3403534515983926,0
3.702702702702703,-2.944290558329948,0,0.3396403922061337,0
3.710660660660661,-2.95045938617678,0,0.3389302712266123,0
3.718618618618618,-2.956628586920319,0,0.3382230708394859,0
3.726576576576576,-2.962798157949697,0,0.3375187733652487,0
3.734534534534534,-2.968968096678805,0,0.3368173612638803,0
3.742492492492492,-2.975138400545995,0,0.3361188171335091,0
3.75045045045045,-2.981309067013791,0,0.3354231237090906,0
3.758408408408408,-2.987480093568593,0,0.3347302638611003,0
3.766366366366366,-2.993651477720401,0,0.3340402205942416,0
3.774324324324324,-2.999823217002526,0,0.3333529770461663,0
3.782282282282282,-3.005995308971319,0,0.3326685164862117,0
3.79024024024024,-3.012167751205898,0,0.3319868223141482,0
3.798198198198198,-3.018340541307876,0,0.3313078780589451,0
3.806156156156156,-3.024513676901102,0,0.3306316673775447,0
3.814114114114114,-3.030687155631393,0,0.3299581740536551,0
3.822072072072072,-3.036860975166281,0,0.3292873819965518,0
3.83003003003003,-3.043035133194762,0,0.328619275239895,0
3.837987987987988,-3.04920962742704,0,0.3279538379405591,0
3.845945945945946,-3.055384455594283,0,0.3272910543774749,0
3.853903903903904,-3.061559615448382,0,0.3266309089504843,0
3.861861861861862,-3.067735104761708,0,0.3259733861792076,0
3.86981981981982,-3.073910921326879,0,0.3253184707019232,0
3.877777777777778,-3.080087062956525,0,0.3246661472744593,0
3.885735735735735,-3.086263527483057,0,0.3240164007690979,0
3.893693693693693,-3.092440312758448,0,0.3233692161734895,0
3.901651651651652,-3.098617416653997,0,0.3227245785895819,0
3.90960960960961,-3.104794837060119,0,0.322082473232558,0
3.917567567567567,-3.110972571886125,0,0.3214428854297865,0
3.925525525525525,-3.11715061906001,0,0.3208058006197835,0
3.933483483483483,-3.123328976528233,0,0.3201712043511855,0
3.941441441441441,-3.129507642255518,0,0.3195390822817336,0
3.949399399399399,-3.135686614224647,0,0.3189094201772671,0
3.957357357357357,-3.141865890436253,0,0.3182822039107304,0
3.965315315315315,-3.148045468908623,0,0.3176574194611884,0
3.973273273273273,-3.154225347677503,0,0.3170350529128533,0
3.981231231231231,-3.160405524795896,0,0.3164150904541219,0
3.989189189189189,-3.166585998333879,0,0.315797518376623,0
3.997147147147147,-3.172766766378407,0,0.3151823230742744,0
4.005105105105105,-3.178947827033132,0,0.314569491042351,0
4.013063063063063,-3.18512917841821,0,0.3139590088765621,0
4.021021021021021,-3.19131081867013,0,0.3133508632721383,0
4.028978978978979,-3.197492745941529,0,0.3127450410229286,0
4.036936936936937,-3.203674958401009,0,0.312141529020507,0
4.044894894894895,-3.209857454232974,0,0.311540314253288,0
4.052852852852853,-3.216040231637452,0,0.3109413838056523,0
4.060810810810811,-3.222223288829923,0,0.3103447248570806,0
4.068768768768769,-3.228406624041154,0,0.3097503246812978,0
4.076726726726727,-3.234590235517034,0,0.3091581706454248,0
4.084684684684685,-3.240774121518407,0,0.3085682502091407,0
4.092642642642643,-3.246958280320915,0,0.3079805509238525,0
4.1006006006006,-3.253142710214834,0,0.3073950604318742,0
4.108558558558559,-3.259327409504923,0,0.3068117664656143,0
4.116516516516517,-3.265512376510264,0,0.3062306568467715,0
4.124474474474475,-3.271697609564109,0,0.3056517194855398,0
4.132432432432433,-3.277883107013733,0,0.30507494237982,0
4.14039039039039,-3.28406886722028,0,0.3045003136144419,0
4.148348348348349,-3.29025488855862,0,0.3039278213603918,0
4.156306306306306,-3.2964411694172,0,0.3033574538740507,0
4.164264264264264,-3.302627708197903,0,0.3027891994964384,0
4.172222222222222,-3.308814503315908,0,0.3022230466524661,0
4.18018018018018,-3.315001553199543,0,0.3016589838501973,0
4.188138138138139,-3.321188856290156,0,0.3010969996801154,0
4.196096096096096,-3.327376411041973,0,0.3005370828143993,0
4.204054054054054,-3.333564215921965,0,0.2999792220062062,0
4.212012012012012,-3.339752269409717,0,0.2994234060889626,0
4.21996996996997,-3.345940569997292,0,0.2988696239756612,0
4.227927927927928,-3.352129116189106,0,0.2983178646581662,0
4.235885885885886,-3.3583179065018,0,0.2977681172065251,0
4.243843843843844,-3.36450693946411,0,0.2972203707682878,0
4.251801801801802,-3.370696213616749,0,0.2966746145678321,0
4.25975975975976,-3.376885727512273,0,0.2961308379056974,0
4.267717717717717,-3.383075479714971,0,0.2955890301579235,0
4.275675675675676,-3.389265468800739,0,0.295049180775397,0
4.283633633633634,-3.39545569335696,0,0.2945112792832049,0
4.291591591591592,-3.401646151982394,0,0.2939753152799932,0
4.29954954954955,-3.407836843287051,0,0.2934412784373337,0
4.307507507507507,-3.414027765892089,0,0.2929091584990958,0
4.315465465465466,-3.420218918429693,0,0.2923789452808257,0
4.323423423423423,-3.426410299542964,0,0.2918506286691312,0
4.331381381381382,-3.432601907885813,0,0.2913241986210728,0
4.33933933933934,-3.438793742122851,0,0.2907996451635612,0
4.347297297297297,-3.444985800929278,0,0.2902769583927609,0
4.355255255255256,-3.451178082990781,0,0.2897561284734988,0
4.363213213213213,-3.457370587003426,0,0.2892371456386804,0
4.371171171171171,-3.463563311673559,0,0.2887200001887103,0
4.379129129129129,-3.469756255717699,0,0.2882046824909192,0
4.387087087087087,-3.475949417862436,0,0.287691182978997,0
4.395045045045046,-3.482142796844338,0,0.2871794921524302,0
4.403003003003003,-3.488336391409847,0,0.2866696005759467,0
4.410960960960961,-3.494530200315179,0,0.2861614988789646,0
4.418918918918919,-3.500724222326236,0,0.2856551777550471,0
4.426876876876877,-3.506918456218505,0,0.2851506279613629,0
4.434834834834835,-3.513112900776963,0,0.2846478403181518,0
4.442792792792793,-3.519307554795986,0,0.2841468057081956,0
4.450750750750751,-3.52550241707926,0,0.2836475150762939,0
4.458708708708709,-3.531697486439687,0,0.2831499594287455,0
4.466666666666667,-3.537892761699293,0,0.2826541298328353,0
4.474624624624624,-3.544088241689143,0,0.2821600174163246,0
4.482582582582583,-3.550283925249257,0,0.2816676133669485,0
4.490540540540541,-3.556479811228513,0,0.2811769089319167,0
4.498498498498499,-3.562675898484573,0,0.2806878954174198,0
4.506456456456457,-3.568872185883786,0,0.2802005641881407,0
4.514414414414414,-3.575068672301121,0,0.2797149066667696,0
4.522372372372373,-3.581265356620068,0,0.2792309143335253,0
4.53033033033033,-3.587462237732566,0,0.2787485787256799,0
4.538288288288288,-3.593659314538917,0,0.2782678914370893,0
4.546246246246247,-3.599856585947711,0,0.2777888441177265,0
4.554204204204204,-3.606054050875747,0,0.2773114284732214,0
4.562162162162163,-3.612251708247951,0,0.2768356362644036,0
4.57012012012012,-3.618449556997298,0,0.2763614593068505,0
4.578078078078078,-3.624647596064745,0,0.2758888894704393,0
4.586036036036036,-3.630845824399147,0,0.2754179186789034,0
4.593993993993994,-3.637044240957184,0,0.274948538909393,0
4.601951951951953,-3.643242844703293,0,0.2744807421920403,0
4.60990990990991,-3.649441634609584,0,0.2740145206095287,0
4.617867867867868,-3.655640609655783,0,0.2735498662966654,0
4.625825825825826,-3.661839768829148,0,0.2730867714399596,0
4.633783783783784,-3.668039111124406,0,0.272625228277203,0
4.641741741741741,-3.674238635543682,0,0.2721652290970558,0
4.6496996996997,-3.680438341096428,0,0.2717067662386359,0
4.657657657657658,-3.686638226799355,0,0.271249832091112,0
4.665615615615616,-3.692838291676373,0,0.2707944190933006,0
4.673573573573574,-3.699038534758515,0,0.2703405197332672,0
4.681531531531531,-3.705238955083875,0,0.2698881265479309,0
4.68948948948949,-3.711439551697548,0,0.2694372321226726,0
4.697447447447447,-3.717640323651555,0,0.2689878290909477,0
4.705405405405406,-3.723841270004792,0,0.2685399101339013,0
4.713363363363364,-3.730042389822958,0,0.2680934679799882,0
4.721321321321321,-3.736243682178495,0,0.2676484954045956,0
4.72927927927928,-3.742445146150529,0,0.2672049852296693,0
4.737237237237237,-3.748646780824808,0,0.266762930323345,0
4.745195195195195,-3.754848585293642,0,0.2663223235995804,0
4.753153153153153,-3.761050558655841,0,0.2658831580177931,0
4.761111111111111,-3.767252700016661,0,0.2654454265825007,0
4.76906906906907,-3.773455008487742,0,0.2650091223429645,0
4.777027027027027,-3.779657483187052,0,0.2645742383928366,0
4.784984984984985,-3.785860123238832,0,0.2641407678698104,0
4.792942942942943,-3.792062927773533,0,0.263708703955274,0
4.800900900900901,-3.798265895927771,0,0.2632780398739668,0
4.808858858858859,-3.804469026844263,0,0.2628487688936402,0
4.816816816816817,-3.810672319671777,0,0.26242088432472,0
4.824774774774775,-3.816875773565073,0,0.2619943795199735,0
4.832732732732733,-3.823079387684859,0,0.2615692478741776,0
4.840690690690691,-3.82928316119773,0,0.2611454828237926,0
4.848648648648648,-3.83548709327612,0,0.2607230778466367,0
4.856606606606607,-3.841691183098247,0,0.2603020264615648,0
4.864564564564565,-3.847895429848066,0,0.2598823222281498,0
4.872522522522523,-3.854099832715218,0,0.2594639587463667,0
4.880480480480481,-3.860304390894973,0,0.2590469296562803,0
4.888438438438438,-3.866509103588194,0,0.2586312286377345,0
4.896396396396397,-3.872713970001276,0,0.2582168494100457,0
4.904354354354354,-3.878918989346102,0,0.2578037857316988,0
4.912312312312312,-3.885124160839996,0,0.2573920314000446,0
4.920270270270271,-3.891329483705677,0,0.2569815802510019,0
4.928228228228228,-3.897534957171204,0,0.2565724261587614,0
4.936186186186187,-3.903740580469943,0,0.2561645630354918,0
4.944144144144144,-3.909946352840508,0,0.2557579848310495,0
4.952102102102102,-3.916152273526725,0,0.2553526855326903,0
4.96006006006006,-3.922358341777583,0,0.2549486591647839,0
4.968018018018018,-3.928564556847188,0,0.2545458997885313,0
4.975975975975977,-3.934770917994721,0,0.2541444015016839,0
4.983933933933934,-3.940977424484397,0,0.2537441584382664,0
4.991891891891892,-3.947184075585418,0,0.2533451647683006,0
4.99984984984985,-3.953390870571933,0,0.2529474146975331,0
5.007807807807808,-3.959597808722989,0,0.252550902467165,0
5.015765765765765,-3.965804889322504,0,0.2521556223535834,0
5.023723723723724,-3.972012111659209,0,0.2517615686680962,0
5.031681681681682,-3.978219475026619,0,0.2513687357566688,0
5.03963963963964,-3.984426978722984,0,0.2509771179996633,0
5.047597597597598,-3.990634622051255,0,0.2505867098115795,0
5.055555555555555,-3.996842404319044,0,0.2501975056407993,0
5.063513513513514,-4.003050324838582,0,0.2498094999693324,0
5.071471471471471,-4.00925838292668,0,0.2494226873125647,0
5.07942942942943,-4.015466577904693,0,0.2490370622190085,0
5.087387387387388,-4.021674909098479,0,0.2486526192700557,0
5.095345345345345,-4.027883375838366,0,0.2482693530797324,0
5.103303303303304,-4.034091977459111,0,0.2478872582944561,0
5.111261261261261,-4.04030071329986,0,0.247506329592795,0
5.119219219219219,-4.046509582704119,0,0.2471265616852291,0
5.127177177177177,-4.052718585019715,0,0.2467479493139136,0
5.135135135135135,-4.058927719598755,0,0.2463704872524449,0
5.143093093093094,-4.065136985797597,0,0.2459941703056276,0
5.151051051051051,-4.071346382976815,0,0.2456189933092447,0
5.159009009009009,-4.077555910501157,0,0.2452449511298286,0
5.166966966966967,-4.083765567739519,0,0.244872038664435,0
5.174924924924925,-4.089975354064908,0,0.2445002508404187,0
5.182882882882883,-4.096185268854401,0,0.2441295826152108,0
5.190840840840841,-4.102395311489131,0,0.2437600289760982,0
5.198798798798799,-4.108605481354227,0,0.2433915849400056,0
5.206756756756757,-4.114815777838804,0,0.243024245553278,0
5.214714714714715,-4.12102620033592,0,0.2426580058914661,0
5.222672672672672,-4.127236748242546,0,0.2422928610591138,0
5.230630630630631,-4.133447420959535,0,0.2419288061895464,0
5.238588588588589,-4.139658217891586,0,0.241565836444662,0
5.246546546546547,-4.145869138447224,0,0.2412039470147231,0
5.254504504504505,-4.152080182038751,0,0.2408431331181521,0
5.262462462462462,-4.158291348082234,0,0.2404833900013261,0
5.270420420420421,-4.164502635997468,0,0.2401247129383755,0
5.278378378378378,-4.170714045207939,0,0.2397670972309834,0
5.286336336336336,-4.176925575140801,0,0.2394105382081869,0
5.294294294294295,-4.183137225226852,0,0.2390550312261797,0
5.302252252252252,-4.189348994900492,0,0.2387005716681173,0
5.310210210210211,-4.195560883599705,0,0.2383471549439227,0
5.318168168168168,-4.201772890766021,0,0.2379947764900951,0
5.326126126126126,-4.2079850158445,0,0.2376434317695189,0
5.334084084084084,-4.214197258283693,0,0.2372931162712748,0
5.342042042042042,-4.22040961753562,0,0.2369438255104536,0
5.350000000000001,-4.22662209305574,0,0.2365955550279693,0
5.357957957957958,-4.232834684302924,0,0.2362483003903761,0
5.365915915915916,-4.239047390739429,0,0.2359020571896855,0
5.373873873873874,-4.245260211830876,0,0.2355568210431852,0
5.381831831831832,-4.251473147046209,0,0.2352125875932602,0
5.38978978978979,-4.257686195857687,0,0.2348693525072145,0
5.397747747747748,-4.263899357740846,0,0.2345271114770947,0
5.405705705705706,-4.270112632174478,0,0.2341858602195155,0
5.413663663663664,-4.276326018640605,0,0.2338455944754859,0
5.421621621621622,-4.282539516624447,0,0.2335063100102373,0
5.429579579579579,-4.288753125614414,0,0.2331680026130528,0
5.437537537537538,-4.294966845102063,0,0.2328306680970983,0
5.445495495495495,-4.301180674582081,0,0.232494302299255,0
5.453453453453454,-4.307394613552267,0,0.2321589010799523,0
5.461411411411412,-4.313608661513495,0,0.2318244603230036,0
5.469369369369369,-4.319822817969699,0,0.2314909759354427,0
5.477327327327328,-4.326037082427852,0,0.231158443847361,0
5.485285285285285,-4.332251454397928,0,0.2308268600117475,0
5.493243243243243,-4.338465933392899,0,0.2304962204043284,0
5.501201201201201,-4.344680518928698,0,0.2301665210234096,0
5.509159159159159,-4.350895210524197,0,0.2298377578897194,0
5.517117117117118,-4.357110007701192,0,0.2295099270462531,0
5.525075075075075,-4.363324909984375,0,0.2291830245581186,0
5.533033033033033,-4.369539916901314,0,0.2288570465123834,0
5.540990990990991,-4.37575502798243,0,0.2285319890179225,0
5.548948948948949,-4.381970242760972,0,0.2282078482052686,0
5.556906906906907,-4.388185560773007,0,0.2278846202264618,0
5.564864864864865,-4.394400981557382,0,0.2275623012549024,0
5.572822822822823,-4.400616504655719,0,0.2272408874852035,0
5.580780780780781,-4.406832129612384,0,0.2269203751330455,0
5.588738738738739,-4.413047855974467,0,0.2266007604350316,0
5.596696696696696,-4.419263683291766,0,0.2262820396485445,0
5.604654654654655,-4.425479611116767,0,0.2259642090516039,0
5.612612612612613,-4.431695639004613,0,0.2256472649427266,0
5.620570570570571,-4.437911766513103,0,0.225331203640785,0
5.628528528528529,-4.444127993202651,0,0.22501602148487,0
5.636486486486486,-4.450344318636282,0,0.2247017148341524,0
5.644444444444445,-4.456560742379609,0,0.2243882800677465,0
5.652402402402402,-4.462777264000806,0,0.2240757135845755,0
5.66036036036036,-4.468993883070602,0,0.2237640118032361,0
5.668318318318319,-4.475210599162249,0,0.2234531711618662,0
5.676276276276276,-4.481427411851511,0,0.2231431881180126,0
5.684234234234235,-4.487644320716647,0,0.2228340591484992,0
5.692192192192192,-4.493861325338385,0,0.2225257807492982,0
5.70015015015015,-4.500078425299908,0,0.2222183494354001,0
5.708108108108108,-4.506295620186842,0,0.2219117617406862,0
5.716066066066066,-4.512512909587223,0,0.2216060142178018,0
5.724024024024025,-4.518730293091492,0,0.22130110343803,0
5.731981981981982,-4.524947770292477,0,0.2209970259911671,0
5.73993993993994,-4.531165340785369,0,0.2206937784853981,0
5.747897897897898,-4.537383004167707,0,0.220391357547175,0
5.755855855855856,-4.543600760039364,0,0.2200897598210932,0
5.763813813813814,-4.549818608002524,0,0.219788981969772,0
5.771771771771772,-4.556036547661676,0,0.2194890206737337,0
5.77972972972973,-4.562254578623579,0,0.2191898726312852,0
5.787687687687688,-4.568472700497268,0,0.218891534558399,0
5.795645645645646,-4.574690912894019,0,0.2185940031885968,0
5.803603603603603,-4.580909215427343,0,0.218297275272833,0
5.811561561561562,-4.587127607712966,0,0.2180013475793791,0
5.81951951951952,-4.593346089368811,0,0.2177062168937098,0
5.827477477477477,-4.59956466001499,0,0.2174118800183887,0
5.835435435435436,-4.605783319273782,0,0.2171183337729564,0
5.843393393393393,-4.612002066769615,0,0.2168255749938182,0
5.851351351351352,-4.618220902129059,0,0.2165336005341337,0
5.859309309309309,-4.624439824980799,0,0.2162424072637062,0
5.867267267267267,-4.630658834955636,0,0.2159519920688738,0
5.875225225225226,-4.636877931686457,0,0.2156623518524014,0
5.883183183183183,-4.643097114808226,0,0.2153734835333727,0
5.891141141141142,-4.649316383957972,0,0.215085384047084,0
5.899099099099099,-4.655535738774766,0,0.2147980503449379,0
5.907057057057057,-4.661755178899719,0,0.214511479394339,0
5.915015015015015,-4.667974703975955,0,0.214225668178589,0
5.922972972972973,-4.674194313648602,0,0.213940613696784,0
5.930930930930931,-4.680414007564783,0,0.2136563129637114,0
5.938888888888889,-4.686633785373594,0,0.2133727630097484,0
5.946846846846847,-4.692853646726091,0,0.2130899608807612,0
5.954804804804805,-4.699073591275281,0,0.2128079036380041,0
5.962762762762763,-4.705293618676104,0,0.2125265883580211,0
5.97072072072072,-4.711513728585422,0,0.2122460121325463,0
5.978678678678679,-4.717733920662007,0,0.2119661720684063,0
5.986636636636637,-4.723954194566518,0,0.2116870652874233,0
5.994594594594595,-4.730174549961505,0,0.2114086889263184,0
6.002552552552553,-4.736394986511375,0,0.211131040136616,0
6.01051051051051,-4.7426155038824,0,0.2108541160845487,0
6.018468468468469,-4.748836101742687,0,0.2105779139509634,0
6.026426426426426,-4.755056779762175,0,0.2103024309312276,0
6.034384384384384,-4.761277537612617,0,0.2100276642351364,0
6.042342342342343,-4.767498374967577,0,0.209753611086821,0
6.0503003003003,-4.7737192915024,0,0.2094802687246566,0
6.058258258258259,-4.77994028689422,0,0.2092076344011722,0
6.066216216216216,-4.786161360821932,0,0.2089357053829604,0
6.074174174174174,-4.792382512966187,0,0.2086644789505882,0
6.082132132132132,-4.798603743009378,0,0.2083939523985083,0
6.09009009009009,-4.804825050635631,0,0.2081241230349708,0
6.098048048048049,-4.811046435530789,0,0.2078549881819365,0
6.106006006006006,-4.817267897382401,0,0.2075865451749898,0
6.113963963963964,-4.823489435879714,0,0.2073187913632527,0
6.121921921921922,-4.82971105071366,0,0.2070517241092996,0
6.12987987987988,-4.835932741576836,0,0.2067853407890726,0
6.137837837837838,-4.842154508163508,0,0.2065196387917972,0
6.145795795795796,-4.848376350169589,0,0.206254615519899,0
6.153753753753754,-4.854598267292628,0,0.2059902683889211,0
6.161711711711712,-4.860820259231808,0,0.2057265948274412,0
6.16966966966967,-4.867042325687918,0,0.2054635922769909,0
6.177627627627627,-4.873264466363363,0,0.2052012581919739,0
6.185585585585586,-4.879486680962137,0,0.2049395900395859,0
6.193543543543544,-4.885708969189817,0,0.2046785852997353,0
6.201501501501501,-4.891931330753557,0,0.2044182414649633,0
6.20945945945946,-4.898153765362072,0,0.2041585560403655,0
6.217417417417417,-4.90437627272563,0,0.203899526543514,0
6.225375375375376,-4.910598852556037,0,0.2036411505043801,0
6.233333333333333,-4.916821504566634,0,0.2033834254652568,0
6.241291291291291,-4.923044228472286,0,0.2031263489806832,0
6.24924924924925,-4.929267023989362,0,0.2028699186173685,0
6.257207207207207,-4.935489890835735,0,0.2026141319541165,0
6.265165165165166,-4.941712828730775,0,0.2023589865817515,0
6.273123123123123,-4.947935837395322,0,0.2021044801030437,0
6.281081081081081,-4.954158916551696,0,0.2018506101326362,0
6.289039039039039,-4.960382065923676,0,0.2015973742969715,0
6.296996996996997,-4.966605285236492,0,0.2013447702342192,0
6.304954954954955,-4.972828574216815,0,0.2010927955942042,0
6.312912912912913,-4.979051932592756,0,0.2008414480383351,0
6.320870870870871,-4.985275360093839,0,0.2005907252395336,0
6.328828828828829,-4.991498856451008,0,0.2003406248821636,0
6.336786786786787,-4.997722421396612,0,0.2000911446619619,0
6.344744744744744,-5.003946054664394,0,0.1998422822859685,0
6.352702702702703,-5.010169755989483,0,0.1995940354724578,0
6.360660660660661,-5.016393525108386,0,0.1993464019508704,0
6.368618618618619,-5.022617361758977,0,0.1990993794617452,0
6.376576576576577,-5.028841265680492,0,0.1988529657566517,0
6.384534534534534,-5.035065236613513,0,0.1986071585981239,0
6.392492492492493,-5.041289274299971,0,0.1983619557595927,0
6.40045045045045,-5.047513378483121,0,0.1981173550253214,0
6.408408408408408,-5.053737548907547,0,0.1978733541903392,0
6.416366366366367,-5.059961785319151,0,0.1976299510603766,0
6.424324324324324,-5.066186087465137,0,0.1973871434518011,0
6.432282282282283,-5.072410455094014,0,0.1971449291915525,0
6.44024024024024,-5.078634887955572,0,0.1969033061170803,0
6.448198198198198,-5.084859385800892,0,0.1966622720762798,0
6.456156156156156,-5.091083948382326,0,0.1964218249274295,0
6.464114114114114,-5.09730857545349,0,0.1961819625391295,0
6.472072072072072,-5.103533266769256,0,0.1959426827902389,0
6.48003003003003,-5.109758022085753,0,0.1957039835698149,0
6.487987987987988,-5.115982841160342,0,0.195465862777052,0
6.495945945945946,-5.122207723751623,0,0.1952283183212213,0
6.503903903903904,-5.12843266961942,0,0.1949913481216104,0
6.511861861861862,-5.134657678524778,0,0.194754950107464,0
6.51981981981982,-5.140882750229943,0,0.1945191222179248,0
6.527777777777778,-5.147107884498375,0,0.1942838624019744,0
6.535735735735736,-5.153333081094719,0,0.1940491686183752,0
6.543693693693694,-5.159558339784815,0,0.193815038835612,0
6.551651651651651,-5.165783660335673,0,0.1935814710318357,0
6.55960960960961,-5.172009042515487,0,0.1933484631948042,0
6.567567567567568,-5.178234486093602,0,0.1931160133218278,0
6.575525525525525,-5.184459990840534,0,0.1928841194197111,0
6.583483483483484,-5.190685556527941,0,0.1926527795046984,0
6.591441441441441,-5.196911182928622,0,0.1924219916024173,0
6.5993993993994,-5.20313686981652,0,0.1921917537478239,0
6.607357357357357,-5.209362616966698,0,0.1919620639851481,0
6.615315315315315,-5.215588424155343,0,0.1917329203678391,0
6.623273273273274,-5.221814291159764,0,0.1915043209585112,0
6.631231231231231,-5.228040217758362,0,0.1912762638288908,0
6.63918918918919,-5.234266203730653,0,0.1910487470597624,0
6.647147147147147,-5.240492248857237,0,0.1908217687409163,0
6.655105105105105,-5.246718352919805,0,0.1905953269710959,0
6.663063063063063,-5.252944515701131,0,0.1903694198579454,0
6.671021021021021,-5.259170736985054,0,0.1901440455179582,0
6.678978978978979,-5.265397016556488,0,0.1899192020764256,0
6.686936936936937,-5.271623354201402,0,0.1896948876673853,0
6.694894894894895,-5.277849749706821,0,0.1894711004335713,0
6.702852852852853,-5.284076202860814,0,0.1892478385263629,0
6.710810810810811,-5.290302713452494,0,0.1890251001057351,0
6.718768768768768,-5.296529281272006,0,0.1888028833402091,0
6.726726726726727,-5.302755906110524,0,0.1885811864068022,0
6.734684684684685,-5.308982587760243,0,0.1883600074909796,0
6.742642642642643,-5.31520932601437,0,0.1881393447866058,0
6.750600600600601,-5.321436120667126,0,0.1879191964958952,0
6.758558558558558,-5.327662971513732,0,0.1876995608293655,0
6.766516516516517,-5.333889878350405,0,0.1874804360057892,0
6.774474474474474,-5.340116840974355,0,0.1872618202521465,0
6.782432432432432,-5.346343859183772,0,0.1870437118035783,0
6.790390390390391,-5.352570932777829,0,0.1868261089033394,0
6.798348348348348,-5.358798061556672,0,0.1866090098027525,0
6.806306306306307,-5.365025245321407,0,0.1863924127611616,0
6.814264264264264,-5.371252483874106,0,0.1861763160458868,0
6.822222222222222,-5.377479777017797,0,0.1859607179321784,0
6.83018018018018,-5.383707124556452,0,0.1857456167031722,0
6.838138138138138,-5.38993452629499,0,0.1855310106498444,0
6.846096096096096,-5.396161982039266,0,0.1853168980709674,0
6.854054054054054,-5.402389491596072,0,0.1851032772730649,0
6.862012012012012,-5.408617054773115,0,0.1848901465703692,0
6.86996996996997,-5.414844671379035,0,0.1846775042847763,0
6.877927927927928,-5.421072341223381,0,0.1844653487458034,0
6.885885885885886,-5.427300064116612,0,0.1842536782905456,0
6.893843843843844,-5.433527839870091,0,0.1840424912636334,0
6.901801801801802,-5.439755668296084,0,0.1838317860171896,0
6.90975975975976,-5.445983549207745,0,0.1836215609107881,0
6.917717717717718,-5.452211482419117,0,0.1834118143114114,0
6.925675675675675,-5.45843946774513,0,0.1832025445934088,0
6.933633633633634,-5.464667505001588,0,0.1829937501384559,0
6.941591591591592,-5.470895594005167,0,0.1827854293355128,0
6.949549549549549,-5.477123734573413,0,0.1825775805807837,0
6.957507507507508,-5.483351926524731,0,0.1823702022776761,0
6.965465465465465,-5.489580169678386,0,0.182163292836761,0
6.973423423423424,-5.495808463854493,0,0.1819568506757327,0
6.981381381381381,-5.502036808874008,0,0.1817508742193693,0
6.989339339339339,-5.508265204558743,0,0.1815453618994927,0
6.997297297297298,-5.514493650731334,0,0.1813403121549301,0
7.005255255255255,-5.520722147215253,0,0.1811357234314748,0
7.013213213213214,-5.526950693834801,0,0.1809315941818477,0
7.021171171171171,-5.533179290415096,0,0.1807279228656588,0
7.029129129129129,-5.539407936782081,0,0.1805247079493687,0
7.037087087087087,-5.545636632762502,0,0.1803219479062515,0
7.045045045045045,-5.551865378183921,0,0.1801196412163567,0
7.053003003003003,-5.558094172874697,0,0.1799177863664715,0
7.060960960960961,-5.564323016663995,0,0.1797163818500844,0
7.068918918918919,-5.570551909381763,0,0.1795154261673478,0
7.076876876876877,-5.576780850858747,0,0.1793149178250413,0
7.084834834834835,-5.58300984092647,0,0.1791148553365357,0
7.092792792792793,-5.589238879417244,0,0.1789152372217564,0
7.100750750750751,-5.595467966164148,0,0.1787160620071476,0
7.108708708708709,-5.601697101001033,0,0.1785173282256369,0
7.116666666666667,-5.607926283762524,0,0.1783190344165991,0
7.124624624624625,-5.614155514283996,0,0.1781211791258218,0
7.132582582582582,-5.62038479240159,0,0.17792376090547,0
7.140540540540541,-5.626614117952198,0,0.177726778314051,0
7.148498498498498,-5.632843490773461,0,0.1775302299163805,0
7.156456456456456,-5.639072910703761,0,0.1773341142835479,0
7.164414414414415,-5.645302377582228,0,0.177138429992882,0
7.172372372372372,-5.651531891248717,0,0.1769431756279178,0
7.180330330330331,-5.657761451543823,0,0.1767483497783619,0
7.188288288288288,-5.663991058308867,0,0.1765539510400597,0
7.196246246246246,-5.670220711385893,0,0.1763599780149623,0
7.204204204204204,-5.676450410617662,0,0.1761664293110928,0
7.212162162162162,-5.68268015584765,0,0.1759733035425141,0
7.22012012012012,-5.68890994692005,0,0.175780599329296,0
7.228078078078078,-5.695139783679753,0,0.1755883152974831,0
7.236036036036036,-5.701369665972359,0,0.1753964500790621,0
7.243993993993994,-5.707599593644167,0,0.1752050023119305,0
7.251951951951952,-5.713829566542168,0,0.1750139706398644,0
7.25990990990991,-5.720059584514045,0,0.1748233537124869,0
7.267867867867868,-5.726289647408169,0,0.1746331501852372,0
7.275825825825826,-5.732519755073592,0,0.174443358719339,0
7.283783783783784,-5.73874990736005,0,0.1742539779817695,0
7.291741741741742,-5.744980104117945,0,0.1740650066452293,0
7.299699699699699,-5.751210345198364,0,0.1738764433881107,0
7.307657657657658,-5.757440630453051,0,0.1736882868944687,0
7.315615615615616,-5.763670959734418,0,0.1735005358539896,0
7.323573573573573,-5.769901332895538,0,0.1733131889619619,0
7.331531531531532,-5.776131749790141,0,0.1731262449192459,0
7.339489489489489,-5.782362210272606,0,0.1729397024322445,0
7.347447447447448,-5.788592714197966,0,0.1727535602128736,0
7.355405405405405,-5.794823261421899,0,0.172567816978533,0
7.363363363363363,-5.801053851800723,0,0.1723824714520771,0
7.371321321321322,-5.807284485191397,0,0.1721975223617863,0
7.379279279279279,-5.81351516145151,0,0.1720129684413383,0
7.387237237237238,-5.819745880439288,0,0.1718288084297794,0
7.395195195195195,-5.825976642013584,0,0.1716450410714963,0
7.403153153153153,-5.832207446033872,0,0.1714616651161883,0
7.411111111111111,-5.838438292360253,0,0.1712786793188387,0
7.419069069069069,-5.844669180853437,0,0.1710960824396874,0
7.427027027027027,-5.850900111374753,0,0.1709138732442034,0
7.434984984984985,-5.857131083786143,0,0.1707320505030569,0
7.442942942942943,-5.863362097950153,0,0.1705506129920925,0
7.450900900900901,-5.869593153729934,0,0.1703695594923019,0
7.458858858858859,-5.875824250989234,0,0.1701888887897972,0
7.466816816816817,-5.882055389592405,0,0.1700085996757835,0
7.474774774774775,-5.888286569404389,0,0.1698286909465332,0
7.482732732732733,-5.894517790290718,0,0.1696491614033588,0
7.490690690690691,-5.900749052117512,0,0.1694700098525873,0
7.498648648648649,-5.906980354751479,0,0.1692912351055335,0
7.506606606606606,-5.913211698059901,0,0.1691128359784744,0
7.514564564564565,-5.919443081910647,0,0.1689348112926234,0
7.522522522522523,-5.925674506172152,0,0.1687571598741046,0
7.53048048048048,-5.931905970713428,0,0.1685798805539276,0
7.538438438438439,-5.938137475404055,0,0.1684029721679618,0
7.546396396396396,-5.944369020114173,0,0.1682264335569115,0
7.554354354354355,-5.950600604714495,0,0.1680502635662907,0
7.562312312312312,-5.956832229076283,0,0.1678744610463989,0
7.57027027027027,-5.963063893071356,0,0.1676990248522956,0
7.578228228228229,-5.969295596572096,0,0.1675239538437761,0
7.586186186186186,-5.975527339451424,0,0.1673492468853475,0
7.594144144144144,-5.981759121582815,0,0.1671749028462037,0
7.602102102102102,-5.987990942840285,0,0.1670009206002021,0
7.61006006006006,-5.994222803098393,0,0.1668272990258393,0
7.618018018018018,-6.000454702232237,0,0.166654037006227,0
7.625975975975976,-6.006686640117445,0,0.1664811334290692,0
7.633933933933934,-6.012918616630186,0,0.166308587186638,0
7.641891891891892,-6.019150631647154,0,0.1661363971757503,0
7.64984984984985,-6.025382685045571,0,0.1659645622977451,0
7.657807807807808,-6.031614776703183,0,0.1657930814584597,0
7.665765765765766,-6.037846906498253,0,0.1656219535682077,0
7.673723723723723,-6.044079074309573,0,0.1654511775417551,0
7.681681681681682,-6.05031128001644,0,0.1652807522982987,0
7.68963963963964,-6.05654352349867,0,0.165110676761443,0
7.697597597597597,-6.06277580463659,0,0.1649409498591778,0
7.705555555555556,-6.069008123311029,0,0.1647715705238563,0
7.713513513513513,-6.075240479403324,0,0.1646025376921729,0
7.721471471471472,-6.081472872795315,0,0.1644338503051409,0
7.729429429429429,-6.087705303369341,0,0.1642655073080712,0
7.737387387387387,-6.093937771008238,0,0.16409750765055,0
7.745345345345346,-6.100170275595336,0,0.1639298502864179,0
7.753303303303303,-6.106402817014454,0,0.1637625341737479,0
7.761261261261262,-6.112635395149905,0,0.1635955582748243,0
7.769219219219219,-6.118868009886483,0,0.1634289215561216,0
7.777177177177177,-6.125100661109472,0,0.1632626229882832,0
7.785135135135135,-6.131333348704629,0,0.1630966615461008,0
7.793093093093093,-6.137566072558199,0,0.1629310362084933,0
7.801051051051051,-6.143798832556896,0,0.1627657459584862,0
7.809009009009009,-6.150031628587914,0,0.1626007897831911,0
7.816966966966967,-6.156264460538912,0,0.1624361666737854,0
7.824924924924925,-6.16249732829802,0,0.1622718756254915,0
7.832882882882883,-6.168730231753839,0,0.1621079156375572,0
7.840840840840841,-6.174963170795425,0,0.1619442857132354,0
7.848798798798799,-6.181196145312306,0,0.1617809848597637,0
7.856756756756757,-6.187429155194457,0,0.1616180120883456,0
7.864714714714714,-6.19366220033232,0,0.1614553664141298,0
7.872672672672673,-6.199895280616786,0,0.1612930468561909,0
7.88063063063063,-6.206128395939203,0,0.1611310524375101,0
7.888588588588589,-6.212361546191357,0,0.1609693821849559,0
7.896546546546547,-6.218594731265496,0,0.1608080351292643,0
7.904504504504504,-6.224827951054303,0,0.1606470103050205,0
7.912462462462463,-6.23106120545091,0,0.1604863067506388,0
7.92042042042042,-6.237294494348881,0,0.160325923508345,0
7.928378378378379,-6.243527817642225,0,0.1601658596241564,0
7.936336336336336,-6.249761175225387,0,0.1600061141478637,0
7.944294294294294,-6.255994566993242,0,0.1598466861330125,0
7.952252252252253,-6.262227992841097,0,0.1596875746368845,0
7.96021021021021,-6.26846145266469,0,0.1595287787204794,0
7.968168168168168,-6.274694946360181,0,0.1593702974484965,0
7.976126126126126,-6.280928473824163,0,0.1592121298893166,0
7.984084084084084,-6.287162034953647,0,0.159054275114984,0
7.992042042042042,-6.29339562964606,0,0.1588967322011885,0
8,-6.299629257799253,0,0.1587395002272476,0
