0.9015015015015014,-0.04084793261235788,-0.7068583470577036,0.08148119870389521,-1.410001969467876
0.9094594594594594,-0.1027537002493109,-0.7068583470577036,0.2013960824556839,-1.385434311398205
0.9174174174174173,-0.1397362564630816,-0.7068583470577035,0.2691506168214758,-1.361503198464846
0.9253753753753753,-0.1690332776848273,-0.7068583470577035,0.320004859175528,-1.338186828684745
0.9333333333333333,-0.1941556223718622,-0.7068583470577036,0.3613238718893602,-1.315464325555461
0.9412912912912913,-0.2165610573752896,-0.7068583470577033,0.3962347120830892,-1.293315691309031
0.9492492492492492,-0.2370213209472324,-0.7068583470577033,0.4264293876898901,-1.271721762897482
0.9572072072072072,-0.256003224071119,-0.7068583470577036,0.4529536380498399,-1.250664170529107
0.9651651651651652,-0.2738143970378718,-0.7068583470577035,0.4765113382559927,-1.230125298587927
0.9731231231231231,-0.2906701334069056,-0.7068583470577036,0.4976053747846759,-1.21008824878108
0.9810810810810811,-0.306727987023572,-0.7068583470577035,0.5166112267170415,-1.190536805370151
0.989039039039039,-0.3221073093418494,-0.7068583470577035,0.5338189033722306,-1.171455402352852
0.996996996996997,-0.3369010367727122,-0.7068583470577035,0.5494584849876858,-1.152829092471002
1.004954954954955,-0.3511831823490131,-0.7068583470577033,0.5637165114012038,-1.134643517929581
1.012912912912913,-0.3650138020543895,-0.7068583470577035,0.5767469524772034,-1.116884882719742
1.020870870870871,-0.3784424037483,-0.7068583470577036,0.5886788131081303,-1.099539926446134
1.028828828828829,-0.3915103566427718,-0.7068583470577035,0.5996215627972508,-1.082595899565833
1.036786786786787,-0.4042526374700342,-0.7068583470577035,0.6096691108191779,-1.066040539952516
1.044744744744745,-0.4166991235694844,-0.7068583470577035,0.6189027804776112,-1.049862050705446
1.052702702702703,-0.4288755686732963,-0.7068583470577035,0.6273935770769525,-1.034049079128269
1.060660660660661,-0.4408043515725307,-0.7068583470577035,0.6352039464385961,-1.018590696807667
1.068618618618619,-0.4525050590489398,-0.7068583470577033,0.6423891587402304,-1.003476380726603
1.076576576576576,-0.4639949457738293,-0.7068583470577035,0.6489984120005383,-0.9886959953511841
1.084534534534535,-0.4752893014592296,-0.7068583470577036,0.6550757225155697,-0.974239775634223
1.092492492492492,-0.4864017471172518,-0.7068583470577036,0.6606606511209955,-0.9600983108822587
1.10045045045045,-0.4973444764496707,-0.7068583470577035,0.6657889013341527,-0.9462625294362716
1.108408408408408,-0.5081284542814424,-0.7068583470577036,0.6704928163558316,-0.9327236841195268
1.116366366366366,-0.51876358101265,-0.7068583470577035,0.6748017953867986,-0.9194733384089501
1.124324324324324,-0.5292588299299861,-0.7068583470577035,0.6787426449535807,-0.9065033532892207
1.132282282282282,-0.5396223626498594,-0.7068583470577036,0.682339877418552,-0.8938058747513238
1.14024024024024,-0.5498616267970917,-0.7068583470577036,0.6856159662153185,-0.8813733218997082
1.148198198198198,-0.5599834391437313,-0.7068583470577033,0.6885915653566966,-0.8691983756344267
1.156156156156156,-0.5699940567634958,-0.7068583470577035,0.6912856992376846,-0.8572739678766991
1.164114114114114,-0.5798992382434577,-0.7068583470577036,0.6937159275781197,-0.8455932713082908
1.172072072072072,-0.5897042965963087,-0.7068583470577035,0.6958984894318631,-0.8341496895968835
1.18003003003003,-0.5994141452052336,-0.7068583470577035,0.6978484294679809,-0.8229368480813162
1.187987987987988,-0.6090333378882175,-0.7068583470577036,0.6995797091579075,-0.8119485848921281
1.195945945945946,-0.6185661039740019,-0.7068583470577038,0.7011053050464683,-0.8011789424843151
1.203903903903904,-0.6280163791264181,-0.7068583470577033,0.7024372959180802,-0.790622159560568
1.211861861861862,-0.6373878325287575,-0.7068583470577035,0.7035869403728967,-0.7802726633645521
1.21981981981982,-0.6466838909386311,-0.7068583470577036,0.7045647460862691,-0.7701250623249752
1.227777777777778,-0.6559077600413916,-0.7068583470577035,0.7053805318272304,-0.7601741390323161
1.235735735735736,-0.6650624434627727,-0.7068583470577037,0.7060434831489717,-0.7504148435311273
1.243693693693694,-0.6741507597459195,-0.7068583470577035,0.7065622025295758,-0.7408422869118174
1.251651651651652,-0.683175357552142,-0.7068583470577035,0.7069447546292167,-0.7314517351867196
1.25960960960961,-0.6921387293066059,-0.7068583470577036,0.7071987072363934,-0.7222386034361318
1.267567567567567,-0.7010432234784082,-0.7068583470577035,0.7073311683971301,-0.7131984502108074
1.275525525525526,-0.7098910556578392,-0.7068583470577036,0.7073488201547826,-0.704326972178136
1.283483483483483,-0.7186843185712168,-0.7068583470577037,0.7072579492719671,-0.6956199989999698
1.291441441441441,-0.7274249911547698,-0.7068583470577036,0.7070644752584108,-0.6870734884307055
1.299399399399399,-0.7361149467929774,-0.7068583470577035,0.7067739759878326,-0.6786835216248682
1.307357357357357,-0.7447559608131435,-0.7068583470577036,0.7063917111521114,-0.6704462986440218
1.315315315315315,-0.7533497173163061,-0.7068583470577035,0.7059226437710598,-0.6623581341533941
1.323273273273273,-0.7618978154146245,-0.7068583470577036,0.7053714599503207,-0.6544154532991096
1.331231231231231,-0.7704017749367957,-0.7068583470577033,0.704742587057593,-0.6466147877574251
1.339189189189189,-0.7788630416556706,-0.7068583470577032,0.7040402104680362,-0.6389527719478104
1.347147147147147,-0.7872829920858503,-0.7068583470577036,0.7032682890128876,-0.6314261394021592
1.355105105105105,-0.7956629378935184,-0.7068583470577035,0.7024305692506335,-0.6240317192828108
1.363063063063063,-0.8040041299559408,-0.7068583470577035,0.701530598667248,-0.6167664330424599
1.371021021021021,-0.8123077621038984,-0.7068583470577035,0.7005717379007604,-0.6096272912193775
1.378978978978979,-0.8205749745766363,-0.7068583470577035,0.6995571720755155,-0.6026113903617206
1.386936936936937,-0.8288068572157323,-0.7068583470577033,0.6984899213227799,-0.595715910075018
1.394894894894895,-0.8370044524214677,-0.7068583470577035,0.6973728505566524,-0.5889381101872273
1.402852852852853,-0.8451687578928079,-0.7068583470577036,0.6962086785674287,-0.5822753280260462
1.410810810810811,-0.8533007291699402,-0.7068583470577035,0.6949999864885256,-0.5757249758034212
1.418768768768769,-0.8614012819963761,-0.7068583470577033,0.6937492256877088,-0.5692845381024618
1.426726726726727,-0.869471294515937,-0.7068583470577036,0.6924587251285879,-0.562951569462201
1.434684684684685,-0.8775116093184216,-0.7068583470577036,0.6911306982440752,-0.5567236920558741
1.442642642642643,-0.8855230353464347,-0.7068583470577035,0.6897672493596969,-0.5505985934585966
1.4506006006006,-0.8935063496746336,-0.7068583470577036,0.6883703797012333,-0.544574024500535
1.458558558558559,-0.9014622991716202,-0.7068583470577033,0.6869419930181023,-0.538647797201841
1.466516516516516,-0.909391602053729,-0.7068583470577036,0.6854839008511496,-0.5328177827858175
1.474474474474474,-0.9172949493391325,-0.7068583470577033,0.6839978274710387,-0.5270819097669401
1.482432432432432,-0.9251730062099108,-0.7068583470577036,0.6824854145111955,-0.5214381621105358
1.49039039039039,-0.9330264132890642,-0.7068583470577033,0.680948225317259,-0.5158845774610568
1.498348348348348,-0.9408557878388145,-0.7068583470577035,0.6793877490331579,-0.510419245436054
1.506306306306306,-0.9486617248860135,-0.7068583470577033,0.6778054044422958,-0.50504030598307
1.514264264264264,-0.9564447982799562,-0.7068583470577035,0.6762025435808235,-0.4997459477968206
1.522222222222222,-0.9642055616874622,-0.7068583470577036,0.674580455138631,-0.4945344067941466
1.53018018018018,-0.9719445495296799,-0.7068583470577036,0.6729403676624485,-0.4894039646443392
1.538138138138138,-0.9796622778646928,-0.7068583470577036,0.6712834525743329,-0.4843529473525545
1.546096096096096,-0.9873592452196895,-0.7068583470577035,0.6696108270177873,-0.4793797238941336
1.554054054054054,-0.9950359333761369,-0.7068583470577035,0.6679235565428328,-0.4744827048977525
1.562012012012012,-1.002692808111145,-0.7068583470577033,0.6662226576404962,-0.4696603413754122
1.56996996996997,-1.010330319897942,-0.7068583470577033,0.6645091001364006,-0.4649111234973786
1.577927927927928,-1.017948904568157,-0.7068583470577036,0.6627838094524329,-0.4602335794102586
1.585885885885886,-1.025548983938414,-0.7068583470577038,0.6610476687448066,-0.4556262740964919
1.593843843843844,-1.033130966403526,-0.7068583470577036,0.6593015209262404,-0.4510878082735993
1.601801801801802,-1.040695247498433,-0.7068583470577035,0.6575461705794222,-0.4466168173316206
1.60975975975976,-1.04824221043084,-0.7068583470577036,0.6557823857684241,-0.4422119703072279
1.617717717717718,-1.055772226586403,-0.7068583470577033,0.654010899754263,-0.4378719688930803
1.625675675675676,-1.063285656008139,-0.7068583470577033,0.6522324126203791,-0.4335955464810389
1.633633633633634,-1.070782847851644,-0.7068583470577033,0.6504475928134068,-0.4293814672379289
1.641591591591592,-1.078264140817575,-0.7068583470577036,0.6486570786042455,-0.4252285252125881
1.64954954954955,-1.085729863562764,-0.7068583470577035,0.6468614794741067,-0.421135543472997
1.657507507507507,-1.093180335091216,-0.7068583470577036,0.6450613774298969,-0.4171013732723395
1.665465465465465,-1.100615865126174,-0.7068583470577033,0.6432573282530136,-0.4131248932428881
1.673423423423423,-1.108036754464354,-0.7068583470577037,0.6414498626853605,-0.4092050086166626
1.681381381381381,-1.115443295313362,-0.7068583470577036,0.6396394875561469,-0.4053406504718434
1.689339339339339,-1.122835771613255,-0.7068583470577038,0.6378266868527992,-0.4015307750039793
1.697297297297297,-1.130214459343139,-0.7068583470577036,0.6360119227391132,-0.3977743628210561
1.705255255255255,-1.137579626813632,-0.7068583470577036,0.634195636523564,-0.39407041826154
1.713213213213213,-1.144931534945977,-0.7068583470577035,0.63237824958052,-0.3904179687345424
1.721171171171171,-1.152270437538527,-0.7068583470577036,0.6305601642269304,-0.3868160640812927
1.729129129129129,-1.159596581521296,-0.7068583470577035,0.6287417645568992,-0.3832637759571313
1.737087087087087,-1.166910207199205,-0.7068583470577035,0.6269234172364128,-0.3797601972332799
1.745045045045045,-1.174211548484632,-0.7068583470577036,0.6251054722603481,-0.3763044414176596
1.753003003003003,-1.181500833119822,-0.7068583470577033,0.6232882636737643,-0.3728956420940771
1.760960960960961,-1.188778282889689,-0.7068583470577035,0.621472110259358,-0.3695329523791075
1.768918918918919,-1.19604411382551,-0.7068583470577035,0.6196573161928535,-0.3662155443960439
1.776876876876877,-1.203298536399971,-0.7068583470577036,0.6178441716679932,-0.3629426087653008
1.784834834834835,-1.210541755714004,-0.7068583470577036,0.6160329534927003,-0.3597133541106877
1.792792792792793,-1.217773971675838,-0.7068583470577035,0.6142239256578883,-0.3565270065809891
1.800750750750751,-1.224995379172638,-0.7068583470577033,0.6124173398803154,-0.3533828093863106
1.808708708708709,-1.23220616823511,-0.7068583470577035,0.6106134361207955,-0.3502800223486754
1.816666666666667,-1.239406524195416,-0.7068583470577035,0.6088124430790067,-0.3472179214663688
1.824624624624624,-1.246596627838708,-0.7068583470577036,0.6070145786660667,-0.3441957984915552
1.832582582582583,-1.253776655548621,-0.7068583470577036,0.6052200504559814,-0.3412129605207064
1.84054054054054,-1.260946779446976,-0.7068583470577035,0.6034290561170107,-0.3382687295973991
1.848498498498498,-1.268107167528,-0.7068583470577035,0.6016417838239349,-0.3353624423270558
1.856456456456456,-1.275257983787296,-0.7068583470577036,0.5998584126521577,-0.332493449503222
1.864414414414414,-1.282399388345832,-0.7068583470577036,0.5980791129545258,-0.3296611157449854
1.872372372372372,-1.28953153756915,-0.7068583470577035,0.5963040467216982,-0.3268648191451592
1.88033033033033,-1.296654584182047,-0.7068583470577035,0.594533367926857,-0.3241039509288662
1.888288288288288,-1.303768677378908,-0.7068583470577035,0.5927672228555044,-0.3213779151221735
1.896246246246246,-1.310873962929902,-0.7068583470577035,0.5910057504210563,-0.3186861282304412
1.904204204204204,-1.317970583283222,-0.7068583470577033,0.5892490824669003,-0.3160280189260608
1.912162162162162,-1.325058677663542,-0.7068583470577033,0.5874973440555555,-0.3134030277452722
1.92012012012012,-1.332138382166869,-0.7068583470577033,0.5857506537455354,-0.310810606793757
1.928078078078078,-1.339209829851931,-0.7068583470577035,0.584009123856486,-0.3082502194607215
1.936036036036036,-1.346273150828273,-0.7068583470577036,0.5822728607231401,-0.305721340141188
1.943993993993994,-1.353328472341176,-0.7068583470577037,0.5805419649386027,-0.3032234539662294
1.951951951951952,-1.360375918853566,-0.7068583470577036,0.5788165315874542,-0.3007560565408846
1.95990990990991,-1.367415612125018,-0.7068583470577036,0.5770966504691379,-0.2983186536895097
1.967867867867868,-1.374447671287983,-0.7068583470577035,0.5753824063120685,-0.295910761208322
1.975825825825826,-1.381472212921364,-0.7068583470577036,0.5736738789788817,-0.2935319046249071
1.983783783783784,-1.388489351121539,-0.7068583470577038,0.5719711436632221,-0.2911816189644651
1.991741741741742,-1.395499197570942,-0.7068583470577035,0.5702742710784479,-0.2888594485225823
1.9996996996997,-1.402501861604305,-0.7068583470577036,0.5685833276386077,-0.2865649466443184
2.007657657657658,-1.409497450272653,-0.7068583470577036,0.5668983756320395,-0.2842976755094135
2.015615615615616,-1.416486068405139,-0.7068583470577035,0.5652194733879062,-0.2820572059234179
2.023573573573573,-1.423467818668815,-0.7068583470577035,0.5635466754359865,-0.2798431171145607
2.031531531531531,-1.430442801626416,-0.7068583470577036,0.5618800326600089,-0.2776549965361773
2.039489489489489,-1.437411115792234,-0.7068583470577035,0.5602195924448148,-0.2754924396745238
2.047447447447448,-1.444372857686162,-0.7068583470577033,0.5585653988176124,-0.2733550498618089
2.055405405405405,-1.451328121885975,-0.7068583470577035,0.5569174925835795,-0.2712424380942837
2.063363363363363,-1.458277001077925,-0.7068583470577035,0.5552759114560566,-0.2691542228552324
2.071321321321321,-1.465219586105697,-0.7068583470577035,0.5536406901815611,-0.267090029942716
2.079279279279279,-1.472155966017813,-0.7068583470577035,0.5520118606598429,-0.2650494923019199
2.087237237237237,-1.479086228113527,-0.7068583470577035,0.550389452059191,-0.2630322498619693
2.095195195195195,-1.486010457987268,-0.7068583470577035,0.548773490927193,-0.2610379493770729
2.103153153153153,-1.492928739571695,-0.7068583470577037,0.5471640012971369,-0.2590662442718685
2.111111111111111,-1.499841155179406,-0.7068583470577035,0.5455610047902387,-0.2571167944908403
2.119069069069069,-1.506747785543364,-0.7068583470577035,0.5439645207138681,-0.2551892663516874
2.127027027027027,-1.513648709856068,-0.7068583470577036,0.5423745661559408,-0.2532833324025249
2.134984984984985,-1.520544005807532,-0.7068583470577037,0.5407911560756355,-0.2513986712828058
2.142942942942943,-1.52743374962211,-0.7068583470577035,0.5392143033905851,-0.249534967587849
2.150900900900901,-1.53431801609421,-0.7068583470577033,0.5376440190606881,-0.2476919117368712
2.158858858858859,-1.541196878622928,-0.7068583470577035,0.5360803121686809,-0.2458691998444165
2.166816816816817,-1.548070409245654,-0.7068583470577036,0.534523189997598,-0.2440665335950859
2.174774774774775,-1.554938678670683,-0.7068583470577035,0.5329726581052513,-0.2422836201214701
2.182732732732733,-1.561801756308854,-0.7068583470577036,0.5314287203958462,-0.2405201718851908
2.19069069069069,-1.568659710304271,-0.7068583470577035,0.5298913791888512,-0.2387759065609619
2.198648648648649,-1.575512607564125,-0.7068583470577036,0.5283606352852308,-0.2370505469235832
2.206606606606607,-1.582360513787646,-0.7068583470577032,0.5268364880311486,-0.2353438207377812
2.214564564564565,-1.589203493494232,-0.7068583470577033,0.5253189353792391,-0.2336554606508163
2.222522522522522,-1.596041610050756,-0.7068583470577033,0.5238079739475487,-0.2319852040877771
2.23048048048048,-1.602874925698108,-0.7068583470577033,0.5223035990762337,-0.2303327931494835
2.238438438438438,-1.60970350157698,-0.7068583470577035,0.520805804882108,-0.2286979745129284
2.246396396396396,-1.616527397752922,-0.7068583470577033,0.5193145843111243,-0.2270804993341822
2.254354354354354,-1.623346673240699,-0.7068583470577036,0.5178299291888666,-0.2254801231536925
2.262312312312312,-1.630161386027969,-0.7068583470577036,0.516351830269138,-0.2238966058039119
2.27027027027027,-1.636971593098298,-0.7068583470577036,0.5148802772807128,-0.2223297113191885
2.278228228228228,-1.643777350453552,-0.7068583470577033,0.5134152589723269,-0.2207792078478553
2.286186186186186,-1.650578713135666,-0.7068583470577036,0.5119567631559738,-0.2192448675664581
2.294144144144144,-1.657375735247819,-0.7068583470577035,0.5105047767485746,-0.2177264665960629
2.302102102102102,-1.664168469975044,-0.7068583470577036,0.5090592858120788,-0.216223784920584
2.31006006006006,-1.670956969604267,-0.7068583470577037,0.5076202755920634,-0.2147366063070794
2.318018018018018,-1.677741285543823,-0.7068583470577035,0.5061877305548825,-0.2132647182279574
2.325975975975976,-1.684521468342442,-0.7068583470577035,0.504761634423426,-0.2118079117850434
2.333933933933934,-1.69129756770773,-0.7068583470577037,0.5033419702115378,-0.2103659816354559
2.341891891891892,-1.698069632524166,-0.7068583470577035,0.5019287202571486,-0.2089387259192431
2.34984984984985,-1.704837710870627,-0.7068583470577036,0.5005218662541666,-0.2075259461887311
2.357807807807808,-1.711601850037447,-0.7068583470577033,0.4991213892831787,-0.2061274473395395
2.365765765765766,-1.71836209654304,-0.7068583470577035,0.497727269841002,-0.2047430375432178
2.373723723723724,-1.725118496150088,-0.7068583470577033,0.4963394878691345,-0.203372528181461
2.381681681681682,-1.731871093881316,-0.7068583470577035,0.4949580227811398,-0.2020157337818595
2.38963963963964,-1.738619934034852,-0.7068583470577036,0.4935828534890128,-0.2006724719551469
2.397597597597597,-1.745365060199216,-0.7068583470577037,0.4922139584285575,-0.1993425633339006
2.405555555555555,-1.752106515267904,-0.7068583470577035,0.4908513155838199,-0.1980258315126613
2.413513513513514,-1.758844341453625,-0.7068583470577036,0.489494902510607,-0.1967221029894318
2.421471471471472,-1.765578580302163,-0.7068583470577033,0.4881446963591283,-0.1954312071085196
2.429429429429429,-1.772309272705905,-0.7068583470577035,0.4868006738957903,-0.1941529760046873
2.437387387387387,-1.779036458917029,-0.7068583470577036,0.4854628115241772,-0.1928872445485781
2.445345345345345,-1.785760178560356,-0.7068583470577035,0.4841310853052468,-0.1916338502933823
2.453303303303303,-1.792480470645902,-0.7068583470577032,0.4828054709767706,-0.1903926334227122
2.461261261261261,-1.799197373581111,-0.7068583470577035,0.4814859439720457,-0.1891634366996562
2.469219219219219,-1.805910925182787,-0.7068583470577035,0.4801724794379061,-0.1879461054169786
2.477177177177177,-1.812621162688745,-0.7068583470577035,0.4788650522520581,-0.1867404873484391
2.485135135135135,-1.819328122769177,-0.7068583470577035,0.4775636370397647,-0.1855464327012008
2.493093093093093,-1.826031841537739,-0.7068583470577035,0.4762682081899028,-0.1843637940693003
2.501051051051051,-1.83273235456238,-0.7068583470577035,0.4749787398704166,-0.1831924263881522
2.509009009009009,-1.839429696875907,-0.7068583470577036,0.4736952060431879,-0.1820321868900625
2.516966966966967,-1.846123902986305,-0.7068583470577036,0.4724175804783456,-0.1808829350607245
2.524924924924925,-1.852815006886805,-0.7068583470577033,0.4711458367680346,-0.1797445325966736
2.532882882882883,-1.859503042065725,-0.7068583470577036,0.4698799483396619,-0.1786168433636759
2.540840840840841,-1.866188041516071,-0.7068583470577032,0.4686198884686423,-0.1774997333560275
2.548798798798799,-1.872870037744922,-0.7068583470577037,0.4673656302906573,-0.1763930706567424
2.556756756756757,-1.879549062782588,-0.7068583470577036,0.4661171468134493,-0.1752967253986066
2.564714714714714,-1.886225148191571,-0.7068583470577036,0.4648744109281638,-0.1742105697260758
2.572672672672673,-1.892898325075305,-0.7068583470577035,0.4636373954202577,-0.1731344777579981
2.580630630630631,-1.899568624086702,-0.7068583470577035,0.4624060729799902,-0.1720683255511389
2.588588588588589,-1.906236075436504,-0.7068583470577033,0.4611804162125093,-0.1710119910644911
2.596546546546546,-1.912900708901445,-0.7068583470577035,0.4599603976475485,-0.1699653541243478
2.604504504504504,-1.919562553832229,-0.7068583470577036,0.4587459897487499,-0.1689282963901226
2.612462462462462,-1.926221639161323,-0.7068583470577033,0.4575371649226241,-0.1679007013208969
2.62042042042042,-1.932877993410586,-0.7068583470577037,0.4563338955271607,-0.166882454142677
2.628378378378378,-1.939531644698713,-0.7068583470577035,0.4551361538801049,-0.1658734418163448
2.636336336336336,-1.946182620748533,-0.7068583470577036,0.4539439122669051,-0.1648735530062838
2.644294294294294,-1.952830948894126,-0.7068583470577035,0.4527571429483518,-0.1638826780496663
2.652252252252252,-1.959476656087795,-0.7068583470577036,0.4515758181679114,-0.1629007089263829
2.66021021021021,-1.966119768906881,-0.7068583470577036,0.4503999101587703,-0.1619275392296028
2.668168168168168,-1.972760313560432,-0.7068583470577033,0.4492293911505977,-0.1609630641369462
2.676126126126126,-1.979398315895726,-0.7068583470577035,0.4480642333760357,-0.1600071803822563
2.684084084084084,-1.986033801404645,-0.7068583470577036,0.4469044090769315,-0.159059786227957
2.692042042042042,-1.992666795229926,-0.7068583470577036,0.4457498905103134,-0.1581207814379807
2.7,-1.999297322171265,-0.7068583470577036,0.4446006499541265,-0.1571900672512547
2.707957957957958,-2.005925406691297,-0.7068583470577035,0.4434566597127313,-0.1562675463557315
2.715915915915916,-2.012551072921448,-0.7068583470577036,0.4423178921221776,-0.1553531228629512
2.723873873873874,-2.019174344667658,-0.7068583470577033,0.4411843195552594,-0.1544467022831242
2.731831831831832,-2.02579524541599,-0.7068583470577035,0.440055914426358,-0.1535481915007196
2.73978978978979,-2.032413798338114,-0.7068583470577033,0.4389326491960832,-0.1526574987505504
2.747747747747748,-2.039030026296687,-0.7068583470577036,0.4378144963757171,-0.1517745335943429
2.755705705705706,-2.045643951850599,-0.7068583470577033,0.4367014285314699,-0.1508992068977784
2.763663663663663,-2.052255597260141,-0.7068583470577035,0.4355934182885511,-0.1500314308079974
2.771621621621621,-2.058864984492035,-0.7068583470577036,0.4344904383350667,-0.1491711187315549
2.779579579579579,-2.065472135224382,-0.7068583470577036,0.4333924614257447,-0.1483181853128179
2.787537537537538,-2.072077070851496,-0.7068583470577035,0.4322994603854972,-0.1474725464127922
2.795495495495496,-2.078679812488646,-0.7068583470577035,0.4312114081128243,-0.1466341190883724
2.803453453453453,-2.085280380976697,-0.7068583470577035,0.4301282775830654,-0.1458028215720025
2.811411411411411,-2.091878796886658,-0.7068583470577032,0.4290500418515027,-0.1449785732517388
2.819369369369369,-2.098475080524141,-0.7068583470577036,0.4279766740563227,-0.1441612946517073
2.827327327327327,-2.10506925193372,-0.7068583470577037,0.4269081474214415,-0.1433509074129443
2.835285285285285,-2.111661330903219,-0.7068583470577033,0.4258444352591965,-0.1425473342746137
2.843243243243243,-2.118251336967898,-0.7068583470577035,0.4247855109729107,-0.1417504990555916
2.851201201201201,-2.124839289414564,-0.7068583470577036,0.4237313480593353,-0.1409603266364099
2.859159159159159,-2.1314252072856,-0.7068583470577036,0.4226819201109712,-0.1401767429415519
2.867117117117117,-2.138009109382909,-0.7068583470577035,0.4216372008182784,-0.1393996749220903
2.875075075075075,-2.144591014271791,-0.7068583470577038,0.4205971639717724,-0.1386290505386622
2.883033033033033,-2.15117094028473,-0.7068583470577035,0.4195617834640168,-0.1378647987447724
2.890990990990991,-2.157748905525116,-0.7068583470577035,0.41853103329151,-0.1371068494704171
2.898948948948949,-2.164324927870894,-0.7068583470577036,0.4175048875564752,-0.1363551336060232
2.906906906906907,-2.17089902497814,-0.7068583470577035,0.4164833204685536,-0.1356095829866938
2.914864864864865,-2.177471214284564,-0.7068583470577035,0.4154663063464055,-0.1348701303767547
2.922822822822823,-2.184041513012955,-0.7068583470577035,0.4144538196192224,-0.1341367094545961
2.930780780780781,-2.190609938174551,-0.7068583470577035,0.4134458348281536,-0.1334092547977997
2.938738738738738,-2.197176506572349,-0.7068583470577035,0.4124423266276498,-0.1326877018685499
2.946696696696697,-2.203741234804351,-0.7068583470577035,0.4114432697867267,-0.1319719869993187
2.954654654654655,-2.210304139266745,-0.7068583470577036,0.4104486391901525,-0.1312620473788207
2.962612612612613,-2.216865236157033,-0.7068583470577033,0.4094584098395603,-0.1305578210382318
2.97057057057057,-2.223424541477092,-0.7068583470577036,0.4084725568544897,-0.1298592468376662
2.978528528528528,-2.229982071036183,-0.7068583470577033,0.407491055473359,-0.1291662644529055
2.986486486486486,-2.236537840453901,-0.7068583470577035,0.4065138810543713,-0.1284788143623754
2.994444444444444,-2.243091865163072,-0.7068583470577033,0.405541009076357,-0.1277968378343643
3.002402402402402,-2.249644160412589,-0.7068583470577036,0.4045724151395534,-0.1271202769144785
3.01036036036036,-2.25619474127021,-0.7068583470577035,0.4036080749663261,-0.1264490744133293
3.018318318318318,-2.262743622625286,-0.7068583470577033,0.4026479644018323,-0.1257831738944474
3.026276276276276,-2.269290819191456,-0.7068583470577036,0.4016920594146295,-0.125122519662419
3.034234234234234,-2.275836345509277,-0.7068583470577035,0.4007403360972309,-0.1244670567512397
3.042192192192192,-2.28238021594882,-0.7068583470577035,0.3997927706666091,-0.1238167309128813
3.05015015015015,-2.288922444712208,-0.7068583470577035,0.3988493394646512,-0.1231714886060667
3.058108108108108,-2.295463045836115,-0.7068583470577035,0.3979100189585661,-0.1225312769852504
3.066066066066066,-2.302002033194212,-0.7068583470577035,0.3969747857412461,-0.1218960438897968
3.074024024024024,-2.308539420499577,-0.7068583470577033,0.3960436165315845,-0.1212657378333567
3.081981981981982,-2.315075221307059,-0.7068583470577035,0.3951164881747509,-0.1206403079934332
3.08993993993994,-2.321609449015597,-0.7068583470577033,0.3941933776424257,-0.1200197042011376
3.097897897897898,-2.3281421168705,-0.7068583470577035,0.3932742620329953,-0.1194038769311281
3.105855855855856,-2.334673237965683,-0.7068583470577036,0.3923591185717097,-0.1187927772917286
3.113813813813814,-2.341202825245872,-0.7068583470577035,0.3914479246108037,-0.1181863570152246
3.121771771771772,-2.347730891508758,-0.7068583470577035,0.3905406576295834,-0.1175845684483323
3.12972972972973,-2.354257449407123,-0.7068583470577036,0.3896372952344788,-0.1169873645428359
3.137687687687687,-2.360782511450922,-0.7068583470577035,0.3887378151590644,-0.1163946988463921
3.145645645645645,-2.367306090009334,-0.7068583470577035,0.3878421952640484,-0.1158065254934969
3.153603603603603,-2.373828197312774,-0.7068583470577035,0.3869504135372328,-0.1152227991966112
3.161561561561562,-2.380348845454866,-0.7068583470577033,0.3860624480934446,-0.1146434752374437
3.16951951951952,-2.386868046394393,-0.7068583470577036,0.3851782771744384,-0.1140685094583858
3.177477477477477,-2.393385811957199,-0.7068583470577036,0.3842978791487747,-0.1134978582540966
3.185435435435435,-2.399902153838074,-0.7068583470577035,0.3834212325116713,-0.1129314785632356
3.193393393393393,-2.406417083602592,-0.7068583470577033,0.3825483158848301,-0.1123693278603385
3.201351351351351,-2.412930612688924,-0.7068583470577033,0.3816791080162426,-0.111811364147835
3.209309309309309,-2.419442752409625,-0.7068583470577035,0.3808135877799704,-0.1112575459482042
3.217267267267267,-2.425953513953379,-0.7068583470577035,0.3799517341759062,-0.1107078322962665
3.225225225225225,-2.432462908386724,-0.7068583470577035,0.3790935263295134,-0.1101621827316075
3.233183183183183,-2.438970946655745,-0.7068583470577035,0.3782389434915461,-0.1096205572911336
3.241141141141141,-2.445477639587738,-0.7068583470577035,0.3773879650377502,-0.1090829165017535
3.249099099099099,-2.451982997892843,-0.7068583470577035,0.3765405704685466,-0.1085492213731872
3.257057057057057,-2.458487032165658,-0.7068583470577036,0.3756967394086967,-0.1080194333908961
3.265015015015015,-2.464989752886816,-0.7068583470577037,0.3748564516069523,-0.1074935145091343
3.272972972972973,-2.471491170424541,-0.7068583470577033,0.3740196869356884,-0.1069714271441183
3.280930930930931,-2.477991295036185,-0.7068583470577037,0.3731864253905212,-0.1064531341673114
3.288888888888889,-2.484490136869719,-0.7068583470577035,0.3723566470899133,-0.1059385988988237
3.296846846846847,-2.490987705965224,-0.7068583470577033,0.3715303322747625,-0.105427785100921
3.304804804804805,-2.497484012256342,-0.7068583470577033,0.3707074613079792,-0.1049206569716452
3.312762762762762,-2.503979065571705,-0.7068583470577033,0.369888014674051,-0.1044171791385402
3.320720720720721,-2.510472875636348,-0.7068583470577036,0.3690719729785947,-0.1039173166524842
3.328678678678679,-2.516965452073088,-0.7068583470577035,0.3682593169478979,-0.103421034981624
3.336636636636637,-2.523456804403893,-0.7068583470577033,0.3674500274284485,-0.1029283000054115
3.344594594594594,-2.529946942051216,-0.7068583470577035,0.3666440853864555,-0.1024390780087383
3.352552552552552,-2.536435874339317,-0.7068583470577035,0.3658414719073587,-0.1019533356761687
3.36051051051051,-2.542923610495563,-0.7068583470577037,0.3650421681953293,-0.1014710400862672
3.368468468468468,-2.549410159651696,-0.7068583470577036,0.3642461555727625,-0.1009921587060208
3.376426426426426,-2.555895530845099,-0.7068583470577035,0.3634534154797609,-0.1005166593853521
3.384384384384384,-2.562379733020028,-0.7068583470577036,0.3626639294736103,-0.1000445103517231
3.392342342342342,-2.568862775028825,-0.7068583470577036,0.3618776792282482,-0.09957568020482802
3.4003003003003,-2.575344665633121,-0.7068583470577036,0.3610946465337252,-0.09911013791137198
3.408258258258258,-2.58182541350501,-0.7068583470577035,0.3603148132956593,-0.09864785279993546
3.416216216216216,-2.58830502722821,-0.7068583470577033,0.3595381615346844,-0.09818879455592266
3.424174174174174,-2.594783515299207,-0.7068583470577036,0.358764673385893,-0.09773293321659123
3.432132132132132,-2.601260886128372,-0.7068583470577035,0.3579943310982732,-0.09728023916616317
3.44009009009009,-2.607737148041072,-0.7068583470577035,0.3572271170341401,-0.09683068313101471
3.448048048048048,-2.614212309278757,-0.7068583470577033,0.3564630136685633,-0.0963842361749435
3.456006006006006,-2.620686378000032,-0.7068583470577032,0.3557020035887892,-0.09594086969451239
3.463963963963964,-2.627159362281714,-0.7068583470577036,0.3549440694936587,-0.09550055541446761
3.471921921921922,-2.633631270119862,-0.7068583470577035,0.3541891941930229,-0.09506326538323097
3.47987987987988,-2.640102109430812,-0.7068583470577033,0.3534373606071526,-0.09462897196846339
3.487837837837838,-2.646571888052176,-0.7068583470577036,0.3526885517661461,-0.09419764785269964
3.495795795795796,-2.653040613743835,-0.7068583470577032,0.3519427508093342,-0.09376926602905279
3.503753753753754,-2.659508294188917,-0.7068583470577035,0.3511999409846809,-0.09334379979698622
3.511711711711711,-2.665974936994755,-0.7068583470577035,0.3504601056481835,-0.09292122275815325
3.519669669669669,-2.672440549693837,-0.7068583470577035,0.3497232282632686,-0.09250150881230211
3.527627627627627,-2.678905139744739,-0.7068583470577035,0.3489892924001868,-0.09208463215324572
3.535585585585586,-2.685368714533039,-0.7068583470577032,0.3482582817354067,-0.09167056726489498
3.543543543543544,-2.691831281372228,-0.7068583470577037,0.3475301800510049,-0.09125928891735401
3.551501501501501,-2.698292847504591,-0.7068583470577031,0.3468049712340569,-0.09085077216307694
3.559459459459459,-2.704753420102098,-0.7068583470577033,0.346082639276025,-0.09044499233308452
3.567417417417417,-2.711213006267255,-0.7068583470577035,0.3453631682721466,-0.09004192503323984
3.575375375375375,-2.717671613033964,-0.7068583470577037,0.3446465424208211,-0.08964154614058213
3.583333333333333,-2.724129247368357,-0.7068583470577036,0.3439327460229959,-0.08924383179971719
3.591291291291291,-2.730585916169627,-0.7068583470577033,0.3432217634815523,-0.08884875841926407
3.599249249249249,-2.737041626270841,-0.7068583470577036,0.3425135793006909,-0.08845630266835643
3.607207207207207,-2.743496384439736,-0.7068583470577036,0.3418081780853172,-0.08806644147319806
3.615165165165165,-2.749950197379517,-0.7068583470577035,0.3411055445404271,-0.08767915201367131
3.623123123123123,-2.756403071729633,-0.7068583470577035,0.3404056634704919,-0.08729441171999765
3.631081081081081,-2.762855014066544,-0.7068583470577035,0.3397085197788451,-0.08691219826944932
3.639039039039039,-2.769306030904474,-0.7068583470577036,0.3390140984670678,-0.08653248958311144
3.646996996996997,-2.775756128696163,-0.7068583470577036,0.3383223846343763,-0.08615526382269333
3.654954954954955,-2.782205313833596,-0.7068583470577036,0.3376333634770096,-0.08578049938738851
3.662912912912913,-2.788653592648728,-0.7068583470577035,0.3369470202876178,-0.0854081749107823
3.670870870870871,-2.795100971414196,-0.7068583470577033,0.3362633404546515,-0.08503826925780643
3.678828828828829,-2.801547456344025,-0.7068583470577035,0.3355823094617524,-0.08467076152173955
3.686786786786787,-2.807993053594318,-0.7068583470577035,0.3349039128871452,-0.08430563102125314
3.694744744744745,-2.81443776926394,-0.7068583470577033,0.3342281364030299,-0.08394285729750185
3.702702702702703,-2.820881609395188,-0.7068583470577035,0.333554965774977,-0.08358242011125762
3.710660660660661,-2.82732457997446,-0.7068583470577036,0.3328843868613227,-0.08322429944008665
3.718618618618618,-2.833766686932906,-0.7068583470577036,0.3322163856125666,-0.08286847547556882
3.726576576576576,-2.840207936147073,-0.7068583470577037,0.3315509480707703,-0.08251492862055841
3.734534534534534,-2.846648333439536,-0.7068583470577033,0.3308880603689589,-0.08216363948648585
3.742492492492492,-2.853087884579538,-0.7068583470577035,0.3302277087305227,-0.08181458889069936
3.75045045045045,-2.85952659528359,-0.7068583470577036,0.3295698794686224,-0.08146775785384627
3.758408408408408,-2.865964471216095,-0.7068583470577035,0.3289145589855952,-0.0811231275972929
3.766366366366366,-2.872401517989939,-0.7068583470577035,0.3282617337723633,-0.08078067954058271
3.774324324324324,-2.87883774116709,-0.7068583470577032,0.3276113904078445,-0.0804403952989319
3.782282282282282,-2.885273146259177,-0.7068583470577036,0.3269635155583649,-0.08010225668076174
3.79024024024024,-2.891707738728067,-0.7068583470577036,0.3263180959770741,-0.07976624568526725
3.798198198198198,-2.898141523986437,-0.7068583470577036,0.3256751185033619,-0.07943234450002154
3.806156156156156,-2.904574507398326,-0.7068583470577033,0.3250345700622786,-0.07910053549861502
3.814114114114114,-2.911006694279696,-0.7068583470577036,0.3243964376639565,-0.07877080123832919
3.822072072072072,-2.917438089898969,-0.7068583470577033,0.3237607084030347,-0.07844312445784424
3.83003003003003,-2.92386869947757,-0.7068583470577033,0.3231273694580852,-0.07811748807497987
3.837987987987988,-2.930298528190454,-0.7068583470577037,0.3224964080910436,-0.07779387518446912
3.845945945945946,-2.936727581166627,-0.7068583470577035,0.3218678116466401,-0.07747226905576413
3.853903903903904,-2.943155863489666,-0.7068583470577036,0.3212415675518348,-0.07715265313087379
3.861861861861862,-2.949583380198225,-0.7068583470577033,0.3206176633152543,-0.07683501102223232
3.86981981981982,-2.956010136286536,-0.7068583470577033,0.3199960865266326,-0.07651932651059887
3.877777777777778,-2.962436136704904,-0.7068583470577035,0.319376824856253,-0.07620558354298682
3.885735735735735,-2.968861386360193,-0.7068583470577035,0.3187598660543942,-0.07589376623062308
3.893693693693693,-2.975285890116315,-0.7068583470577036,0.318145197950778,-0.07558385884693632
3.901651651651652,-2.981709652794696,-0.7068583470577033,0.3175328084540212,-0.07527584582557416
3.90960960960961,-2.98813267917475,-0.7068583470577035,0.3169226855510885,-0.07496971175844826
3.917567567567567,-2.99455497399434,-0.7068583470577037,0.3163148173067501,-0.07466544139380742
3.925525525525525,-3.000976541950233,-0.7068583470577033,0.3157091918630413,-0.07436301963433792
3.933483483483483,-3.007397387698555,-0.7068583470577033,0.3151057974387245,-0.0740624315352907
3.941441441441441,-3.013817515855227,-0.7068583470577033,0.3145046223287557,-0.07376366230263509
3.949399399399399,-3.020236930996412,-0.7068583470577036,0.313905654903752,-0.07346669729123834
3.957357357357357,-3.026655637658938,-0.7068583470577035,0.3133088836094641,-0.0731715220030711
3.965315315315315,-3.033073640340739,-0.7068583470577035,0.3127142969662497,-0.07287812208543763
3.973273273273273,-3.03949094350126,-0.7068583470577033,0.3121218835685519,-0.07258648332923123
3.981231231231231,-3.045907551561883,-0.7068583470577036,0.3115316320843787,-0.07229659166721385
3.989189189189189,-3.052323468906335,-0.7068583470577036,0.3109435312547877,-0.07200843317231964
3.997147147147147,-3.05873869988109,-0.7068583470577033,0.3103575698933716,-0.0717219940559822
4.005105105105105,-3.065153248795775,-0.7068583470577035,0.309773736885748,-0.07143726066648522
4.013063063063063,-3.071567119923558,-0.7068583470577037,0.3091920211890523,-0.07115421948733555
4.021021021021021,-3.077980317501537,-0.7068583470577033,0.3086124118314335,-0.07087285713565949
4.028978978978979,-3.084392845731135,-0.7068583470577033,0.3080348979115523,-0.07059316036062038
4.036936936936937,-3.090804708778462,-0.7068583470577032,0.3074594685980838,-0.07031511604185885
4.044894894894895,-3.097215910774707,-0.7068583470577036,0.3068861131292213,-0.07003871118795373
4.052852852852853,-3.103626455816493,-0.7068583470577035,0.3063148208121859,-0.06976393293490489
4.060810810810811,-3.110036347966253,-0.7068583470577036,0.3057455810227357,-0.06949076854463608
4.068768768768769,-3.116445591252581,-0.7068583470577033,0.3051783832046817,-0.06921920540351902
4.076726726726727,-3.122854189670598,-0.7068583470577036,0.3046132168694035,-0.06894923102091691
4.084684684684685,-3.129262147182292,-0.7068583470577035,0.3040500715953708,-0.06868083302774831
4.092642642642643,-3.135669467716874,-0.7068583470577037,0.3034889370276664,-0.06841399917507043
4.1006006006006,-3.142076155171113,-0.7068583470577035,0.3029298028775126,-0.06814871733268138
4.108558558558559,-3.14848221340968,-0.7068583470577035,0.302372658921801,-0.06788497548774174
4.116516516516517,-3.154887646265477,-0.7068583470577036,0.3018174950026247,-0.06762276174341447
4.124474474474475,-3.161292457539969,-0.7068583470577036,0.301264301026815,-0.06736206431752335
4.132432432432433,-3.167696651003507,-0.7068583470577037,0.300713066965479,-0.06710287154122944
4.14039039039039,-3.174100230395652,-0.7068583470577033,0.3001637828535426,-0.06684517185772519
4.148348348348349,-3.180503199425496,-0.7068583470577033,0.2996164387892944,-0.06658895382094626
4.156306306306306,-3.186905561771962,-0.7068583470577035,0.2990710249339347,-0.06633420609430066
4.164264264264264,-3.193307321084126,-0.7068583470577033,0.2985275315111259,-0.06608091744941444
4.172222222222222,-3.199708480981519,-0.7068583470577033,0.2979859488065466,-0.06582907676489465
4.18018018018018,-3.206109045054428,-0.7068583470577035,0.297446267167449,-0.06557867302510845
4.188138138138139,-3.212509016864193,-0.7068583470577033,0.2969084770022191,-0.06532969531897843
4.196096096096096,-3.218908399943502,-0.7068583470577035,0.2963725687799393,-0.06508213283879419
4.204054054054054,-3.225307197796684,-0.7068583470577036,0.2958385330299555,-0.06483597487903922
4.212012012012012,-3.231705413899994,-0.7068583470577036,0.2953063603414453,-0.06459121083523366
4.21996996996997,-3.238103051701895,-0.7068583470577032,0.2947760413629907,-0.06434783020279219
4.227927927927928,-3.244500114623345,-0.7068583470577033,0.2942475668021534,-0.06410582257589688
4.235885885885886,-3.250896606058064,-0.7068583470577033,0.2937209274250524,-0.06386517764638495
4.243843843843844,-3.257292529372815,-0.7068583470577035,0.2931961140559455,-0.06362588520265103
4.251801801801802,-3.263687887907671,-0.7068583470577037,0.2926731175768131,-0.06338793512856387
4.25975975975976,-3.270082684976279,-0.7068583470577033,0.2921519289269455,-0.06315131740239723
4.267717717717717,-3.276476923866135,-0.7068583470577037,0.2916325391025322,-0.0629160220957745
4.275675675675676,-3.282870607838828,-0.7068583470577035,0.2911149391562551,-0.06268203937262733
4.283633633633634,-3.289263740130309,-0.7068583470577036,0.2905991201968845,-0.0624493594881677
4.291591591591592,-3.295656323951142,-0.7068583470577037,0.2900850733888767,-0.0622179727878731
4.29954954954955,-3.302048362486753,-0.7068583470577037,0.2895727899519768,-0.06198786970648529
4.307507507507507,-3.30843985889768,-0.7068583470577035,0.2890622611608218,-0.06175904076702151
4.315465465465466,-3.314830816319823,-0.7068583470577036,0.2885534783445484,-0.06153147657979876
4.323423423423423,-3.32122123786467,-0.7068583470577032,0.2880464328864033,-0.06130516784147071
4.331381381381382,-3.327611126619561,-0.7068583470577033,0.2875411162233549,-0.06108010533407646
4.33933933933934,-3.334000485647901,-0.7068583470577033,0.2870375198457106,-0.0608562799241023
4.347297297297297,-3.340389317989409,-0.7068583470577036,0.2865356352967336,-0.06063368256155471
4.355255255255256,-3.346777626660341,-0.7068583470577033,0.2860354541722653,-0.06041230427904569
4.363213213213213,-3.353165414653722,-0.7068583470577035,0.2855369681203486,-0.06019213619088964
4.371171171171171,-3.359552684939571,-0.7068583470577033,0.2850401688408552,-0.05997316949221163
4.379129129129129,-3.365939440465124,-0.7068583470577036,0.2845450480851142,-0.0597553954580671
4.387087087087087,-3.372325684155051,-0.7068583470577037,0.2840515976555456,-0.05953880544257282
4.395045045045046,-3.378711418911676,-0.7068583470577038,0.2835598094052937,-0.05932339087804855
4.403003003003003,-3.385096647615196,-0.7068583470577035,0.2830696752378662,-0.05910914327416995
4.410960960960961,-3.391481373123889,-0.7068583470577033,0.282581187106773,-0.05889605421713181
4.418918918918919,-3.397865598274325,-0.7068583470577036,0.2820943370151704,-0.05868411536882207
4.426876876876877,-3.404249325881571,-0.7068583470577033,0.2816091170155058,-0.05847331846600615
4.434834834834835,-3.410632558739404,-0.7068583470577035,0.2811255192091666,-0.05826365531952146
4.442792792792793,-3.417015299620509,-0.7068583470577036,0.2806435357461301,-0.05805511781348197
4.450750750750751,-3.423397551276676,-0.7068583470577033,0.2801631588246183,-0.05784769790449307
4.458708708708709,-3.429779316439007,-0.7068583470577036,0.2796843806907523,-0.05764138762087563
4.466666666666667,-3.436160597818104,-0.7068583470577035,0.2792071936382124,-0.05743617906190029
4.474624624624624,-3.442541398104266,-0.7068583470577035,0.2787315900078981,-0.05723206439703096
4.482582582582583,-3.448921719967687,-0.7068583470577036,0.2782575621875922,-0.0570290358651777
4.490540540540541,-3.455301566058629,-0.7068583470577032,0.2777851026116274,-0.05682708577395925
4.498498498498499,-3.461680939007629,-0.7068583470577036,0.2773142037605538,-0.05662620649897401
4.506456456456457,-3.468059841425668,-0.7068583470577035,0.2768448581608119,-0.05642639048308076
4.514414414414414,-3.474438275904364,-0.7068583470577035,0.2763770583844045,-0.05622763023568762
4.522372372372373,-3.480816245016148,-0.7068583470577035,0.2759107970485737,-0.05602991833205016
4.53033033033033,-3.487193751314446,-0.7068583470577036,0.2754460668154795,-0.05583324741257803
4.538288288288288,-3.493570797333851,-0.7068583470577033,0.2749828603918804,-0.05563761018214999
4.546246246246247,-3.499947385590306,-0.7068583470577033,0.274521170528817,-0.05544299940943745
4.554204204204204,-3.506323518581269,-0.7068583470577035,0.2740609900212981,-0.05524940792623625
4.562162162162163,-3.512699198785886,-0.7068583470577036,0.2736023117079882,-0.05505682862680651
4.57012012012012,-3.519074428665164,-0.7068583470577035,0.2731451284708986,-0.05486525446722067
4.578078078078078,-3.525449210662134,-0.7068583470577035,0.2726894332350799,-0.0546746784647193
4.586036036036036,-3.531823547202018,-0.7068583470577036,0.2722352189683176,-0.05448509369707478
4.593993993993994,-3.538197440692393,-0.7068583470577036,0.2717824786808292,-0.05429649330196282
4.601951951951953,-3.54457089352335,-0.7068583470577035,0.2713312054249645,-0.05410887047634137
4.60990990990991,-3.550943908067658,-0.7068583470577035,0.270881392294907,-0.05392221847583716
4.617867867867868,-3.557316486680917,-0.7068583470577035,0.2704330324263791,-0.0537365306141396
4.625825825825826,-3.563688631701724,-0.7068583470577036,0.2699861189963481,-0.0535518002624019
4.633783783783784,-3.57006034545181,-0.7068583470577036,0.2695406452227354,-0.05336802084864966
4.641741741741741,-3.576431630236213,-0.7068583470577036,0.2690966043641274,-0.05318518585719612
4.6496996996997,-3.58280248834342,-0.7068583470577036,0.2686539897194888,-0.05300328882806469
4.657657657657658,-3.589172922045509,-0.7068583470577032,0.2682127946278784,-0.05282232335641851
4.665615615615616,-3.595542933598316,-0.7068583470577036,0.2677730124681659,-0.05264228309199636
4.673573573573574,-3.601912525241558,-0.7068583470577033,0.267334636658753,-0.05246316173855581
4.681531531531531,-3.608281699199001,-0.7068583470577033,0.2668976606572939,-0.05228495305332252
4.68948948948949,-3.614650457678587,-0.7068583470577035,0.2664620779604204,-0.05210765084644645
4.697447447447447,-3.621018802872579,-0.7068583470577033,0.2660278821034679,-0.05193124898046435
4.705405405405406,-3.627386736957708,-0.7068583470577035,0.2655950666602032,-0.05175574136976854
4.713363363363364,-3.633754262095303,-0.7068583470577036,0.2651636252425554,-0.0515811219800821
4.721321321321321,-3.640121380431433,-0.7068583470577035,0.2647335515003481,-0.05140738482794018
4.72927927927928,-3.646488094097041,-0.7068583470577035,0.2643048391210338,-0.05123452398017739
4.737237237237237,-3.652854405208079,-0.7068583470577036,0.2638774818294305,-0.05106253355342134
4.745195195195195,-3.65922031586564,-0.7068583470577036,0.2634514733874603,-0.05089140771359189
4.753153153153153,-3.66558582815609,-0.7068583470577035,0.2630268075938897,-0.05072114067540651
4.761111111111111,-3.671950944151197,-0.7068583470577035,0.2626034782840724,-0.05055172670189127
4.76906906906907,-3.678315665908263,-0.7068583470577032,0.2621814793296936,-0.05038316010389757
4.777027027027027,-3.684679995470244,-0.7068583470577037,0.2617608046385164,-0.05021543523962457
4.784984984984985,-3.69104393486588,-0.7068583470577035,0.2613414481541306,-0.05004854651414702
4.792942942942943,-3.697407486109827,-0.7068583470577037,0.2609234038557023,-0.0498824883789487
4.800900900900901,-3.703770651202762,-0.7068583470577035,0.2605066657577272,-0.04971725533146137
4.808858858858859,-3.710133432131526,-0.7068583470577035,0.2600912279097836,-0.04955284191460869
4.816816816816817,-3.716495830869226,-0.7068583470577035,0.2596770843962892,-0.04938924271635582
4.824774774774775,-3.72285784937537,-0.7068583470577036,0.2592642293362589,-0.04922645236926402
4.832732732732733,-3.729219489595971,-0.7068583470577035,0.2588526568830642,-0.0490644655500503
4.840690690690691,-3.735580753463673,-0.7068583470577035,0.2584423612241956,-0.04890327697915239
4.848648648648648,-3.741941642897868,-0.7068583470577038,0.2580333365810247,-0.04874288142029837
4.856606606606607,-3.7483021598048,-0.7068583470577035,0.2576255772085712,-0.04858327368008155
4.864564564564565,-3.754662306077689,-0.7068583470577035,0.2572190773952683,-0.04842444860754004
4.872522522522523,-3.761022083596838,-0.7068583470577035,0.2568138314627326,-0.04826640109374108
4.880480480480481,-3.767381494229745,-0.7068583470577036,0.2564098337655346,-0.04810912607137033
4.888438438438438,-3.77374053983121,-0.7068583470577032,0.2560070786909708,-0.04795261851432555
4.896396396396397,-3.78009922224345,-0.7068583470577033,0.2556055606588376,-0.04779687343731511
4.904354354354354,-3.7864575432962,-0.7068583470577038,0.255205274121208,-0.04764188589546103
4.912312312312312,-3.792815504806819,-0.7068583470577033,0.2548062135622087,-0.04748765098390641
4.920270270270271,-3.799173108580405,-0.7068583470577035,0.2544083734977989,-0.04733416383742733
4.928228228228228,-3.805530356409887,-0.7068583470577036,0.2540117484755524,-0.04718141963004936
4.936186186186187,-3.811887250076133,-0.7068583470577035,0.2536163330744393,-0.04702941357466794
4.944144144144144,-3.818243791348056,-0.7068583470577033,0.2532221219046109,-0.04687814092267355
4.952102102102102,-3.824599981982709,-0.7068583470577035,0.2528291096071852,-0.04672759696358065
4.96006006006006,-3.83095582372539,-0.7068583470577036,0.2524372908540351,-0.04657777702466107
4.968018018018018,-3.837311318309733,-0.7068583470577035,0.2520466603475774,-0.04642867647058145
4.975975975975977,-3.843666467457817,-0.7068583470577032,0.2516572128205636,-0.0462802907030446
4.983933933933934,-3.850021272880254,-0.7068583470577033,0.2512689430358724,-0.04613261516043504
4.991891891891892,-3.85637573627629,-0.7068583470577032,0.2508818457863039,-0.04598564531746836
4.99984984984985,-3.8627298593339,-0.7068583470577036,0.2504959158943749,-0.04583937668484458
5.007807807807808,-3.869083643729873,-0.7068583470577033,0.2501111482121169,-0.04569380480890538
5.015765765765765,-3.875437091129922,-0.7068583470577032,0.2497275376208739,-0.04554892527129491
5.023723723723724,-3.881790203188762,-0.7068583470577035,0.2493450790311031,-0.04540473368862467
5.031681681681682,-3.888142981550204,-0.7068583470577036,0.2489637673821772,-0.04526122571214197
5.03963963963964,-3.89449542784725,-0.7068583470577035,0.248583597642187,-0.04511839702740187
5.047597597597598,-3.900847543702178,-0.7068583470577032,0.2482045648077467,-0.04497624335394311
5.055555555555555,-3.907199330726638,-0.7068583470577036,0.2478266639037999,-0.04483476044496721
5.063513513513514,-3.913550790521725,-0.7068583470577035,0.247449889983428,-0.04469394408702142
5.071471471471471,-3.919901924678082,-0.7068583470577035,0.2470742381276589,-0.04455379009968498
5.07942942942943,-3.926252734775972,-0.7068583470577035,0.2466997034452781,-0.04441429433525883
5.087387387387388,-3.932603222385376,-0.7068583470577036,0.2463262810726408,-0.04427545267845878
5.095345345345345,-3.938953389066066,-0.7068583470577033,0.2459539661734854,-0.04413726104611192
5.103303303303304,-3.945303236367697,-0.7068583470577033,0.2455827539387487,-0.04399971538685652
5.111261261261261,-3.951652765829885,-0.7068583470577035,0.2452126395863824,-0.04386281168084503
5.119219219219219,-3.958001978982286,-0.7068583470577033,0.2448436183611708,-0.04372654593945035
5.127177177177177,-3.964350877344686,-0.7068583470577035,0.24447568553455,-0.04359091420497534
5.135135135135135,-3.970699462427072,-0.7068583470577035,0.2441088364044291,-0.04345591255036548
5.143093093093094,-3.977047735729716,-0.7068583470577033,0.2437430662950112,-0.04332153707892455
5.151051051051051,-3.983395698743255,-0.7068583470577036,0.2433783705566176,-0.04318778392403347
5.159009009009009,-3.989743352948761,-0.7068583470577033,0.2430147445655121,-0.04305464924887212
5.166966966966967,-3.99609069981783,-0.7068583470577036,0.2426521837237271,-0.04292212924614424
5.174924924924925,-4.002437740812648,-0.7068583470577035,0.2422906834588909,-0.04279022013780518
5.182882882882883,-4.008784477386072,-0.7068583470577033,0.2419302392240564,-0.04265891817479262
5.190840840840841,-4.015130910981704,-0.7068583470577033,0.2415708464975309,-0.04252821963676018
5.198798798798799,-4.021477043033962,-0.7068583470577036,0.2412125007827078,-0.04239812083181398
5.206756756756757,-4.027822874968159,-0.7068583470577035,0.2408551976078986,-0.04226861809625172
5.214714714714715,-4.034168408200568,-0.7068583470577033,0.240498932526167,-0.04213970779430502
5.222672672672672,-4.040513644138505,-0.7068583470577035,0.2401437011151637,-0.04201138631788394
5.230630630630631,-4.04685858418039,-0.7068583470577036,0.2397894989769629,-0.04188365008632471
5.238588588588589,-4.053203229715821,-0.7068583470577036,0.2394363217379001,-0.04175649554613989
5.246546546546547,-4.059547582125649,-0.7068583470577037,0.2390841650484101,-0.04162991917077119
5.254504504504505,-4.065891642782034,-0.7068583470577035,0.2387330245828681,-0.04150391746034503
5.262462462462462,-4.072235413048531,-0.7068583470577035,0.2383828960394296,-0.04137848694143051
5.270420420420421,-4.078578894280149,-0.7068583470577035,0.2380337751398738,-0.04125362416680006
5.278378378378378,-4.084922087823412,-0.7068583470577036,0.2376856576294469,-0.04112932571519269
5.286336336336336,-4.091264995016437,-0.7068583470577033,0.2373385392767069,-0.04100558819107947
5.294294294294295,-4.097607617188998,-0.7068583470577035,0.2369924158733691,-0.04088240822443172
5.302252252252252,-4.103949955662581,-0.7068583470577036,0.236647283234154,-0.04075978247049157
5.310210210210211,-4.110292011750466,-0.7068583470577037,0.236303137196635,-0.04063770760954481
5.318168168168168,-4.116633786757772,-0.7068583470577035,0.2359599736210878,-0.04051618034669635
5.326126126126126,-4.122975281981539,-0.7068583470577036,0.2356177883903411,-0.04039519741164774
5.334084084084084,-4.129316498710777,-0.7068583470577033,0.2352765774096284,-0.04027475555847725
5.342042042042042,-4.135657438226537,-0.7068583470577035,0.2349363366064403,-0.04015485156542214
5.350000000000001,-4.141998101801969,-0.7068583470577036,0.2345970619303788,-0.04003548223466316
5.357957957957958,-4.148338490702381,-0.7068583470577037,0.2342587493530122,-0.03991664439211141
5.365915915915916,-4.154678606185304,-0.7068583470577033,0.233921394867731,-0.03979833488719726
5.373873873873874,-4.161018449500554,-0.7068583470577035,0.233584994489605,-0.03968055059266156
5.381831831831832,-4.167358021890284,-0.7068583470577036,0.2332495442552418,-0.03956328840434905
5.38978978978979,-4.173697324589047,-0.7068583470577036,0.2329150402226458,-0.0394465452410037
5.397747747747748,-4.180036358823857,-0.7068583470577036,0.2325814784710788,-0.03933031804406641
5.405705705705706,-4.186375125814243,-0.7068583470577035,0.2322488551009209,-0.03921460377747463
5.413663663663664,-4.192713626772307,-0.7068583470577035,0.2319171662335334,-0.03909939942746408
5.421621621621622,-4.199051862902784,-0.7068583470577033,0.2315864080111219,-0.03898470200237259
5.429579579579579,-4.205389835403094,-0.7068583470577035,0.2312565765966011,-0.03887050853244576
5.437537537537538,-4.211727545463398,-0.7068583470577032,0.2309276681734597,-0.03875681606964481
5.445495495495495,-4.218064994266659,-0.7068583470577032,0.2305996789456274,-0.03864362168745629
5.453453453453454,-4.224402182988691,-0.7068583470577033,0.2302726051373422,-0.03853092248070373
5.461411411411412,-4.230739112798214,-0.7068583470577036,0.2299464429930186,-0.0384187155653613
5.469369369369369,-4.237075784856907,-0.7068583470577035,0.2296211887771175,-0.03830699807836919
5.477327327327328,-4.243412200319468,-0.7068583470577033,0.2292968387740161,-0.03819576717745107
5.485285285285285,-4.249748360333657,-0.7068583470577035,0.2289733892878796,-0.03808502004093327
5.493243243243243,-4.256084266040356,-0.7068583470577036,0.2286508366425332,-0.03797475386756581
5.501201201201201,-4.262419918573618,-0.7068583470577036,0.2283291771813358,-0.0378649658763453
5.509159159159159,-4.268755319060713,-0.7068583470577036,0.2280084072670538,-0.03775565330633959
5.517117117117118,-4.275090468622191,-0.7068583470577035,0.2276885232817364,-0.03764681341651414
5.525075075075075,-4.281425368371922,-0.7068583470577032,0.2273695216265917,-0.03753844348556024
5.533033033033033,-4.28776001941715,-0.7068583470577035,0.2270513987218634,-0.03743054081172489
5.540990990990991,-4.294094422858544,-0.7068583470577035,0.2267341510067092,-0.03732310271264237
5.548948948948949,-4.30042857979024,-0.7068583470577035,0.226417774939079,-0.03721612652516763
5.556906906906907,-4.3067624912999,-0.7068583470577035,0.226102266995595,-0.03710960960521113
5.564864864864865,-4.313096158468753,-0.7068583470577036,0.225787623671432,-0.03700354932757557
5.572822822822823,-4.319429582371645,-0.7068583470577035,0.225473841480199,-0.03689794308579406
5.580780780780781,-4.325762764077083,-0.7068583470577036,0.2251609169538216,-0.03679278829197002
5.588738738738739,-4.332095704647291,-0.7068583470577033,0.2248488466424249,-0.03668808237661863
5.596696696696696,-4.338428405138244,-0.7068583470577033,0.2245376271142179,-0.03658382278850986
5.604654654654655,-4.344760866599728,-0.7068583470577035,0.2242272549553777,-0.03648000699451303
5.612612612612613,-4.351093090075369,-0.7068583470577035,0.2239177267699365,-0.03637663247944303
5.620570570570571,-4.357425076602694,-0.7068583470577035,0.223609039179667,-0.0362736967459079
5.628528528528529,-4.363756827213169,-0.7068583470577035,0.22330118882397,-0.03617119731415799
5.636486486486486,-4.370088342932241,-0.7068583470577035,0.2229941723597635,-0.0360691317219367
5.644444444444445,-4.376419624779387,-0.7068583470577036,0.2226879864613705,-0.03596749752433247
5.652402402402402,-4.382750673768153,-0.7068583470577036,0.22238262782041,-0.03586629229363254
5.66036036036036,-4.389081490906203,-0.7068583470577035,0.2220780931456869,-0.03576551361917779
5.668318318318319,-4.395412077195357,-0.7068583470577033,0.2217743791630838,-0.03566515910721932
5.676276276276276,-4.401742433631637,-0.7068583470577035,0.2214714826154531,-0.03556522638077624
5.684234234234235,-4.408072561205305,-0.7068583470577035,0.2211694002625104,-0.03546571307949492
5.692192192192192,-4.414402460900909,-0.7068583470577036,0.2208681288807278,-0.03536661685950967
5.70015015015015,-4.42073213369732,-0.7068583470577035,0.220567665263229,-0.03526793539330465
5.708108108108108,-4.427061580567782,-0.7068583470577035,0.2202680062196843,-0.0351696663695772
5.716066066066066,-4.433390802479938,-0.7068583470577033,0.2199691485762071,-0.03507180749310262
5.724024024024025,-4.439719800395887,-0.7068583470577035,0.2196710891752502,-0.03497435648459996
5.731981981981982,-4.446048575272208,-0.7068583470577033,0.2193738248755042,-0.03487731108059949
5.73993993993994,-4.452377128060014,-0.7068583470577033,0.2190773525517951,-0.03478066903331112
5.747897897897898,-4.458705459704984,-0.7068583470577035,0.218781669094984,-0.03468442811049428
5.755855855855856,-4.465033571147398,-0.7068583470577037,0.2184867714118668,-0.03458858609532909
5.763813813813814,-4.471361463322184,-0.7068583470577037,0.2181926564250744,-0.03449314078628861
5.771771771771772,-4.477689137158953,-0.7068583470577035,0.2178993210729747,-0.03439808999701244
5.77972972972973,-4.484016593582036,-0.7068583470577033,0.2176067623095737,-0.03430343155618156
5.787687687687688,-4.490343833510524,-0.7068583470577035,0.217314977104419,-0.03420916330739426
5.795645645645646,-4.496670857858298,-0.7068583470577035,0.2170239624425028,-0.03411528310904334
5.803603603603603,-4.502997667534078,-0.7068583470577036,0.2167337153241661,-0.03402178883419454
5.811561561561562,-4.509324263441451,-0.7068583470577035,0.2164442327650036,-0.03392867837046595
5.81951951951952,-4.515650646478909,-0.7068583470577033,0.216155511795769,-0.03383594961990884
5.827477477477477,-4.521976817539887,-0.7068583470577036,0.215867549462281,-0.03374360049888935
5.835435435435436,-4.528302777512797,-0.7068583470577035,0.2155803428253308,-0.0336516289379715
5.843393393393393,-4.534628527281064,-0.7068583470577036,0.2152938889605888,-0.03356003288180127
5.851351351351352,-4.54095406772316,-0.7068583470577036,0.2150081849585135,-0.03346881028899176
5.859309309309309,-4.547279399712641,-0.7068583470577036,0.2147232279242597,-0.03337795913200939
5.867267267267267,-4.553604524118182,-0.7068583470577033,0.2144390149775883,-0.03328747739706132
5.875225225225226,-4.559929441803609,-0.7068583470577037,0.2141555432527763,-0.0331973630839838
5.883183183183183,-4.56625415362793,-0.7068583470577032,0.2138728098985279,-0.03310761420613167
5.891141141141142,-4.57257866044538,-0.7068583470577036,0.2135908120778853,-0.03301822879026884
5.899099099099099,-4.578902963105437,-0.7068583470577033,0.2133095469681414,-0.03292920487645984
5.907057057057057,-4.585227062452875,-0.7068583470577033,0.213029011760752,-0.03284054051796236
5.915015015015015,-4.591550959327781,-0.7068583470577035,0.2127492036612491,-0.03275223378112086
5.922972972972973,-4.597874654565592,-0.7068583470577036,0.2124701198891552,-0.03266428274526113
5.930930930930931,-4.604198148997134,-0.7068583470577035,0.2121917576778974,-0.0325766855025858
5.938888888888889,-4.610521443448647,-0.7068583470577038,0.2119141142747227,-0.03248944015807097
5.946846846846847,-4.616844538741812,-0.7068583470577037,0.2116371869406138,-0.03240254482936369
5.954804804804805,-4.623167435693799,-0.7068583470577035,0.2113609729502053,-0.03231599764668035
5.962762762762763,-4.629490135117281,-0.7068583470577033,0.2110854695917005,-0.03222979675270624
5.97072072072072,-4.635812637820477,-0.7068583470577036,0.2108106741667893,-0.03214394030249575
5.978678678678679,-4.642134944607173,-0.7068583470577036,0.2105365839905658,-0.03205842646337377
5.986636636636637,-4.64845705627676,-0.7068583470577035,0.2102631963914476,-0.03197325341483783
5.994594594594595,-4.654778973624261,-0.7068583470577035,0.2099905087110943,-0.03188841934846123
6.002552552552553,-4.661100697440362,-0.7068583470577035,0.2097185183043278,-0.03180392246779703
6.01051051051051,-4.667422228511439,-0.7068583470577035,0.2094472225390528,-0.03171976098828295
6.018468468468469,-4.673743567619594,-0.7068583470577038,0.209176618796177,-0.03163593313714715
6.026426426426426,-4.680064715542674,-0.7068583470577035,0.2089067044695337,-0.03155243715331489
6.034384384384384,-4.68638567305431,-0.7068583470577035,0.2086374769658029,-0.03146927128731602
6.042342342342343,-4.692706440923942,-0.7068583470577037,0.2083689337044343,-0.03138643380119328
6.0503003003003,-4.699027019916842,-0.7068583470577037,0.2081010721175704,-0.03130392296841165
6.058258258258259,-4.705347410794154,-0.7068583470577035,0.2078338896499704,-0.03122173707376824
6.066216216216216,-4.711667614312907,-0.7068583470577035,0.2075673837589339,-0.03113987441330324
6.074174174174174,-4.717987631226062,-0.7068583470577035,0.2073015519142262,-0.03105833329421154
6.082132132132132,-4.72430746228252,-0.7068583470577036,0.207036391598003,-0.03097711203475524
6.09009009009009,-4.730627108227159,-0.7068583470577035,0.206771900304737,-0.03089620896417699
6.098048048048049,-4.736946569800865,-0.7068583470577033,0.2065080755411433,-0.03081562242261398
6.106006006006006,-4.74326584774055,-0.7068583470577035,0.206244914826107,-0.03073535076101285
6.113963963963964,-4.749584942779184,-0.7068583470577035,0.2059824156906099,-0.03065539234104534
6.121921921921922,-4.755903855645821,-0.7068583470577035,0.2057205756776589,-0.03057574553502463
6.12987987987988,-4.762222587065622,-0.7068583470577037,0.205459392342214,-0.03049640872582261
6.137837837837838,-4.768541137759887,-0.7068583470577036,0.2051988632511174,-0.03041738030678769
6.145795795795796,-4.774859508446076,-0.7068583470577035,0.2049389859830224,-0.0303386586816635
6.153753753753754,-4.781177699837834,-0.7068583470577035,0.2046797581283239,-0.03026024226450833
6.161711711711712,-4.787495712645025,-0.7068583470577036,0.204421177289088,-0.03018212947961515
6.16966966966967,-4.793813547573742,-0.7068583470577036,0.2041632410789836,-0.03010431876143256
6.177627627627627,-4.800131205326346,-0.7068583470577036,0.2039059471232128,-0.03002680855448629
6.185585585585586,-4.806448686601485,-0.7068583470577033,0.2036492930584433,-0.02994959731330143
6.193543543543544,-4.81276599209412,-0.7068583470577035,0.2033932765327404,-0.0298726835023255
6.201501501501501,-4.819083122495547,-0.7068583470577036,0.2031378952054998,-0.029796065595852
6.20945945945946,-4.825400078493423,-0.7068583470577033,0.2028831467473806,-0.02971974207794476
6.217417417417417,-4.831716860771789,-0.7068583470577035,0.202629028840239,-0.02964371144236303
6.225375375375376,-4.838033470011099,-0.7068583470577036,0.2023755391770624,-0.02956797219248707
6.233333333333333,-4.844349906888233,-0.7068583470577035,0.2021226754619042,-0.02949252284124458
6.241291291291291,-4.850666172076532,-0.7068583470577035,0.2018704354098182,-0.02941736191103765
6.24924924924925,-4.856982266245816,-0.7068583470577033,0.2016188167467944,-0.02934248793367042
6.257207207207207,-4.863298190062403,-0.7068583470577035,0.2013678172096948,-0.02926789945027743
6.265165165165166,-4.869613944189142,-0.7068583470577035,0.20111743454619,-0.02919359501125249
6.273123123123123,-4.875929529285425,-0.7068583470577036,0.2008676665146955,-0.02911957317617832
6.281081081081081,-4.882244946007216,-0.7068583470577036,0.200618510884309,-0.02904583251375666
6.289039039039039,-4.888560195007074,-0.7068583470577036,0.2003699654347482,-0.02897237160173914
6.296996996996997,-4.894875276934167,-0.7068583470577035,0.2001220279562888,-0.0288991890268587
6.304954954954955,-4.90119019243431,-0.7068583470577035,0.1998746962497029,-0.02882628338476158
6.312912912912913,-4.907504942149969,-0.7068583470577036,0.1996279681261976,-0.02875365327993995
6.320870870870871,-4.913819526720292,-0.7068583470577035,0.1993818414073551,-0.02868129732566521
6.328828828828829,-4.92013394678113,-0.7068583470577035,0.1991363139250714,-0.02860921414392168
6.336786786786787,-4.926448202965059,-0.7068583470577032,0.1988913835214972,-0.02853740236534105
6.344744744744744,-4.932762295901398,-0.7068583470577033,0.1986470480489782,-0.02846586062913737
6.352702702702703,-4.939076226216233,-0.7068583470577037,0.1984033053699957,-0.02839458758304252
6.360660660660661,-4.945389994532432,-0.7068583470577036,0.1981601533571087,-0.02832358188324238
6.368618618618619,-4.951703601469677,-0.7068583470577033,0.1979175898928948,-0.02825284219431338
6.376576576576577,-4.958017047644474,-0.7068583470577036,0.1976756128698927,-0.02818236718915986
6.384534534534534,-4.964330333670175,-0.7068583470577033,0.197434220190545,-0.0281121555489517
6.392492492492493,-4.970643460157007,-0.7068583470577035,0.1971934097671405,-0.02804220596306268
6.40045045045045,-4.976956427712079,-0.7068583470577036,0.1969531795217581,-0.02797251712900931
6.408408408408408,-4.983269236939411,-0.7068583470577033,0.1967135273862102,-0.02790308775239017
6.416366366366367,-4.989581888439952,-0.7068583470577035,0.1964744513019864,-0.02783391654682585
6.424324324324324,-4.995894382811596,-0.7068583470577035,0.1962359492201987,-0.02776500223389933
6.432282282282283,-5.002206720649207,-0.7068583470577036,0.1959980191015258,-0.02769634354309693
6.44024024024024,-5.008518902544633,-0.7068583470577036,0.1957606589161584,-0.02762793921174973
6.448198198198198,-5.014830929086728,-0.7068583470577033,0.1955238666437446,-0.02755978798497554
6.456156156156156,-5.021142800861375,-0.7068583470577036,0.1952876402733361,-0.02749188861562132
6.464114114114114,-5.027454518451492,-0.7068583470577035,0.1950519778033343,-0.02742423986420616
6.472072072072072,-5.033766082437064,-0.7068583470577032,0.1948168772414371,-0.02735684049886469
6.48003003003003,-5.04007749339516,-0.7068583470577033,0.1945823366045855,-0.02728968929529099
6.487987987987988,-5.046388751899943,-0.7068583470577036,0.1943483539189113,-0.02722278503668301
6.495945945945946,-5.052699858522693,-0.7068583470577033,0.1941149272196849,-0.02715612651368744
6.503903903903904,-5.059010813831831,-0.7068583470577033,0.1938820545512631,-0.02708971252434508
6.511861861861862,-5.065321618392925,-0.7068583470577033,0.1936497339670375,-0.02702354187403662
6.51981981981982,-5.071632272768722,-0.7068583470577037,0.1934179635293833,-0.02695761337542892
6.527777777777778,-5.077942777519148,-0.7068583470577033,0.1931867413096084,-0.0268919258484218
6.535735735735736,-5.084253133201347,-0.7068583470577033,0.192956065387903,-0.02682647812009517
6.543693693693694,-5.09056334036968,-0.7068583470577036,0.192725933853289,-0.02676126902465671
6.551651651651651,-5.096873399575752,-0.7068583470577033,0.1924963448035702,-0.02669629740338993
6.55960960960961,-5.103183311368428,-0.7068583470577035,0.192267296345283,-0.0266315621046027
6.567567567567568,-5.109493076293845,-0.7068583470577035,0.1920387865936468,-0.02656706198357625
6.575525525525525,-5.115802694895437,-0.7068583470577035,0.1918108136725154,-0.0265027959025145
6.583483483483484,-5.122112167713945,-0.7068583470577033,0.1915833757143281,-0.02643876273049392
6.591441441441441,-5.128421495287442,-0.7068583470577036,0.1913564708600614,-0.02637496134341379
6.5993993993994,-5.134730678151335,-0.7068583470577037,0.1911300972591815,-0.02631139062394682
6.607357357357357,-5.141039716838397,-0.7068583470577036,0.1909042530695961,-0.02624804946149029
6.615315315315315,-5.147348611878774,-0.7068583470577036,0.1906789364576076,-0.02618493675211748
6.623273273273274,-5.153657363800007,-0.7068583470577033,0.1904541455978657,-0.02612205139852963
6.631231231231231,-5.159965973127042,-0.7068583470577035,0.1902298786733205,-0.0260593923100082
6.63918918918919,-5.16627444038225,-0.7068583470577035,0.1900061338751769,-0.02599695840236759
6.647147147147147,-5.172582766085443,-0.7068583470577036,0.1897829094028478,-0.02593474859790826
6.655105105105105,-5.178890950753887,-0.7068583470577035,0.1895602034639084,-0.02587276182537019
6.663063063063063,-5.185198994902321,-0.7068583470577035,0.1893380142740512,-0.02581099701988677
6.671021021021021,-5.191506899042969,-0.7068583470577033,0.18911634005704,-0.0257494531229391
6.678978978978979,-5.197814663685559,-0.7068583470577035,0.1888951790446658,-0.02568812908231058
6.686936936936937,-5.204122289337337,-0.7068583470577037,0.1886745294767016,-0.02562702385204199
6.694894894894895,-5.210429776503074,-0.7068583470577033,0.1884543896008587,-0.02556613639238687
6.702852852852853,-5.216737125685103,-0.7068583470577035,0.1882347576727419,-0.02550546566976725
6.710810810810811,-5.223044337383308,-0.7068583470577035,0.1880156319558063,-0.02544501065672986
6.718768768768768,-5.22935141209515,-0.7068583470577033,0.1877970107213141,-0.02538477033190259
6.726726726726727,-5.235658350315693,-0.7068583470577035,0.1875788922482905,-0.02532474367995131
6.734684684684685,-5.241965152537596,-0.7068583470577035,0.1873612748234817,-0.0252649296915372
6.742642642642643,-5.248271819251148,-0.7068583470577036,0.1871441567413121,-0.02520532736327417
6.750600600600601,-5.254578350944263,-0.7068583470577035,0.1869275363038416,-0.02514593569768693
6.758558558558558,-5.260884748102518,-0.7068583470577036,0.1867114118207238,-0.02508675370316915
6.766516516516517,-5.267191011209147,-0.7068583470577033,0.1864957816091644,-0.0250277803939421
6.774474474474474,-5.273497140745062,-0.7068583470577035,0.1862806439938794,-0.02496901479001364
6.782432432432432,-5.279803137188869,-0.7068583470577035,0.1860659973070538,-0.02491045591713742
6.790390390390391,-5.286109001016879,-0.7068583470577032,0.1858518398883011,-0.0248521028067726
6.798348348348348,-5.292414732703125,-0.7068583470577035,0.1856381700846221,-0.02479395449604374
6.806306306306307,-5.29872033271937,-0.7068583470577035,0.1854249862503646,-0.02473601002770111
6.814264264264264,-5.305025801535129,-0.7068583470577035,0.1852122867471832,-0.02467826845008124
6.822222222222222,-5.311331139617672,-0.7068583470577036,0.1850000699439994,-0.02462072881706791
6.83018018018018,-5.317636347432048,-0.7068583470577035,0.1847883342169622,-0.02456339018805338
6.838138138138138,-5.323941425441089,-0.7068583470577036,0.184577077949408,-0.02450625162789991
6.846096096096096,-5.330246374105433,-0.7068583470577033,0.1843662995318222,-0.02444931220690166
6.854054054054054,-5.33655119388353,-0.7068583470577035,0.1841559973617997,-0.02439257100074688
6.862012012012012,-5.342855885231652,-0.7068583470577036,0.1839461698440066,-0.02433602709048039
6.86996996996997,-5.349160448603916,-0.7068583470577036,0.1837368153901415,-0.02427967956246636
6.877927927927928,-5.355464884452287,-0.7068583470577035,0.1835279324188979,-0.02422352750835143
6.885885885885886,-5.3617691932266,-0.7068583470577036,0.1833195193559253,-0.02416757002502806
6.893843843843844,-5.368073375374564,-0.7068583470577036,0.1831115746337924,-0.02411180621459825
6.901801801801802,-5.374377431341782,-0.7068583470577036,0.1829040966919494,-0.02405623518433753
6.90975975975976,-5.380681361571754,-0.7068583470577033,0.1826970839766906,-0.02400085604665921
6.917717717717718,-5.386985166505902,-0.7068583470577035,0.1824905349411176,-0.02394566791907893
6.925675675675675,-5.39328884658357,-0.7068583470577036,0.1822844480451024,-0.02389066992417952
6.933633633633634,-5.399592402242048,-0.7068583470577037,0.1820788217552514,-0.02383586118957611
6.941591591591592,-5.405895833916567,-0.7068583470577035,0.1818736545448685,-0.02378124084788158
6.949549549549549,-5.412199142040333,-0.7068583470577036,0.1816689448939193,-0.02372680803667217
6.957507507507508,-5.418502327044524,-0.7068583470577036,0.1814646912889954,-0.02367256189845349
6.965465465465465,-5.424805389358302,-0.7068583470577035,0.181260892223279,-0.02361850158062674
6.973423423423424,-5.431108329408835,-0.7068583470577036,0.1810575461965069,-0.02356462623545519
6.981381381381381,-5.437411147621295,-0.7068583470577035,0.180854651714936,-0.02351093502003098
6.989339339339339,-5.443713844418882,-0.7068583470577036,0.1806522072913081,-0.02345742709624209
6.997297297297298,-5.450016420222829,-0.7068583470577035,0.1804502114448153,-0.0234041016307397
7.005255255255255,-5.45631887545241,-0.7068583470577032,0.1802486627010655,-0.02335095779490572
7.013213213213214,-5.462621210524967,-0.7068583470577035,0.1800475595920481,-0.02329799476482057
7.021171171171171,-5.468923425855898,-0.7068583470577038,0.1798469006561001,-0.0232452117212313
7.029129129129129,-5.475225521858684,-0.7068583470577033,0.1796466844378721,-0.02319260784951985
7.037087087087087,-5.481527498944907,-0.7068583470577036,0.1794469094882948,-0.02314018233967164
7.045045045045045,-5.487829357524236,-0.7068583470577036,0.1792475743645457,-0.02308793438624444
7.053003003003003,-5.49413109800446,-0.7068583470577035,0.1790486776300156,-0.02303586318833736
7.060960960960961,-5.500432720791491,-0.7068583470577032,0.1788502178542761,-0.02298396794956017
7.068918918918919,-5.506734226289376,-0.7068583470577036,0.1786521936130461,-0.02293224787800292
7.076876876876877,-5.513035614900307,-0.7068583470577036,0.1784546034881601,-0.02288070218620559
7.084834834834835,-5.519336887024627,-0.7068583470577033,0.1782574460675352,-0.02282933009112829
7.092792792792793,-5.525638043060853,-0.7068583470577035,0.1780607199451393,-0.02277813081412138
7.100750750750751,-5.531939083405676,-0.7068583470577033,0.1778644237209586,-0.02272710358089602
7.108708708708709,-5.53824000845397,-0.7068583470577033,0.1776685560009668,-0.02267624762149493
7.116666666666667,-5.544540818598816,-0.7068583470577036,0.1774731153970923,-0.02262556217026325
7.124624624624625,-5.550841514231493,-0.7068583470577035,0.1772781005271881,-0.02257504646581982
7.132582582582582,-5.557142095741505,-0.7068583470577036,0.1770835100149996,-0.02252469975102854
7.140540540540541,-5.563442563516585,-0.7068583470577036,0.1768893424901342,-0.02247452127297001
7.148498498498498,-5.569742917942699,-0.7068583470577037,0.1766955965880302,-0.02242451028291335
7.156456456456456,-5.576043159404065,-0.7068583470577036,0.1765022709499266,-0.02237466603628833
7.164414414414415,-5.582343288283162,-0.7068583470577033,0.1763093642228322,-0.02232498779265761
7.172372372372372,-5.588643304960733,-0.7068583470577035,0.1761168750594957,-0.02227547481568926
7.180330330330331,-5.594943209815805,-0.7068583470577036,0.1759248021183755,-0.02222612637312943
7.188288288288288,-5.601243003225683,-0.7068583470577035,0.1757331440636103,-0.0221769417367754
7.196246246246246,-5.607542685565983,-0.7068583470577037,0.1755418995649885,-0.02212792018244854
7.204204204204204,-5.613842257210617,-0.7068583470577036,0.1753510672979198,-0.0220790609899678
7.212162162162162,-5.620141718531819,-0.7068583470577033,0.1751606459434053,-0.02203036344312322
7.22012012012012,-5.626441069900153,-0.7068583470577035,0.1749706341880082,-0.0219818268296496
7.228078078078078,-5.632740311684513,-0.7068583470577035,0.1747810307238254,-0.02193345044120058
7.236036036036036,-5.639039444252139,-0.7068583470577036,0.1745918342484586,-0.02188523357332272
7.243993993993994,-5.645338467968625,-0.7068583470577035,0.1744030434649853,-0.02183717552542989
7.251951951951952,-5.651637383197935,-0.7068583470577033,0.1742146570819309,-0.02178927560077777
7.25990990990991,-5.6579361903024,-0.7068583470577036,0.1740266738132402,-0.02174153310643867
7.267867867867868,-5.664234889642734,-0.7068583470577037,0.1738390923782493,-0.02169394735327639
7.275825825825826,-5.670533481578042,-0.7068583470577035,0.1736519115016582,-0.02164651765592143
7.283783783783784,-5.676831966465833,-0.7068583470577035,0.1734651299135022,-0.02159924333274626
7.291741741741742,-5.683130344662019,-0.7068583470577035,0.1732787463491252,-0.02155212370584083
7.299699699699699,-5.689428616520934,-0.7068583470577035,0.1730927595491517,-0.02150515810098831
7.307657657657658,-5.695726782395338,-0.7068583470577036,0.1729071682594601,-0.02145834584764092
7.315615615615616,-5.702024842636427,-0.7068583470577036,0.1727219712311552,-0.02141168627889602
7.323573573573573,-5.708322797593837,-0.7068583470577035,0.1725371672205418,-0.02136517873147238
7.331531531531532,-5.714620647615666,-0.7068583470577035,0.1723527549890973,-0.02131882254568654
7.339489489489489,-5.720918393048463,-0.7068583470577035,0.1721687333034459,-0.02127261706542951
7.347447447447448,-5.727216034237254,-0.7068583470577035,0.1719851009353315,-0.02122656163814348
7.355405405405405,-5.73351357152554,-0.7068583470577033,0.1718018566615923,-0.02118065561479881
7.363363363363363,-5.73981100525531,-0.7068583470577033,0.1716189992641337,-0.02113489834987115
7.371321321321322,-5.746108335767051,-0.7068583470577035,0.1714365275299032,-0.02108928920131877
7.379279279279279,-5.752405563399746,-0.7068583470577036,0.1712544402508643,-0.02104382753056001
7.387237237237238,-5.758702688490898,-0.7068583470577036,0.1710727362239709,-0.02099851270245096
7.395195195195195,-5.764999711376522,-0.7068583470577035,0.170891414251142,-0.02095334408526324
7.403153153153153,-5.771296632391169,-0.7068583470577035,0.1707104731392362,-0.020908321050662
7.411111111111111,-5.777593451867923,-0.7068583470577033,0.1705299117000267,-0.02086344297368408
7.419069069069069,-5.783890170138408,-0.7068583470577033,0.170349728750176,-0.0208187092327163
7.427027027027027,-5.790186787532807,-0.7068583470577035,0.1701699231112117,-0.02077411920947396
7.434984984984985,-5.796483304379858,-0.7068583470577035,0.1699904936095011,-0.02072967228897943
7.442942942942943,-5.802779721006869,-0.7068583470577035,0.1698114390762271,-0.02068536785954101
7.450900900900901,-5.809076037739725,-0.7068583470577037,0.1696327583473637,-0.02064120531273183
7.458858858858859,-5.815372254902888,-0.7068583470577035,0.1694544502636516,-0.020597184043369
7.466816816816817,-5.821668372819421,-0.7068583470577036,0.1692765136705742,-0.02055330344949284
7.474774774774775,-5.82796439181098,-0.7068583470577033,0.1690989474183336,-0.02050956293234633
7.482732732732733,-5.834260312197828,-0.7068583470577036,0.1689217503618271,-0.02046596189635468
7.490690690690691,-5.840556134298842,-0.7068583470577033,0.1687449213606228,-0.02042249974910504
7.498648648648649,-5.846851858431521,-0.7068583470577035,0.1685684592789369,-0.0203791759013264
7.506606606606606,-5.853147484911993,-0.7068583470577035,0.1683923629856096,-0.02033598976686959
7.514564564564565,-5.859443014055025,-0.7068583470577035,0.1682166313540822,-0.02029294076268748
7.522522522522523,-5.865738446174024,-0.7068583470577036,0.1680412632623742,-0.0202500283088153
7.53048048048048,-5.872033781581049,-0.7068583470577036,0.1678662575930597,-0.02020725182835107
7.538438438438439,-5.878329020586818,-0.7068583470577036,0.1676916132332451,-0.02016461074743625
7.546396396396396,-5.884624163500717,-0.7068583470577037,0.1675173290745461,-0.02012210449523649
7.554354354354355,-5.890919210630798,-0.7068583470577035,0.1673434040130651,-0.02007973250392249
7.562312312312312,-5.897214162283801,-0.7068583470577035,0.1671698369493693,-0.02003749420865111
7.57027027027027,-5.903509018765151,-0.7068583470577036,0.1669966267884675,-0.01999538904754644
7.578228228228229,-5.909803780378961,-0.7068583470577035,0.1668237724397886,-0.01995341646168121
7.586186186186186,-5.916098447428053,-0.7068583470577035,0.1666512728171593,-0.0199115758950582
7.594144144144144,-5.922393020213954,-0.7068583470577035,0.1664791268387824,-0.0198698667945918
7.602102102102102,-5.928687499036904,-0.7068583470577036,0.1663073334272145,-0.01982828861008979
7.61006006006006,-5.934981884195867,-0.7068583470577032,0.1661358915093451,-0.01978684079423518
7.618018018018018,-5.941276175988537,-0.7068583470577035,0.1659648000163743,-0.01974552280256817
7.625975975975976,-5.947570374711339,-0.7068583470577035,0.165794057883792,-0.01970433409346826
7.633933933933934,-5.953864480659445,-0.7068583470577035,0.1656236640513563,-0.01966327412813657
7.641891891891892,-5.960158494126772,-0.7068583470577033,0.1654536174630724,-0.01962234237057814
7.64984984984985,-5.966452415405995,-0.7068583470577036,0.1652839170671717,-0.01958153828758451
7.657807807807808,-5.972746244788549,-0.7068583470577035,0.1651145618160907,-0.01954086134871628
7.665765765765766,-5.97903998256464,-0.7068583470577033,0.1649455506664504,-0.01950031102628595
7.673723723723723,-5.985333629023247,-0.7068583470577035,0.1647768825790354,-0.01945988679534073
7.681681681681682,-5.991627184452134,-0.7068583470577037,0.1646085565187737,-0.01941958813364558
7.68963963963964,-5.997920649137845,-0.7068583470577033,0.1644405714547161,-0.01937941452166641
7.697597597597597,-6.004214023365729,-0.7068583470577035,0.1642729263600157,-0.01933936544255321
7.705555555555556,-6.010507307419932,-0.7068583470577036,0.1641056202119081,-0.0192994403821235
7.713513513513513,-6.016800501583401,-0.7068583470577036,0.1639386519916911,-0.01925963882884586
7.721471471471472,-6.023093606137904,-0.7068583470577036,0.1637720206847049,-0.01921996027382345
7.729429429429429,-6.029386621364026,-0.7068583470577036,0.1636057252803119,-0.01918040421077782
7.737387387387387,-6.035679547541179,-0.7068583470577037,0.1634397647718776,-0.01914097013603274
7.745345345345346,-6.041972384947603,-0.7068583470577033,0.1632741381567505,-0.01910165754849815
7.753303303303303,-6.048265133860382,-0.7068583470577035,0.1631088444362427,-0.01906246594965426
7.761261261261262,-6.054557794555441,-0.7068583470577035,0.1629438826156107,-0.01902339484353573
7.769219219219219,-6.060850367307552,-0.7068583470577035,0.162779251704036,-0.018984443736716
7.777177177177177,-6.06714285239035,-0.7068583470577035,0.162614950714606,-0.01894561213829169
7.785135135135135,-6.073435250076329,-0.7068583470577038,0.1624509786642949,-0.01890689955986715
7.793093093093093,-6.079727560636848,-0.7068583470577036,0.162287334573945,-0.01886830551553909
7.801051051051051,-6.086019784342144,-0.7068583470577036,0.1621240174682473,-0.01882982952188133
7.809009009009009,-6.092311921461335,-0.7068583470577036,0.1619610263757236,-0.01879147109792968
7.816966966966967,-6.098603972262421,-0.7068583470577036,0.1617983603287073,-0.01875322976516691
7.824924924924925,-6.104895937012294,-0.7068583470577035,0.161636018363325,-0.01871510504750778
7.832882882882883,-6.111187815976745,-0.7068583470577033,0.1614739995194783,-0.01867709647128429
7.840840840840841,-6.117479609420467,-0.7068583470577035,0.1613123028408254,-0.01863920356523094
7.848798798798799,-6.123771317607064,-0.7068583470577036,0.1611509273747628,-0.01860142586047006
7.856756756756757,-6.130062940799048,-0.7068583470577036,0.1609898721724076,-0.01856376289049745
7.864714714714714,-6.136354479257855,-0.7068583470577035,0.1608291362885791,-0.01852621419116782
7.872672672672673,-6.14264593324385,-0.7068583470577036,0.1606687187817809,-0.01848877930068058
7.88063063063063,-6.14893730301632,-0.7068583470577033,0.1605086187141838,-0.01845145775956565
7.888588588588589,-6.155228588833499,-0.7068583470577035,0.1603488351516074,-0.01841424911066928
7.896546546546547,-6.161519790952553,-0.7068583470577037,0.1601893671635027,-0.01837715289914015
7.904504504504504,-6.167810909629599,-0.7068583470577033,0.1600302138229351,-0.01834016867241541
7.912462462462463,-6.174101945119713,-0.7068583470577035,0.1598713742065664,-0.01830329598020688
7.92042042042042,-6.180392897676916,-0.7068583470577033,0.1597128473946379,-0.01826653437448736
7.928378378378379,-6.186683767554207,-0.7068583470577035,0.159554632470953,-0.01822988340947702
7.936336336336336,-6.192974555003543,-0.7068583470577035,0.1593967285228606,-0.01819334264162987
7.944294294294294,-6.199265260275859,-0.7068583470577035,0.1592391346412375,-0.01815691162962036
7.952252252252253,-6.205555883621068,-0.7068583470577036,0.159081849920472,-0.01812058993433005
7.96021021021021,-6.211846425288069,-0.7068583470577035,0.158924873458447,-0.01808437711883435
7.968168168168168,-6.218136885524752,-0.7068583470577036,0.1587682043565229,-0.01804827274838943
7.976126126126126,-6.224427264577996,-0.7068583470577036,0.1586118417195219,-0.01801227639041913
7.984084084084084,-6.230717562693683,-0.7068583470577033,0.1584557846557106,-0.01797638761450203
7.992042042042042,-6.237007780116706,-0.7068583470577035,0.1583000322767841,-0.01794060599235855
8,-6.243297917090957,-0.7068583470577035,0.1581445836978495,-0.01790493109783823
