0.9015015015015014,-25.656221191752,-470.9420530802707,0.0001153375464345365,-0.00211712007427593
0.9094594594594594,-10.25971877201881,-74.89868700956332,0.001795202777154663,-0.01310545970241527
0.9174174174174173,-7.588882269853253,-40.7563558137762,0.004415550909250939,-0.02371386952281107
0.9253753753753753,-6.310339993920309,-28.02829383954978,0.007645137904593844,-0.03395699310025834
0.9333333333333333,-5.525827556748157,-21.37725927433851,0.01133451974485072,-0.0438488108518487
0.9412912912912913,-4.982803368532614,-17.28962935721312,0.01539044146575886,-0.05340267494143899
0.9492492492492492,-4.578868850765826,-14.52278133031598,0.01974695444306556,-0.06263134207663273
0.9572072072072072,-4.263601289371897,-12.52552550949948,0.02435409993507921,-0.07154700435008855
0.9651651651651652,-4.008918562616145,-11.01591688839617,0.02917235124568651,-0.0801613182563303
0.9731231231231231,-3.797780706881761,-9.834746228894298,0.03416949036500225,-0.0884854320054632
0.9810810810810811,-3.619171356687648,-8.88530862050917,0.03931868511091362,-0.0965300112462284
0.989039039039039,-3.465611606391224,-8.105471530641504,0.04459722420128403,-0.1043052633025887
0.996996996996997,-3.331822717836285,-7.453492638109668,0.04998564203598953,-0.1118209600204605
1.004954954954955,-3.21395882205896,-6.900289639378582,0.05546708855763421,-0.1190864593142308
1.012912912912913,-3.10914312510126,-6.424978939892708,0.06102686076428578,-0.1261107254962831
1.020870870870871,-3.015175255533399,-6.012176700857617,0.06665204508083135,-0.1329023484668375
1.028828828828829,-2.930339813503794,-5.650300197332091,0.07233123826107712,-0.1394695618359585
1.036786786786787,-2.853277211050237,-5.330462116065871,0.07805432546655568,-0.1458202600445558
1.044744744744745,-2.782894191429119,-5.04572959739365,0.08381230096395106,-0.1519620145465539
1.052702702702703,-2.718300385356678,-4.790614963127878,0.08959712124232899,-0.1579020891101274
1.060660660660661,-2.658762401860361,-4.560717798203108,0.09540158323388301,-0.1636474542919224
1.068618618618619,-2.603670001543971,-4.352468384075968,0.1012192222792495,-0.1692048011345308
1.076576576576576,-2.552510766719053,-4.16294050981575,0.1070442258389967,-0.1745805541340829
1.084534534534535,-2.504850856857014,-3.989712717742513,0.1128713599185216,-0.1797808835216907
1.092492492492492,-2.460320194409702,-3.830763967063333,0.1186959058717682,-0.1848117168995578
1.10045045045045,-2.418600924435435,-3.684394150655017,0.1245136057625483,-0.1896787502698832
1.108408408408408,-2.379418326333804,-3.549162821969782,0.1303206148454569,-0.1943874584921775
1.116366366366366,-2.342533585069305,-3.423841443684087,0.1361134600184354,-0.1989431052022967
1.124324324324324,-2.307737988563691,-3.30737580028201,0.1418890033213326,-0.2033507522243388
1.132282282282282,-2.274848230391064,-3.198856137068724,0.1476444097271989,-0.2076152685045493
1.14024024024024,-2.243702577399234,-3.097493234048367,0.1533771186081242,-0.2117413385945245
1.148198198198198,-2.21415772023111,-3.002599082643202,0.1590848183643214,-0.2157334707092653
1.156156156156156,-2.186086167523003,-2.913571164284651,0.164765423790538,-0.2195960043840313
1.164114114114114,-2.15937407630132,-2.829879571186587,0.170417055822614,-0.2233331177524449
1.172072072072072,-2.133919434883975,-2.751056387375229,0.1760380233628157,-0.2269488344668999
1.18003003003003,-2.109630532584388,-2.676686880348393,0.1816268069281905,-0.2304470302810292
1.187987987987988,-2.086424664247131,-2.606402153133007,0.1871820439037558,-0.233831439312778
1.195945945945946,-2.064227028212068,-2.539872981851324,0.1927025152134361,-0.2371056600054931
1.203903903903904,-2.042969784500985,-2.476804621491698,0.1981871332476118,-0.2402731608033918
1.211861861861862,-2.022591246426353,-2.416932406940524,0.203634930907859,-0.243337285556783
1.21981981981982,-2.003035183862494,-2.360018010758075,0.2090450516477891,-0.2463012586715012
1.227777777777778,-1.98425022041217,-2.305846246085041,0.2144167404043856,-0.249168190016148
1.235735735735736,-1.966189309884064,-2.254222324231064,0.2197493353274394,-0.2519410795999399
1.243693693693694,-1.948809280048315,-2.204969493250764,0.2250422602259418,-0.2546228220332055
1.251651651651652,-1.932070433694609,-2.157926997154477,0.2302950176599735,-0.2572162107818764
1.25960960960961,-1.915936198685074,-2.112948306085577,0.2355071826149489,-0.2597239422266571
1.267567567567567,-1.900372820052931,-2.069899576398842,0.2406783967022829,-0.2621486195369455
1.275525525525526,-1.885349088310184,-2.028658306536263,0.245808362836791,-0.2644927563689967
1.283483483483483,-1.870836099042448,-1.989112160258407,0.2508968403465722,-0.2667587803972856
1.291441441441441,-1.856807039624727,-1.951157933415153,0.2559436404758789,-0.268949036687515
1.299399399399399,-1.843236999518836,-1.914700644235919,0.2609486222456299,-0.2710657909192416
1.307357357357357,-1.830102801135276,-1.879652730248252,0.2659116886398908,-0.2731112324656503
1.315315315315315,-1.817382848678928,-1.845933337522959,0.2708327830898468,-0.2750874773375808
1.323273273273273,-1.805056992764293,-1.813467690094983,0.2757118862296542,-0.2769965709985269
1.331231231231231,-1.793106408894463,-1.782186529203127,0.2805490129010616,-0.2788404910569556
1.339189189189189,-1.781513488158833,-1.752025613493024,0.2853442093859289,-0.2806211498419438
1.347147147147147,-1.770261738725478,-1.722925272588586,0.2900975508477581,-0.2823403968678122
1.355105105105105,-1.759335696892175,-1.694830007499553,0.2948091389651226,-0.284000021193123
1.363063063063063,-1.7487208466204,-1.667688132230922,0.299479099741454,-0.285601753679121
1.371021021021021,-1.738403546613787,-1.641451451721473,0.3041075814770738,-0.2871472691524306
1.378978978978979,-1.728370964120271,-1.616074971886365,0.3086947528906098,-0.28863818847656
1.386936936936937,-1.718611014738381,-1.591516638091089,0.3132408013780902,-0.2900760805365291
1.394894894894895,-1.70911230759548,-1.567737098856583,0.3177459313990227,-0.2914624641407059
1.402852852852853,-1.699864095341273,-1.544699492000443,0.322210362979693,-0.292798809843728
1.410810810810811,-1.690856228465364,-1.522369250767514,0.3266343303247531,-0.2940865416941799
1.418768768768769,-1.682079113504516,-1.500713927803439,0.3310180805289173,-0.2953270389105113
1.426726726726727,-1.673523674754797,-1.479703035084135,0.335361872381269,-0.2965216374884987
1.434684684684685,-1.665181319147033,-1.459307898138881,0.3396659752553003,-0.2976716317433885
1.442642642642643,-1.657043903981779,-1.439501523099694,0.3439306680783641,-0.2987782757896949
1.4506006006006,-1.649103707253176,-1.420258475279369,0.34815623837473,-0.2998427849614806
1.458558558558559,-1.641353400320166,-1.401554768128423,0.3523429813768997,-0.3008663371758031
1.466516516516516,-1.633786022709111,-1.383367761550413,0.3564911992002581,-0.3018500742418752
1.474474474474474,-1.626394958854483,-1.365676068668169,0.3606012000765254,-0.3027951031183654
1.482432432432432,-1.619173916604207,-1.348459470232718,0.3646732976418209,-0.3037024971211363
1.49039039039039,-1.612116907333871,-1.331698835953762,0.3687078102754801,-0.3045732970836149
1.498348348348348,-1.605218227529689,-1.315376052107366,0.3727050604860511,-0.3054085124718731
1.506306306306306,-1.598472441713939,-1.299473954844124,0.3766653743411736,-0.3062091224564019
1.514264264264264,-1.59187436659899,-1.283976268680875,0.3805890809382856,-0.3069760769424614
1.522222222222222,-1.585419056366978,-1.268867549711892,0.3844765119133355,-0.3077102975608023
1.53018018018018,-1.579101788982056,-1.254133133122401,0.3883280009848772,-0.3084126786204642
1.538138138138138,-1.572918053450853,-1.23975908462886,0.3921438835311246,-0.3090840880252787
1.546096096096096,-1.566863537954653,-1.225732155507449,0.3959244961977171,-0.3097253681556241
1.554054054054054,-1.560934118783818,-1.212039740905187,0.3996701765341029,-0.3103373367169083
1.562012012012012,-1.555125850011276,-1.198669841157453,0.403381262656607,-0.3109207875561851
1.56996996996997,-1.54943495384758,-1.185611025861966,0.4070580929363788,-0.3114764914482436
1.577927927927928,-1.543857811625111,-1.172852400482724,0.4107010057105484,-0.3120051968524501
1.585885885885886,-1.53839095536361,-1.160383575278438,0.4143103390150317,-0.3125076306415577
1.593843843843844,-1.533031059873361,-1.148194636368849,0.4178864303375424,-0.312984498803649
1.601801801801802,-1.52777493535607,-1.136276118769248,0.4214296163894535,-0.3134364871183175
1.60975975975976,-1.522619520466892,-1.124618981238721,0.4249402328952647,-0.313864261808148
1.617717717717718,-1.517561875804086,-1.113214582801362,0.4284186143984979,-0.3142684701665049
1.625675675675676,-1.51259917779559,-1.102054660812047,0.4318650940829344,-0.3146497411625916
1.633633633633634,-1.507728712954286,-1.091131310449475,0.4352800036081804,-0.3150086860247028
1.641591591591592,-1.50294787247604,-1.080436965529296,0.4386636729586085,-0.3153458988025484
1.64954954954955,-1.498254147156652,-1.069964380539214,0.4420164303047975,-0.3156619569094897
1.657507507507507,-1.493645122605783,-1.059706613806205,0.4453386018766389,-0.3159574216454883
1.665465465465465,-1.489118474737602,-1.049657011713482,0.4486305118473474,-0.3162328387015382
1.673423423423423,-1.484671965519503,-1.039809193891601,0.4518924822276487,-0.3164887386463106
1.681381381381381,-1.480303438961655,-1.030157039314252,0.4551248327694799,-0.3167256373957166
1.689339339339339,-1.476010817331491,-1.020694673234922,0.4583278808785677,-0.3169440366660538
1.697297297297297,-1.471792097578383,-1.011416454905661,0.461501941535305,-0.3171444244113826
1.705255255255255,-1.467645347954928,-1.002316966023866,0.4646473272233688,-0.3173272752457415
1.713213213213213,-1.463568704822187,-0.993390999857213,0.4677643478655744,-0.3174930508507931
1.721171171171171,-1.459560369627237,-0.9846335510007418,0.4708533107664797,-0.3176422003694578
1.729129129129129,-1.455618606042146,-0.9760398057236228,0.4739145205612945,-0.3177751607860779
1.737087087087087,-1.451741737254345,-0.9676051328663736,0.4769482791706698,-0.3178923572936238
1.745045045045045,-1.447928143399025,-0.9593250752522392,0.4799548857609804,-0.3179942036484366
1.753003003003003,-1.444176259124889,-0.9511953415791655,0.4829346367097248,-0.3180811025129808
1.760960960960961,-1.440484571285153,-0.9432117987612764,0.4858878255757026,-0.3181534457870575
1.768918918918919,-1.436851616746298,-0.9353704646910337,0.4888147430736449,-0.3182116149279138
1.776876876876877,-1.433275980307544,-0.9276675013953694,0.4917156770529935,-0.3182559812596631
1.784834834834835,-1.429756292724524,-0.9200992085609826,0.4945909124805476,-0.3182869062724148
1.792792792792793,-1.426291228831074,-0.912662017405775,0.4974407314267095,-0.3183047419114956
1.800750750750751,-1.422879505753426,-0.9053524848750178,0.5002654130550844,-0.3183098308571288
1.808708708708709,-1.419519881211528,-0.8981672881423548,0.503065233615195,-0.3183025067949225
1.816666666666667,-1.416211151902508,-0.8911032193971071,0.5058404664380984,-0.3182830946775047
1.824624624624624,-1.412952151961649,-0.8841571809006485,0.5085913819346956,-0.3182519109776272
1.832582582582583,-1.409741751496537,-0.8773261802957679,0.5113182475965428,-0.3182092639330492
1.84054054054054,-1.406578855190317,-0.8706073261540509,0.514021327998985,-0.3181554537834997
1.848498498498498,-1.403462400970255,-0.8639978237472928,0.5167008848064422,-0.3180907730000017
1.856456456456456,-1.400391358738039,-0.8574949710299068,0.5193571767796884,-0.3180155065068355
1.864414414414414,-1.397364729158475,-0.8510961548201338,0.5219904597849787,-0.3179299318964026
1.872372372372372,-1.394381542503441,-0.8447988471686794,0.5246009868048788,-0.3178343196372449
1.88033033033033,-1.391440857548156,-0.838600601904115,0.5271890079506731,-0.3177289332754606
1.888288288288288,-1.388541760517005,-0.8324990513450947,0.5297547704762248,-0.3176140296297517
1.896246246246246,-1.385683364076305,-0.8264919031700562,0.5322985187931722,-0.3174898589803268
1.904204204204204,-1.382864806371587,-0.8205769374356708,0.534820494487359,-0.3173566652518761
1.912162162162162,-1.380085250107092,-0.814752003735865,0.5373209363363897,-0.3172146861908229
1.92012012012012,-1.377343881665311,-0.8090150184937286,0.5398000803282228,-0.3170641535370549
1.928078078078078,-1.37463991026454,-0.8033639623791228,0.5422581596807085,-0.3169052931903243
1.936036036036036,-1.371972567152535,-0.7977968778452206,0.5446954048619892,-0.3167383253715012
1.943993993993994,-1.36934110483446,-0.7923118667776435,0.5471120436116852,-0.3165634647788578
1.951951951951952,-1.366744796333412,-0.7869070882502279,0.549508300962792,-0.316380920739555
1.95990990990991,-1.364182934481935,-0.7815807563818242,0.5518843992642203,-0.3161908973564938
1.967867867867868,-1.361654831242993,-0.776331138288852,0.5542405582039164,-0.3159935936506885
1.975825825825826,-1.359159817058977,-0.7711565521286665,0.5565769948325003,-0.3157892036993183
1.983783783783784,-1.356697240227393,-0.7660553652290535,0.5588939235873692,-0.315577916769596
1.991741741741742,-1.354266466301946,-0.7610259922994795,0.5611915563172083,-0.3153599174486029
1.9996996996997,-1.351866877517827,-0.7560668937199374,0.5634701023068662,-0.3151353857692174
2.007657657657658,-1.349497872240051,-0.7511765739035035,0.5657297683025421,-0.3149044973322738
2.015615615615616,-1.347158864433763,-0.7463535797289129,0.5679707585372482,-0.3146674234250744
2.023573573573573,-1.344849283155496,-0.7415964990396935,0.5701932747565024,-0.314424331136375
2.031531531531531,-1.342568572064415,-0.7369039592065757,0.5723975162442155,-0.3141753834679627
2.039489489489489,-1.340316188952617,-0.7322746257500907,0.5745836798487384,-0.3139207394429371
2.047447447447448,-1.338091605293635,-0.7277072010204347,0.5767519600090339,-0.3136605542108024
2.055405405405405,-1.335894305808309,-0.7232004229318368,0.5789025487809473,-0.3133949791494764
2.063363363363363,-1.333723788047249,-0.7187530637488243,0.581035635863542,-0.3131241619643154
2.071321321321321,-1.331579561989147,-0.7143639289219228,0.5831514086254761,-0.3128482467842534
2.079279279279279,-1.329461149654239,-0.710031855970444,0.5852500521313965,-0.3125673742551471
2.087237237237237,-1.327368084732242,-0.7057557134101683,0.5873317491683246,-0.312281681630419
2.095195195195195,-1.32529991222414,-0.7015343997238181,0.5893966802720148,-0.311991302859084
2.103153153153153,-1.323256188097211,-0.6973668423723502,0.5914450237532629,-0.3116963686712436
2.111111111111111,-1.321236478952726,-0.6932519968451853,0.5934769557241499,-0.3113970066611289
2.119069069069069,-1.319240361705778,-0.6891888457475983,0.5954926501242006,-0.3110933413677701
2.127027027027027,-1.317267423276714,-0.6851763979235828,0.5974922787464432,-0.3107854943533683
2.134984984984985,-1.31531726029369,-0.6812136876125919,0.5994760112633531,-0.310473584279441
2.142942942942943,-1.31338947880588,-0.6772997736386357,0.6014440152526712,-0.310157726980813
2.150900900900901,-1.311483694006878,-0.6734337386302953,0.6033964562230787,-0.3098380355375186
2.158858858858859,-1.309599529967888,-0.6696146882702871,0.6053334976397231,-0.3095146203446827
2.166816816816817,-1.30773661938029,-0.6658417505732808,0.6072553009495789,-0.3091875891804413
2.174774774774775,-1.305894603307189,-0.6621140751907312,0.6091620256066376,-0.3088570472719642
2.182732732732733,-1.304073130943598,-0.6584308327415562,0.611053829096916,-0.3085230973596373
2.19069069069069,-1.302271859384889,-0.6547912141675478,0.6129308669632745,-0.3081858397594637
2.198648648648649,-1.300490453403178,-0.6511944301124457,0.6147932928300409,-0.3078453724237343
2.206606606606607,-1.298728585231347,-0.6476397103236803,0.6166412584274275,-0.3075017910000257
2.214564564564565,-1.296985934354371,-0.644126303075812,0.6184749136157409,-0.3071551888885732
2.222522522522522,-1.295262187307679,-0.6406534746147604,0.6202944064093759,-0.306805657298069
2.23048048048048,-1.293557037482265,-0.6372205086219512,0.62209988300059,-0.3064532852999358
2.238438438438438,-1.291870184936289,-0.6338267056975537,0.6238914877830519,-0.3060981598811177
2.246396396396396,-1.290201336212911,-0.6304713828620174,0.6256693633751637,-0.3057403659954372
2.254354354354354,-1.288550204164115,-0.6271538730751582,0.6274336506431493,-0.3053799866135594
2.262312312312312,-1.286916507780307,-0.6238735247720752,0.6291844887239098,-0.3050171027716055
2.27027027027027,-1.285299972025444,-0.620629701415215,0.6309220150476397,-0.3046517936184556
2.278228228228228,-1.283700327677502,-0.6174217810619309,0.6326463653602045,-0.3042841364617813
2.286186186186186,-1.282117311174074,-0.6142491559469159,0.6343576737452763,-0.303914206812844
2.294144144144144,-1.280550664462903,-0.6111112320789145,0.6360560726462261,-0.3035420784300966
2.302102102102102,-1.27900013485717,-0.6080074288511457,0.6377416928877723,-0.3031678233616236
2.31006006006006,-1.277465474895363,-0.604937178664899,0.6394146636973829,-0.3027915119864538
2.318018018018018,-1.275946442205538,-0.6018999265657832,0.6410751127264325,-0.3024132130547791
2.325975975975976,-1.274442799373849,-0.5988951298921351,0.6427231660711122,-0.3020329937271106
2.333933933933934,-1.272954313817145,-0.5959222579351154,0.6443589482930943,-0.3016509196124029
2.341891891891892,-1.27148075765952,-0.5929807916100445,0.6459825824399479,-0.3012670548051789
2.34984984984985,-1.270021907612666,-0.5900702231385403,0.6475941900653096,-0.3008814619216797
2.357807807807808,-1.268577544859875,-0.5871900557410507,0.6491938912488099,-0.3004942021350733
2.365765765765766,-1.26714745494358,-0.5843398033393833,0.6507818046157505,-0.3001053352097436
2.373723723723724,-1.265731427656308,-0.5815189902688581,0.6523580473565401,-0.2997149195346905
2.381681681681682,-1.264329256934899,-0.5787271509997155,0.653922735245886,-0.2993230121560645
2.38963963963964,-1.262940740757917,-0.5759638298674418,0.6554759826617411,-0.2989296688088607
2.397597597597597,-1.2615656810461,-0.5732285808116736,0.6570179026040134,-0.2985349439477964
2.405555555555555,-1.260203883565775,-0.5705209671233699,0.6585486067130309,-0.2981388907773955
2.413513513513514,-1.258855157835114,-0.5678405611999416,0.6600682052877721,-0.2977415612813022
2.421471471471472,-1.257519317033146,-0.5651869443080549,0.6615768073038559,-0.2973430062508451
2.429429429429429,-1.256196177911423,-0.5625597063538214,0.6630745204312988,-0.2969432753128745
2.437387387387387,-1.254885560708255,-0.5599584456601143,0.6645614510520366,-0.2965424169568905
2.445345345345345,-1.253587289065417,-0.55738276875075,0.6660377042772146,-0.296140478561485
2.453303303303303,-1.252301189947263,-0.5548322901412895,0.6675033839642491,-0.2957375064201139
2.461261261261261,-1.251027093562143,-0.552306632136227,0.6689585927336574,-0.29533354576622
2.469219219219219,-1.249764833286063,-0.5498054246323337,0.6704034319856659,-0.2949286407977242
2.477177177177177,-1.248514245588507,-0.5473283049279444,0.6718380019165907,-0.2945228347009015
2.485135135135135,-1.247275169960351,-0.5448749175379766,0.6732624015349978,-0.2941161696736601
2.493093093093093,-1.246047448843796,-0.5424449140144801,0.6746767286776437,-0.2937086869482396
2.501051051051051,-1.244830927564261,-0.5400379527725295,0.6760810800251965,-0.2933004268133433
2.509009009009009,-1.243625454264164,-0.5376536989212679,0.6774755511177444,-0.2928914286357221
2.516966966966967,-1.242430879838537,-0.5352918240999324,0.6788602363700875,-0.2924817308812225
2.524924924924925,-1.241247057872413,-0.532952006318685,0.6802352290868219,-0.2920713711353156
2.532882882882883,-1.240073844579922,-0.530633929804086,0.6816006214772136,-0.2916603861231195
2.540840840840841,-1.238911098745053,-0.5283372848490564,0.6829565046698653,-0.2912488117289291
2.548798798798799,-1.23775868166402,-0.5260617676671732,0.684302968727181,-0.2908366830152685
2.556756756756757,-1.236616457089183,-0.5238070802511535,0.6856401026596274,-0.2904240342414752
2.564714714714714,-1.235484291174477,-0.5215729302353896,0.6869679944397961,-0.2900108988818321
2.572672672672673,-1.234362052422301,-0.5193590307623961,0.6882867310162708,-0.2895973096432579
2.580630630630631,-1.233249611631818,-0.5171651003530439,0.6895963983272967,-0.2891832984825672
2.588588588588589,-1.232146841848628,-0.5149908627804546,0.6908970813142598,-0.2887688966233133
2.596546546546546,-1.231053618315768,-0.5128360469474325,0.6921888639349759,-0.2883541345722231
2.604504504504504,-1.229969818425995,-0.5107003867673238,0.6934718291767924,-0.2879390421352361
2.612462462462462,-1.22889532167532,-0.508583621048189,0.6947460590695032,-0.2875236484331576
2.62042042042042,-1.227830009617749,-0.5064854933801798,0.6960116346980831,-0.2871079819169359
2.628378378378378,-1.226773765821197,-0.5044057520260213,0.69726863621524,-0.2866920703825743
2.636336336336336,-1.225726475824536,-0.5023441498144946,0.6985171428537909,-0.2862759409856857
2.644294294294294,-1.224688027095751,-0.5003004440368319,0.6997572329388585,-0.2858596202557017
2.652252252252252,-1.223658308991156,-0.4982743963459226,0.7009889838998993,-0.285443134109743
2.66021021021021,-1.222637212715661,-0.4962657726582489,0.7022124722825557,-0.2850265078661612
2.668168168168168,-1.221624631284029,-0.4942743430584614,0.7034277737603423,-0.2846097662577595
2.676126126126126,-1.220620459483126,-0.4922998817065107,0.7046349631461649,-0.2841929334447011
2.684084084084084,-1.219624593835105,-0.4903421667472622,0.7058341144036737,-0.2837760330271148
2.692042042042042,-1.218636932561522,-0.4884009802225068,0.7070253006584566,-0.2833590880574023
2.7,-1.217657375548332,-0.4864761079853024,0.7082085942090711,-0.2829421210522584
2.707957957957958,-1.216685824311768,-0.4845673396165703,0.7093840665379186,-0.2825251540044087
2.715915915915916,-1.21572218196505,-0.4826744683438765,0.7105517883219642,-0.282108208394074
2.723873873873874,-1.214766353185915,-0.4807972909623356,0.7117118294433015,-0.2816913052001667
2.731831831831832,-1.213818244184944,-0.4789356077575682,0.7128642589995676,-0.281274464911228
2.73978978978979,-1.212877762674656,-0.4770892224306513,0.7140091453142097,-0.2808577075361102
2.747747747747748,-1.211944817839359,-0.4752579420250044,0.7151465559466014,-0.2804410526144119
2.755705705705706,-1.21101932030572,-0.4734415768551491,0.7162765577020181,-0.2800245192266731
2.763663663663663,-1.210101182114051,-0.4716399404372876,0.717399216641468,-0.2796081260043338
2.771621621621621,-1.209190316690277,-0.469852849421649,0.7185145980913807,-0.2791918911394642
2.779579579579579,-1.208286638818579,-0.4680801235265473,0.7196227666531599,-0.2787758323942724
2.787537537537538,-1.207390064614677,-0.4663215854741007,0.7207237862125981,-0.278359967110392
2.795495495495496,-1.206500511499759,-0.4645770609275686,0.7218177199491554,-0.27794431221796
2.803453453453453,-1.20561789817501,-0.4628463784302514,0.7229046303451075,-0.2775288842444858
2.811411411411411,-1.20474214459675,-0.4611293693459133,0.7239845791945624,-0.2771136993235188
2.819369369369369,-1.203873171952146,-0.4594258678006832,0.7250576276123457,-0.2766987732031192
2.827327327327327,-1.203010902635492,-0.4577357106263881,0.7261238360427631,-0.276284121254137
2.835285285285285,-1.20215526022504,-0.4560587373052806,0.7271832642682338,-0.2758697584783027
2.843243243243243,-1.201306169460364,-0.454394789916121,0.7282359714178022,-0.275455699516136
2.851201201201201,-1.200463556220246,-0.4527437130815716,0.729282015975529,-0.2750419586546767
2.859159159159159,-1.199627347501066,-0.4511053539168718,0.73032145578876,-0.2746285498350403
2.867117117117117,-1.198797471395689,-0.449479561979752,0.7313543480762791,-0.2742154866598054
2.875075075075075,-1.197973857072831,-0.4478661892215549,0.7323807494363447,-0.2738027824002346
2.883033033033033,-1.197156434756887,-0.4462650899395299,0.7334007158546098,-0.2733904500033346
2.890990990990991,-1.196345135708222,-0.4446761207302675,0.7344143027119318,-0.2729785020987585
2.898948948948949,-1.195539892203897,-0.4430991404442411,0.735421564792069,-0.2725669510055537
2.906906906906907,-1.194740637518834,-0.4415340101414256,0.7364225562892702,-0.2721558087387611
2.914864864864865,-1.193947305907392,-0.4399805930479673,0.7374173308157523,-0.2717450870158666
2.922822822822823,-1.19315983258536,-0.4384387545138683,0.7384059414090764,-0.2713347972631108
2.930780780780781,-1.192378153712343,-0.4369083619716651,0.7393884405394158,-0.2709249506216578
2.938738738738738,-1.191602206374541,-0.4353892848960709,0.7403648801167214,-0.2705155579536292
2.946696696696697,-1.190831928567897,-0.4338813947645531,0.7413353114977888,-0.270106629848005
2.954654654654655,-1.190067259181628,-0.4323845650188279,0.7422997854932193,-0.2696981766263937
2.962612612612613,-1.189308137982097,-0.430898671027239,0.7432583523742887,-0.2692902083486772
2.97057057057057,-1.188554505597053,-0.4294235900480018,0.7442110618797143,-0.268882734818531
2.978528528528528,-1.187806303500196,-0.4279592011932896,0.7451579632223291,-0.2684757655888244
2.986486486486486,-1.187063473996087,-0.4265053853941358,0.7460991050956608,-0.2680693099669021
2.994444444444444,-1.18632596020537,-0.4250620253661354,0.7470345356804181,-0.2676633770197518
3.002402402402402,-1.185593706050325,-0.4236290055759224,0.747964302650885,-0.2672579755790581
3.01036036036036,-1.18486665624071,-0.4222062122083992,0.7488884531812274,-0.2668531142461475
3.018318318318318,-1.184144756259924,-0.4207935331347062,0.749807033951708,-0.2664488013968264
3.026276276276276,-1.183427952351442,-0.4193908578809044,0.7507200911548162,-0.2660450451861134
3.034234234234234,-1.182716191505554,-0.4179980775973571,0.7516276705013107,-0.2656418535528711
3.042192192192192,-1.182009421446368,-0.4166150850287908,0.752529817226179,-0.2652392342243358
3.05015015015015,-1.181307590619098,-0.4152417744850175,0.7534265760945115,-0.2648371947205518
3.058108108108108,-1.180610648177604,-0.4138780418123042,0.7543179914072946,-0.2644357423587092
3.066066066066066,-1.179918543972199,-0.4125237843653671,0.7552041070071237,-0.2640348842573887
3.074024024024024,-1.179231228537708,-0.4111789009799828,0.7560849662838335,-0.2636346273407164
3.081981981981982,-1.17854865308177,-0.409843291946191,0.7569606121800543,-0.263234978342428
3.08993993993994,-1.177870769473379,-0.408516858982084,0.7578310871966869,-0.2628359438098487
3.097897897897898,-1.177197530231668,-0.407199505208159,0.7586964333983038,-0.2624375301077856
3.105855855855856,-1.176528888514911,-0.4058911351222263,0.759556692418474,-0.2620397434223399
3.113813813813814,-1.175864798109758,-0.4045916545748528,0.7604119054650156,-0.2616425897646354
3.121771771771772,-1.175205213420679,-0.4033009707453346,0.7612621133251734,-0.2612460749744705
3.12972972972973,-1.174550089459632,-0.4020189921181785,0.7621073563707271,-0.2608502047238909
3.137687687687687,-1.173899381835925,-0.4007456284600849,0.762947674563028,-0.2604549845206879
3.145645645645645,-1.173253046746299,-0.3994807907974183,0.7637831074579645,-0.2600604197118226
3.153603603603603,-1.172611040965189,-0.3982243913941494,0.7646136942108631,-0.2596665154867773
3.161561561561562,-1.171973321835196,-0.3969763437302666,0.7654394735813175,-0.2592732768808374
3.16951951951952,-1.171339847257738,-0.3957365624806332,0.766260483937955,-0.2588807087783034
3.177477477477477,-1.17071057568389,-0.3945049634942905,0.7670767632631348,-0.2584888159156362
3.185435435435435,-1.170085466105405,-0.3932814637741888,0.7678883491575833,-0.2580976028845358
3.193393393393393,-1.169464478045905,-0.3920659814573389,0.7686952788449656,-0.2577070741349565
3.201351351351351,-1.168847571552256,-0.3908584357953737,0.7694975891763945,-0.257317233978058
3.209309309309309,-1.168234707186099,-0.38965874713551,0.7702953166348774,-0.2569280865890962
3.217267267267267,-1.167625846015553,-0.388466836901899,0.7710884973397034,-0.2565396360102523
3.225225225225225,-1.16702094960708,-0.3872826275773595,0.7718771670507704,-0.2561518861534045
3.233183183183183,-1.166419980017499,-0.3861060426854838,0.7726613611728521,-0.2557648408028415
3.241141141141141,-1.165822899786164,-0.3849370067731038,0.7734411147598094,-0.255378503617919
3.249099099099099,-1.16522967192728,-0.3837754453931136,0.7742164625187427,-0.2549928781356628
3.257057057057057,-1.164640259922382,-0.3826212850876392,0.7749874388140886,-0.2546079677733164
3.265015015015015,-1.164054627712941,-0.381474453371544,0.7757540776716612,-0.2542237758308371
3.272972972972973,-1.163472739693121,-0.3803348787162664,0.7765164127826384,-0.25384030549334
3.280930930930931,-1.162894560702667,-0.3792024905339776,0.7772744775074963,-0.2534575598334921
3.288888888888889,-1.162320056019936,-0.3780772191620577,0.7780283048798872,-0.2530755418138566
3.296846846846847,-1.161749191355045,-0.3769589958478761,0.7787779276104683,-0.2526942542891896
3.304804804804805,-1.161181932843164,-0.3758477527338747,0.7795233780906775,-0.252313700008689
3.312762762762762,-1.160618247037919,-0.3747434228429435,0.78026468839646,-0.2519338816181986
3.320720720720721,-1.160058100904929,-0.373645940064083,0.7810018902919434,-0.2515548016623648
3.328678678678679,-1.15950146181546,-0.3725552391383493,0.7817350152330635,-0.251176462586752
3.336636636636637,-1.15894829754019,-0.371471255645069,0.7824640943711443,-0.2507988667399126
3.344594594594594,-1.158398576243102,-0.370393925988326,0.7831891585564262,-0.2504220163754157
3.352552552552552,-1.157852266475474,-0.3693231873837071,0.7839102383415514,-0.2500459136538347
3.36051051051051,-1.157309337169996,-0.3682589778453046,0.7846273639849998,-0.2496705606446938
3.368468468468468,-1.156769757634976,-0.3672012361729695,0.7853405654544803,-0.2492959593283758
3.376426426426426,-1.15623349754867,-0.366149901939807,0.786049872430278,-0.2489221115979897
3.384384384384384,-1.155700526953701,-0.3651049154799124,0.7867553143085568,-0.2485490192612028
3.392342342342342,-1.155170816251584,-0.3640662178763417,0.7874569202046162,-0.2481766840420331
3.4003003003003,-1.154644336197356,-0.363033750949309,0.7881547189561078,-0.2478051075826075
3.408258258258258,-1.15412105789429,-0.3620074572446063,0.7888487391262089,-0.2474342914448832
3.416216216216216,-1.153600952788714,-0.3609872800222452,0.7895390090067528,-0.2470642371123352
3.424174174174174,-1.153083992664919,-0.359973163245308,0.7902255566213202,-0.2466949459916088
3.432132132132132,-1.152570149640159,-0.3589650515690124,0.7909084097282878,-0.2463264194141405
3.44009009009009,-1.152059396159737,-0.3579628903299764,0.7915875958238384,-0.2459586586377441
3.448048048048048,-1.151551704992181,-0.3569666255356848,0.7922631421449318,-0.2455916648481669
3.456006006006006,-1.151047049224507,-0.3559762038541529,0.7929350756722351,-0.2452254391606132
3.463963963963964,-1.150545402257559,-0.3549915726037787,0.7936034231330171,-0.2448599826212386
3.471921921921922,-1.150046737801435,-0.3540126797433839,0.7942682110040041,-0.2444952962086131
3.47987987987988,-1.149551029870997,-0.3530394738624387,0.7949294655141971,-0.2441313808351558
3.487837837837838,-1.14905825278145,-0.3520719041714642,0.7955872126476549,-0.2437682373485403
3.495795795795796,-1.148568381144007,-0.3511099204926112,0.7962414781462399,-0.2434058665330728
3.503753753753754,-1.148081389861623,-0.3501534732504118,0.7968922875123273,-0.2430442691110417
3.511711711711711,-1.147597254124807,-0.3492025134626957,0.7975396660114827,-0.2426834457440416
3.519669669669669,-1.147115949407502,-0.348256992731676,0.7981836386750999,-0.2423233970342694
3.527627627627627,-1.146637451463041,-0.3473168632351905,0.7988242303030101,-0.2419641235257958
3.535585585585586,-1.146161736320168,-0.3463820777181051,0.799461465466054,-0.241605625705811
3.543543543543544,-1.14568878027913,-0.3454525894838692,0.8000953685086226,-0.241247904005846
3.551501501501501,-1.145218559907832,-0.3445283523862231,0.800725963551164,-0.2408909588029693
3.559459459459459,-1.144751052038064,-0.3436093208210523,0.8013532744926597,-0.2405347904209598
3.567417417417417,-1.144286233761783,-0.3426954497183881,0.8019773250130683,-0.2401793991314574
3.575375375375375,-1.143824082427464,-0.341786694534549,0.8025981385757377,-0.2398247851550889
3.583333333333333,-1.143364575636513,-0.3408830112444213,0.8032157384297882,-0.2394709486625745
3.591291291291291,-1.142907691239737,-0.3399843563338765,0.8038301476124625,-0.2391178897758092
3.599249249249249,-1.142453407333873,-0.3390906867923201,0.8044413889514491,-0.2387656085689254
3.607207207207207,-1.142001702258179,-0.3382019601053729,0.8050494850671737,-0.2384141050693335
3.615165165165165,-1.141552554591078,-0.3373181342476798,0.8056544583750621,-0.2380633792587415
3.623123123123123,-1.141105943146857,-0.3364391676758423,0.8062563310877767,-0.2377134310741557
3.631081081081081,-1.140661846972428,-0.3355650193214759,0.8068551252174208,-0.2373642604088609
3.639039039039039,-1.140220245344131,-0.3346956485843861,0.8074508625777184,-0.2370158671133812
3.646996996996997,-1.139781117764601,-0.3338310153258635,0.8080435647861651,-0.2366682509964226
3.654954954954955,-1.139344443959677,-0.3329710798620922,0.8086332532661535,-0.2363214118257964
3.662912912912913,-1.13891020387537,-0.3321158029576747,0.8092199492490688,-0.2359753493293251
3.670870870870871,-1.138478377674873,-0.3312651458192643,0.8098036737763613,-0.2356300631957297
3.678828828828829,-1.138048945735627,-0.3304190700893079,0.8103844477015916,-0.2352855530755005
3.686786786786787,-1.137621888646426,-0.3295775378398954,0.8109622916924506,-0.2349418185817505
3.694744744744745,-1.137197187204577,-0.3287405115667117,0.8115372262327543,-0.2345988592910513
3.702702702702703,-1.136774822413104,-0.3279079541830942,0.812109271624413,-0.2342566747442544
3.710660660660661,-1.136354775477991,-0.3270798290141868,0.8126784479893772,-0.2339152644472945
3.718618618618618,-1.135937027805478,-0.3262560997911952,0.8132447752715591,-0.2335746278719786
3.726576576576576,-1.135521560999395,-0.3254367306457369,0.8138082732387294,-0.2332347644567586
3.734534534534534,-1.135108356858539,-0.3246216861042865,0.8143689614843919,-0.2328956736074894
3.742492492492492,-1.134697397374097,-0.3238109310827132,0.8149268594296339,-0.2325573546981726
3.75045045045045,-1.1342886647271,-0.3230044308809094,0.8154819863249547,-0.2322198070716843
3.758408408408408,-1.133882141285931,-0.3222021511775079,0.8160343612520711,-0.2318830300404902
3.766366366366366,-1.133477809603862,-0.3214040580246879,0.8165840031256997,-0.231547022887346
3.774324324324324,-1.133075652416635,-0.3206101178430643,0.8171309306953201,-0.231211784865984
3.782282282282282,-1.132675652640074,-0.3198202974166631,0.8176751625469135,-0.2308773152017871
3.79024024024024,-1.132277793367747,-0.3190345638879785,0.818216717104682,-0.2305436130924488
3.798198198198198,-1.131882057868654,-0.31825288475311,0.818755612632746,-0.2302106777086209
3.806156156156156,-1.131488429584951,-0.3174752278569812,0.8192918672368207,-0.2298785081945486
3.814114114114114,-1.13109689212972,-0.3167015613886329,0.8198254988658733,-0.2295471036686927
3.822072072072072,-1.130707429284758,-0.3159318538765954,0.8203565253137595,-0.2292164632243403
3.83003003003003,-1.130320024998415,-0.3151660741843345,0.8208849642208393,-0.2288865859302038
3.837987987987988,-1.129934663383455,-0.3144041915057709,0.8214108330755751,-0.2285574708310071
3.845945945945946,-1.129551328714957,-0.3136461753608724,0.821934149216107,-0.2282291169480619
3.853903903903904,-1.12917000542824,-0.3128919955913155,0.8224549298318146,-0.2279015232798318
3.861861861861862,-1.128790678116831,-0.3121416223562176,0.8229731919648544,-0.2275746888024857
3.86981981981982,-1.128413331530452,-0.3113950261279367,0.8234889525116824,-0.2272486124704406
3.877777777777778,-1.128037950573048,-0.3106521776879383,0.8240022282245563,-0.2269232932168941
3.885735735735735,-1.127664520300837,-0.309913048122728,0.8245130357130201,-0.2265987299543453
3.893693693693693,-1.127293025920396,-0.3091776088198467,0.8250213914453731,-0.2262749215751075
3.901651651651652,-1.126923452786768,-0.3084458314639324,0.8255273117501175,-0.2259518669518097
3.90960960960961,-1.12655578640161,-0.3077176880328407,0.8260308128173915,-0.2256295649378884
3.917567567567567,-1.126190012411352,-0.3069931507938279,0.8265319107003851,-0.2253080143680702
3.925525525525525,-1.125826116605402,-0.3062721922997941,0.8270306213167371,-0.2249872140588452
3.933483483483483,-1.125464084914361,-0.3055547853855833,0.827526960449918,-0.2246671628089306
3.941441441441441,-1.125103903408277,-0.3048409031643432,0.8280209437505953,-0.2243478593997262
3.949399399399399,-1.12474555829492,-0.3041305190239393,0.8285125867379827,-0.2240293025957597
3.957357357357357,-1.12438903591808,-0.3034236066234281,0.8290019048011716,-0.2237114911451252
3.965315315315315,-1.124034322755895,-0.3027201398895796,0.8294889132004516,-0.2233944237799113
3.973273273273273,-1.123681405419204,-0.3020200930134583,0.82997362706861,-0.2230780992166224
3.981231231231231,-1.123330270649918,-0.3013234404470541,0.8304560614122195,-0.2227625161565909
3.989189189189189,-1.12298090531942,-0.3006301568999653,0.8309362311129099,-0.222447673286382
3.997147147147147,-1.122633296426991,-0.2999402173361329,0.8314141509286236,-0.2221335692781899
4.005105105105105,-1.122287431098251,-0.2992535969706244,0.8318898354948582,-0.2218202027902273
4.013063063063063,-1.121943296583629,-0.2985702712664653,0.8323632993258944,-0.2215075724671063
4.021021021021021,-1.121600880256854,-0.2978902159315214,0.8328345568160077,-0.2211956769402129
4.028978978978979,-1.121260169613467,-0.2972134069154259,0.8333036222406677,-0.2208845148280734
4.036936936936937,-1.120921152269354,-0.2965398204065529,0.833770509757724,-0.2205740847367139
4.044894894894895,-1.120583815959304,-0.2958694328290392,0.8342352334085757,-0.2202643852600137
4.052852852852853,-1.120248148535581,-0.2952022208398469,0.8346978071193301,-0.2199554149800499
4.060810810810811,-1.119914137966523,-0.2945381613258727,0.8351582447019461,-0.2196471724674376
4.068768768768769,-1.119581772335156,-0.2938772314011001,0.8356165598553656,-0.2193396562816615
4.076726726726727,-1.119251039837836,-0.2932194084037928,0.8360727661666312,-0.2190328649714022
4.084684684684685,-1.118921928782896,-0.292564669893731,0.8365268771119907,-0.2187267970748561
4.092642642642643,-1.118594427589331,-0.2919129936494885,0.8369789060579894,-0.2184214511200485
4.1006006006006,-1.118268524785482,-0.2912643576657489,0.8374288662625508,-0.2181168256251406
4.108558558558559,-1.117944209007755,-0.2906187401506638,0.8378767708760417,-0.2178129190987317
4.116516516516517,-1.117621468999347,-0.2899761195232471,0.8383226329423298,-0.2175097300401539
4.124474474474475,-1.117300293609,-0.2893364744108097,0.838766465399824,-0.2172072569397619
4.132432432432433,-1.116980671789759,-0.2886997836464303,0.8392082810825078,-0.2169054982792173
4.14039039039039,-1.116662592597764,-0.2880660262664646,0.8396480927209568,-0.2166044525317669
4.148348348348349,-1.11634604519104,-0.2874351815080886,0.8400859129433473,-0.2163041181625153
4.156306306306306,-1.116031018828326,-0.2868072288068809,0.8405217542764523,-0.2160044936286934
4.164264264264264,-1.115717502867898,-0.2861821477944362,0.840955629146626,-0.2157055773799204
4.172222222222222,-1.115405486766423,-0.2855599182960165,0.8413875498807784,-0.2154073678584608
4.18018018018018,-1.115094960077828,-0.2849405203282342,0.8418175287073365,-0.2151098634994773
4.188138138138139,-1.114785912452174,-0.2843239340967699,0.8422455777571981,-0.2148130627312776
4.196096096096096,-1.114478333634559,-0.2837101399941217,0.842671709064671,-0.2145169639755571
4.204054054054054,-1.114172213464026,-0.2830991185973875,0.843095934568405,-0.2142215656476363
4.212012012012012,-1.113867541872493,-0.2824908506660794,0.8435182661123105,-0.2139268661566943
4.21996996996997,-1.113564308883692,-0.2818853171399678,0.8439387154464694,-0.2136328639059967
4.227927927927928,-1.113262504612126,-0.2812824991369577,0.844357294228034,-0.2133395572931199
4.235885885885886,-1.112962119262041,-0.2806823779509943,0.844774014022116,-0.2130469447101704
4.243843843843844,-1.112663143126407,-0.2800849350499982,0.8451888863026669,-0.2127550245439998
4.251801801801802,-1.112365566585919,-0.2794901520738298,0.8456019224533473,-0.2124637951764161
4.25975975975976,-1.112069380108008,-0.2788980108322832,0.8460131337683866,-0.2121732549843904
4.267717717717717,-1.111774574245863,-0.2783084933031069,0.8464225314534333,-0.2118834023402592
4.275675675675676,-1.111481139637475,-0.2777215816300526,0.8468301266263968,-0.2115942356119231
4.283633633633634,-1.111189067004683,-0.2771372581209533,0.8472359303182775,-0.2113057531630419
4.291591591591592,-1.110898347152241,-0.2765555052458238,0.8476399534739911,-0.2110179533532249
4.29954954954955,-1.110608970966892,-0.275976305634993,0.8480422069531803,-0.2107308345382182
4.307507507507507,-1.110320929416458,-0.2753996420772575,0.8484427015310201,-0.210444395070088
4.315465465465466,-1.110034213548942,-0.2748254975180636,0.8488414478990129,-0.2101586332973998
4.323423423423423,-1.109748814491638,-0.2742538550577134,0.849238456665775,-0.2098735475653952
4.331381381381382,-1.109464723450258,-0.2736846979495956,0.8496337383578153,-0.2095891362161636
4.33933933933934,-1.109181931708068,-0.2731180095984411,0.8500273034203043,-0.2093053975888119
4.347297297297297,-1.108900430625034,-0.2725537735586016,0.8504191622178353,-0.2090223300196298
4.355255255255256,-1.108620211636983,-0.2719919735323529,0.8508093250351775,-0.2087399318422522
4.363213213213213,-1.10834126625477,-0.2714325933682206,0.8511978020780199,-0.2084582013878182
4.371171171171171,-1.108063586063463,-0.2708756170593293,0.8515846034737082,-0.2081771369851274
4.379129129129129,-1.10778716272153,-0.2703210287417726,0.8519697392719736,-0.2078967369607917
4.387087087087087,-1.107511987960044,-0.2697688126930076,0.8523532194456526,-0.2076169996393861
4.395045045045046,-1.107238053581896,-0.2692189533302692,0.8527350538913996,-0.207337923343594
4.403003003003003,-1.106965351461014,-0.2686714352090071,0.8531152524303925,-0.2070595063943521
4.410960960960961,-1.1066938735416,-0.2681262430213426,0.8534938248090297,-0.20678174711099
4.418918918918919,-1.106423611837371,-0.2675833615945467,0.8538707806996199,-0.2065046438113685
4.426876876876877,-1.106154558430813,-0.2670427758895396,0.8542461297010638,-0.2062281948120148
4.434834834834835,-1.105886705472437,-0.2665044709994084,0.8546198813395309,-0.2059523984282543
4.442792792792793,-1.10562004518006,-0.2659684321479457,0.8549920450691252,-0.2056772529743404
4.450750750750751,-1.105354569838081,-0.2654346446882081,0.8553626302725467,-0.2054027567635814
4.458708708708709,-1.10509027179677,-0.2649030941010922,0.8557316462617451,-0.2051289081084645
4.466666666666667,-1.10482714347157,-0.2643737659939316,0.8560991022785657,-0.2048557053207777
4.474624624624624,-1.104565177342404,-0.2638466460991106,0.8564650074953893,-0.2045831467117291
4.482582582582583,-1.104304365952993,-0.2633217202726968,0.8568293710157651,-0.2043112305920631
4.490540540540541,-1.104044701910181,-0.2627989744930923,0.8571922018750364,-0.2040399552721753
4.498498498498499,-1.103786177883268,-0.2622783948597025,0.8575535090409597,-0.203769319062224
4.506456456456457,-1.103528786603356,-0.261759967591621,0.8579133014143181,-0.2034993202722398
4.514414414414414,-1.103272520862696,-0.2612436790263331,0.8582715878295275,-0.2032299572122331
4.522372372372373,-1.103017373514052,-0.2607295156184362,0.8586283770552355,-0.2029612281922988
4.53033033033033,-1.102763337470062,-0.2602174639383761,0.8589836777949162,-0.2026931315227194
4.538288288288288,-1.102510405702618,-0.2597075106712,0.8593374986874565,-0.2024256655140655
4.546246246246247,-1.102258571242249,-0.2591996426153259,0.8596898483077372,-0.2021588284772942
4.554204204204204,-1.102007827177508,-0.2586938466813278,0.8600407351672082,-0.2018926187238456
4.562162162162163,-1.101758166654372,-0.258190109890736,0.8603901677144578,-0.2016270345657374
4.57012012012012,-1.101509582875651,-0.2576884193748544,0.8607381543357742,-0.2013620743156569
4.578078078078078,-1.101262069100395,-0.257188762373591,0.8610847033557038,-0.2010977362870516
4.586036036036036,-1.10101561864332,-0.2566911262343046,0.8614298230376016,-0.2008340187942175
4.593993993993994,-1.100770224874231,-0.2561954984106659,0.861773521584178,-0.2005709201523858
4.601951951951953,-1.100525881217461,-0.2557018664615343,0.8621158071380352,-0.2003084386778073
4.60990990990991,-1.100282581151308,-0.2552102180498458,0.8624566877822056,-0.2000465726878356
4.617867867867868,-1.100040318207488,-0.2547205409415196,0.8627961715406769,-0.1997853205010076
4.625825825825826,-1.099799085970585,-0.2542328230043739,0.863134266378917,-0.1995246804371233
4.633783783783784,-1.099558878077519,-0.2537470522070594,0.8634709802043906,-0.199264650817323
4.641741741741741,-1.099319688217008,-0.2532632166180034,0.8638063208670722,-0.1990052299641632
4.6496996996997,-1.099081510129047,-0.2527813044043686,0.8641402961599528,-0.1987464162016906
4.657657657657658,-1.098844337604389,-0.2523013038310252,0.8644729138195411,-0.198488207855515
4.665615615615616,-1.098608164484032,-0.2518232032595347,0.8648041815263602,-0.1982306032528794
4.673573573573574,-1.098372984658709,-0.2513469911471475,0.86513410690544,-0.1979736007227304
4.681531531531531,-1.098138792068396,-0.2508726560458122,0.8654626975268025,-0.1977171985957849
4.68948948948949,-1.097905580701809,-0.2504001866011982,0.8657899609059434,-0.197461395204597
4.697447447447447,-1.097673344595923,-0.24992957155173,0.8661159045043082,-0.1972061888836222
4.705405405405406,-1.097442077835485,-0.2494607997276325,0.8664405357297652,-0.1969515779692814
4.713363363363364,-1.097211774552539,-0.2489938600499901,0.8667638619370704,-0.1966975608000218
4.721321321321321,-1.096982428925957,-0.2485287415298159,0.8670858904283303,-0.196444135716378
4.72927927927928,-1.096754035180971,-0.2480654332671327,0.8674066284534593,-0.1961913010610306
4.737237237237237,-1.096526587588714,-0.2476039244500654,0.8677260832106327,-0.1959390551788642
4.745195195195195,-1.096300080465765,-0.2471442043539453,0.8680442618467333,-0.1956873964170232
4.753153153153153,-1.096074508173705,-0.2466862623404239,0.8683611714577962,-0.1954363231249672
4.761111111111111,-1.095849865118666,-0.2462300878565987,0.8686768190894473,-0.1951858336545247
4.76906906906907,-1.095626145750899,-0.2457756704341487,0.8689912117373376,-0.1949359263599449
4.777027027027027,-1.095403344564337,-0.2453229996884823,0.8693043563475737,-0.1946865995979499
4.784984984984985,-1.095181456096169,-0.2448720653178927,0.8696162598171436,-0.1944378517277838
4.792942942942943,-1.094960474926415,-0.2444228571027259,0.869926928994338,-0.1941896811112617
4.800900900900901,-1.094740395677512,-0.243975364904558,0.8702363706791678,-0.1939420861128178
4.808858858858859,-1.094521213013896,-0.2435295786653826,0.8705445916237765,-0.1936950650995507
4.816816816816817,-1.094302921641596,-0.2430854884068066,0.8708515985328505,-0.19344861644127
4.824774774774775,-1.094085516307833,-0.2426430842292591,0.871157398064022,-0.1932027385105394
4.832732732732733,-1.093868991800613,-0.2422023563112046,0.8714619968282722,-0.1929574296827203
4.840690690690691,-1.093653342948344,-0.2417632949083715,0.871765401390326,-0.1927126883360142
4.848648648648648,-1.093438564619437,-0.2413258903529852,0.8720676182690452,-0.1924685128515025
4.856606606606607,-1.093224651721925,-0.2408901330530121,0.8723686539378191,-0.1922249016131876
4.864564564564565,-1.093011599203082,-0.2404560134914134,0.8726685148249472,-0.1919818530080311
4.872522522522523,-1.092799402049046,-0.240023522225406,0.8729672073140221,-0.1917393654259922
4.880480480480481,-1.092588055284447,-0.2395926498857341,0.8732647377443061,-0.1914974372600642
4.888438438438438,-1.09237755397204,-0.2391633871759474,0.8735611124111052,-0.1912560669063107
4.896396396396397,-1.092167893212339,-0.2387357248716893,0.8738563375661393,-0.1910152527639007
4.904354354354354,-1.091959068143263,-0.2383096538199935,0.8741504194179081,-0.1907749932351427
4.912312312312312,-1.091751073939774,-0.237885164938587,0.8744433641320543,-0.1905352867255175
4.920270270270271,-1.091543905813531,-0.2374622492152041,0.8747351778317226,-0.1902961316437113
4.928228228228228,-1.091337559012538,-0.2370408977069066,0.875025866597915,-0.1900575264016462
4.936186186186187,-1.091132028820808,-0.2366211015394118,0.8753154364698441,-0.1898194694145119
4.944144144144144,-1.090927310558013,-0.2362028519064295,0.8756038934452802,-0.1895819591007942
4.952102102102102,-1.090723399579159,-0.2357861400690056,0.8758912434808983,-0.1893449938823049
4.96006006006006,-1.090520291274247,-0.2353709573548749,0.8761774924926178,-0.1891085721842095
4.968018018018018,-1.09031798106795,-0.2349572951578189,0.8764626463559436,-0.1888726924350546
4.975975975975977,-1.090116464419282,-0.2345451449370335,0.8767467109062999,-0.1886373530667941
4.983933933933934,-1.089915736821286,-0.2341344982165025,0.8770296919393624,-0.1884025525148157
4.991891891891892,-1.089715793800707,-0.233725346584379,0.8773115952113871,-0.1881682892179651
4.99984984984985,-1.089516630917688,-0.233317681692374,0.8775924264395365,-0.1879345616185708
5.007807807807808,-1.089318243765451,-0.2329114952551508,0.8778721913022012,-0.1877013681624674
5.015765765765765,-1.089120627969999,-0.2325067790497287,0.8781508954393195,-0.1874687072990187
5.023723723723724,-1.088923779189805,-0.2321035249148908,0.878428544452694,-0.1872365774811394
5.031681681681682,-1.088727693115517,-0.2317017247506006,0.8787051439063045,-0.1870049771653169
5.03963963963964,-1.088532365469659,-0.2313013705174243,0.8789806993266182,-0.1867739048116321
5.047597597597598,-1.088337792006338,-0.2309024542359599,0.8792552162028965,-0.1865433588837793
5.055555555555555,-1.088143968510956,-0.2305049679862729,0.8795286999875002,-0.1863133378490859
5.063513513513514,-1.087950890799921,-0.2301089039073379,0.8798011560961899,-0.1860838401785311
5.071471471471471,-1.087758554720362,-0.2297142541964874,0.8800725899084247,-0.185854864346764
5.07942942942943,-1.087566956149851,-0.2293210111088656,0.8803430067676583,-0.1856264088321216
5.087387387387388,-1.087376090996127,-0.2289291669568899,0.8806124119816308,-0.1853984721166454
5.095345345345345,-1.087185955196814,-0.2285387141097167,0.880880810822659,-0.1851710526860981
5.103303303303304,-1.086996544719158,-0.2281496449927146,0.8811482085279247,-0.1849441490299792
5.111261261261261,-1.086807855559755,-0.2277619520869434,0.8814146102997568,-0.1847177596415406
5.119219219219219,-1.086619883744283,-0.2273756279286373,0.8816800213059154,-0.184491883017801
5.127177177177177,-1.086432625327243,-0.2269906651086963,0.8819444466798695,-0.1842665176595602
5.135135135135135,-1.086246076391696,-0.2266070562721813,0.8822078915210743,-0.1840416620714127
5.143093093093094,-1.086060233049008,-0.2262247941178158,0.8824703608952439,-0.1838173147617611
5.151051051051051,-1.085875091438596,-0.2258438713974929,0.8827318598346238,-0.1835934742428282
5.159009009009009,-1.085690647727673,-0.2254642809157876,0.8829923933382589,-0.1833701390306693
5.166966966966967,-1.085506898111002,-0.2250860155294747,0.8832519663722593,-0.1831473076451842
5.174924924924925,-1.085323838810651,-0.2247090681470521,0.8835105838700649,-0.1829249786101278
5.182882882882883,-1.085141466075745,-0.2243334317282689,0.8837682507327056,-0.1827031504531208
5.190840840840841,-1.084959776182229,-0.2239590992836589,0.8840249718290607,-0.18248182170566
5.198798798798799,-1.084778765432627,-0.2235860638740799,0.8842807519961146,-0.1822609909031282
5.206756756756757,-1.084598430155807,-0.2232143186102566,0.8845355960392113,-0.1820406565848031
5.214714714714715,-1.084418766706748,-0.2228438566523301,0.8847895087323053,-0.1818208172938662
5.222672672672672,-1.084239771466309,-0.2224746712094106,0.8850424948182117,-0.1816014715774115
5.230630630630631,-1.084061440841001,-0.2221067555391371,0.8852945590088516,-0.1813826179864531
5.238588588588589,-1.083883771262758,-0.2217401029472395,0.8855457059854979,-0.1811642550759328
5.246546546546547,-1.083706759188717,-0.2213747067871076,0.885795940399017,-0.1809463814047274
5.254504504504505,-1.083530401100995,-0.2210105604593631,0.8860452668701091,-0.1807289955356556
5.262462462462462,-1.083354693506469,-0.2206476574114373,0.8862936899895457,-0.1805120960354838
5.270420420420421,-1.083179632936564,-0.2202859911371527,0.8865412143184055,-0.1802956814749324
5.278378378378378,-1.083005215947031,-0.2199255551763101,0.886787844388307,-0.1800797504286815
5.286336336336336,-1.082831439117741,-0.2195663431142781,0.8870335847016417,-0.179864301475376
5.294294294294295,-1.082658299052473,-0.2192083485815898,0.8872784397318005,-0.1796493331976305
5.302252252252252,-1.082485792378706,-0.2188515652535411,0.8875224139234031,-0.1794348441820334
5.310210210210211,-1.082313915747411,-0.2184959868497951,0.8877655116925224,-0.1792208330191517
5.318168168168168,-1.082142665832855,-0.2181416071339908,0.8880077374269053,-0.1790072983035346
5.326126126126126,-1.081972039332391,-0.2177884199133537,0.8882490954861968,-0.1787942386337165
5.334084084084084,-1.081802032966263,-0.2174364190383134,0.8884895902021568,-0.178581652612221
5.342042042042042,-1.081632643477408,-0.217085598402124,0.8887292258788767,-0.1783695388455629
5.350000000000001,-1.081463867631264,-0.2167359519404879,0.8889680067929956,-0.1781578959442511
5.357957957957958,-1.081295702215569,-0.2163874736311844,0.8892059371939119,-0.177946722522791
5.365915915915916,-1.081128144040178,-0.2160401574937025,0.8894430213039948,-0.1777360171996859
5.373873873873874,-1.08096118993687,-0.2156939975888763,0.8896792633187933,-0.1775257785974391
5.381831831831832,-1.08079483675916,-0.2153489880185257,0.8899146674072433,-0.1773160053425548
5.38978978978979,-1.080629081382115,-0.2150051229251,0.8901492377118725,-0.1771066960655394
5.397747747747748,-1.08046392070217,-0.2146623964913252,0.8903829783490043,-0.1768978494009023
5.405705705705706,-1.080299351636949,-0.2143208029398553,0.8906158934089587,-0.176689463987156
5.413663663663664,-1.080135371125079,-0.2139803365329274,0.8908479869562526,-0.1764815384668165
5.421621621621622,-1.07997197612602,-0.2136409915720198,0.8910792630297975,-0.1762740714864036
5.429579579579579,-1.079809163619881,-0.2133027623975145,0.8913097256430951,-0.1760670616964401
5.437537537537538,-1.079646930607251,-0.2129656433883619,0.8915393787844327,-0.1758605077514514
5.445495495495495,-1.079485274109026,-0.2126296289617504,0.8917682264170751,-0.1756544083099646
5.453453453453454,-1.079324191166236,-0.2122947135727789,0.8919962724794555,-0.1754487620345077
5.461411411411412,-1.079163678839876,-0.2119608917141319,0.8922235208853649,-0.1752435675916083
5.469369369369369,-1.07900373421074,-0.2116281579157594,0.8924499755241394,-0.1750388236517915
5.477327327327328,-1.078844354379256,-0.2112965067445588,0.8926756402608461,-0.174834528889579
5.485285285285285,-1.078685536465319,-0.2109659328040607,0.8929005189364669,-0.1746306819834865
5.493243243243243,-1.078527277608131,-0.2106364307341181,0.893124615368082,-0.1744272816160219
5.501201201201201,-1.078369574966038,-0.2103079952105977,0.8933479333490496,-0.1742243264736825
5.509159159159159,-1.078212425716375,-0.2099806209450764,0.8935704766491855,-0.1740218152469529
5.517117117117118,-1.078055827055302,-0.2096543026845385,0.8937922490149416,-0.1738197466303018
5.525075075075075,-1.077899776197653,-0.2093290352110775,0.8940132541695808,-0.173618119322179
5.533033033033033,-1.077744270376781,-0.209004813341601,0.8942334958133518,-0.1734169320250125
5.540990990990991,-1.077589306844402,-0.2086816319275371,0.8944529776236634,-0.1732161834452046
5.548948948948949,-1.077434882870447,-0.2083594858545463,0.8946717032552537,-0.1730158722931292
5.556906906906907,-1.077280995742909,-0.2080383700422333,0.8948896763403621,-0.1728159972831266
5.564864864864865,-1.077127642767698,-0.2077182794438643,0.8951069004888965,-0.1726165571335012
5.572822822822823,-1.076974821268489,-0.2073992090460854,0.8953233792886014,-0.172417550566516
5.580780780780781,-1.076822528586582,-0.2070811538686456,0.8955391163052216,-0.1722189763083894
5.588738738738739,-1.076670762080753,-0.2067641089641199,0.8957541150826687,-0.1720208330892898
5.596696696696696,-1.076519519127116,-0.2064480694176382,0.8959683791431809,-0.1718231196433316
5.604654654654655,-1.076368797118976,-0.2061330303466147,0.8961819119874869,-0.1716258347085701
5.612612612612613,-1.076218593466694,-0.2058189869004811,0.8963947170949641,-0.1714289770269969
5.620570570570571,-1.076068905597547,-0.205505934260422,0.896606797923797,-0.1712325453445343
5.628528528528529,-1.075919730955588,-0.2051938676391136,0.8968181579111352,-0.1710365384110306
5.636486486486486,-1.075771067001514,-0.2048827822804635,0.8970288004732476,-0.1708409549802542
5.644444444444445,-1.075622911212529,-0.204572673459355,0.8972387290056781,-0.1706457938098885
5.652402402402402,-1.075475261082212,-0.2042635364813925,0.8974479468833978,-0.170451053661526
5.66036036036036,-1.075328114120382,-0.2039553666826503,0.8976564574609567,-0.1702567333006626
5.668318318318319,-1.075181467852972,-0.2036481594294228,0.897864264072634,-0.1700628314966913
5.676276276276276,-1.075035319821896,-0.2033419101179789,0.898071370032587,-0.1698693470228967
5.684234234234235,-1.074889667584922,-0.2030366141743166,0.8982777786349994,-0.1696762786564485
5.692192192192192,-1.074744508715546,-0.2027322670539225,0.8984834931542267,-0.169483625178395
5.70015015015015,-1.074599840802862,-0.2024288642415311,0.8986885168449427,-0.1692913853736571
5.708108108108108,-1.074455661451442,-0.2021264012508883,0.8988928529422823,-0.1690995580310212
5.716066066066066,-1.074311968281213,-0.2018248736245168,0.8990965046619847,-0.1689081419431331
5.724024024024025,-1.074168758927329,-0.201524276933483,0.8992994752005347,-0.1687171359064907
5.731981981981982,-1.074026031040056,-0.2012246067771678,0.8995017677353028,-0.1685265387214373
5.73993993993994,-1.07388378228465,-0.2009258587830371,0.8997033854246851,-0.1683363491921547
5.747897897897898,-1.073742010341237,-0.2006280286064174,0.8999043314082401,-0.168146566126656
5.755855855855856,-1.073600712904696,-0.2003311119302713,0.9001046088068262,-0.1679571883367782
5.763813813813814,-1.073459887684545,-0.2000351044649769,0.9003042207227361,-0.1677682146381752
5.771771771771772,-1.073319532404821,-0.1997400019481076,0.9005031702398327,-0.1675796438503102
5.77972972972973,-1.073179644803969,-0.1994458001442156,0.9007014604236813,-0.1673914747964481
5.787687687687688,-1.073040222634728,-0.1991524948446166,0.9008990943216815,-0.1672037063036483
5.795645645645646,-1.072901263664019,-0.1988600818671766,0.9010960749631992,-0.1670163372027565
5.803603603603603,-1.072762765672832,-0.1985685570561012,0.9012924053596957,-0.1668293663283971
5.811561561561562,-1.07262472645612,-0.1982779162817265,0.9014880885048561,-0.1666427925189657
5.81951951951952,-1.072487143822684,-0.1979881554403124,0.9016831273747179,-0.1664566146166206
5.827477477477477,-1.07235001559507,-0.1976992704538368,0.9018775249277976,-0.166270831467275
5.835435435435436,-1.072213339609461,-0.197411257269794,0.9020712841052146,-0.166085441920589
5.843393393393393,-1.072077113715569,-0.1971241118609922,0.9022644078308181,-0.1659004448299615
5.851351351351352,-1.071941335776531,-0.1968378302253551,0.9024568990113082,-0.1657158390525214
5.859309309309309,-1.071806003668805,-0.1965524083857245,0.9026487605363601,-0.1655316234491198
5.867267267267267,-1.071671115282068,-0.1962678423896644,0.9028399952787446,-0.1653477968843217
5.875225225225226,-1.071536668519113,-0.1959841283092684,0.9030306060944476,-0.1651643582263969
5.883183183183183,-1.071402661295745,-0.195701262240967,0.9032205958227918,-0.164981306347312
5.891141141141142,-1.071269091540685,-0.1954192403053379,0.9034099672865528,-0.1647986401227217
5.899099099099099,-1.071135957195469,-0.1951380586469184,0.9035987232920768,-0.16461635843196
5.907057057057057,-1.071003256214349,-0.1948577134340182,0.9037868666293983,-0.1644344601580317
5.915015015015015,-1.070870986564196,-0.1945782008585352,0.9039744000723541,-0.1642529441876031
5.922972972972973,-1.070739146224403,-0.1942995171357726,0.9041613263786983,-0.1640718094109941
5.930930930930931,-1.070607733186791,-0.1940216585042578,0.9043476482902152,-0.1638910547221681
5.938888888888889,-1.070476745455511,-0.1937446212255622,0.9045333685328336,-0.1637106790187243
5.946846846846847,-1.070346181046951,-0.1934684015841246,0.9047184898167356,-0.1635306812018877
5.954804804804805,-1.070216037989645,-0.1931929958870736,0.9049030148364701,-0.1633510601765006
5.962762762762763,-1.070086314324179,-0.1929184004640541,0.9050869462710605,-0.1631718148510133
5.97072072072072,-1.0699570081031,-0.1926446116670542,0.9052702867841146,-0.1629929441374751
5.978678678678679,-1.069828117390822,-0.1923716258702332,0.9054530390239323,-0.1628144469515247
5.986636636636637,-1.069699640263544,-0.1920994394697528,0.905635205623613,-0.1626363222123816
5.994594594594595,-1.069571574809152,-0.1918280488836084,0.9058167892011607,-0.1624585688428363
6.002552552552553,-1.069443919127138,-0.1915574505514624,0.9059977923595911,-0.1622811857692412
6.01051051051051,-1.069316671328507,-0.1912876409344793,0.9061782176870342,-0.1621041719215013
6.018468468468469,-1.069189829535696,-0.1910186165151621,0.9063580677568394,-0.1619275262330644
6.026426426426426,-1.069063391882481,-0.1907503737971903,0.9065373451276774,-0.1617512476409124
6.034384384384384,-1.068937356513901,-0.1904829093052595,0.9067160523436417,-0.1615753350855512
6.042342342342343,-1.068811721586165,-0.1902162195849211,0.9068941919343516,-0.1613997875110011
6.0503003003003,-1.068686485266573,-0.1899503012024267,0.9070717664150496,-0.161224603864788
6.058258258258259,-1.068561645733434,-0.1896851507445695,0.9072487782867041,-0.1610497830979331
6.066216216216216,-1.068437201175982,-0.1894207648185318,0.9074252300361048,-0.1608753241649437
6.074174174174174,-1.068313149794292,-0.1891571400517298,0.9076011241359627,-0.1607012260238032
6.082132132132132,-1.068189489799207,-0.1888942730916624,0.9077764630450067,-0.1605274876359621
6.09009009009009,-1.06806621941225,-0.1886321606057605,0.9079512492080789,-0.1603541079663276
6.098048048048049,-1.06794333686555,-0.1883707992812377,0.9081254850562317,-0.1601810859832543
6.106006006006006,-1.067820840401761,-0.1881101858249422,0.9082991730068208,-0.1600084206585342
6.113963963963964,-1.067698728273986,-0.1878503169632105,0.9084723154636004,-0.1598361109673873
6.121921921921922,-1.067576998745699,-0.1875911894417219,0.9086449148168152,-0.1596641558884515
6.12987987987988,-1.067455650090668,-0.1873328000253544,0.9088169734432946,-0.1594925544037729
6.137837837837838,-1.067334680592879,-0.1870751454980426,0.9089884937065423,-0.1593213054987961
6.145795795795796,-1.067214088546464,-0.1868182226626357,0.9091594779568286,-0.159150408162354
6.153753753753754,-1.067093872255623,-0.1865620283407575,0.9093299285312801,-0.1589798613866586
6.161711711711712,-1.066974030034551,-0.186306559372668,0.9094998477539693,-0.1588096641672904
6.16966966966967,-1.066854560207367,-0.1860518126171251,0.9096692379360034,-0.1586398155031888
6.177627627627627,-1.066735461108038,-0.1857977849512483,0.9098381013756127,-0.1584703143966424
6.185585585585586,-1.066616731080311,-0.1855444732703839,0.9100064403582367,-0.1583011598532789
6.193543543543544,-1.066498368477639,-0.185291874487971,0.9101742571566123,-0.1581323508820549
6.201501501501501,-1.066380371663113,-0.1850399855354078,0.9103415540308589,-0.1579638864952466
6.20945945945946,-1.066262739009386,-0.1847888033619211,0.9105083332285641,-0.1577957657084391
6.217417417417417,-1.066145468898613,-0.1845383249344353,0.9106745969848674,-0.1576279875405172
6.225375375375376,-1.066028559722374,-0.1842885472374428,0.9108403475225459,-0.1574605510136545
6.233333333333333,-1.065912009881611,-0.1840394672728766,0.9110055870520952,-0.1572934551533044
6.241291291291291,-1.065795817786557,-0.1837910820599822,0.9111703177718142,-0.1571266989881895
6.24924924924925,-1.06567998185667,-0.1835433886351927,0.9113345418678859,-0.1569602815502917
6.257207207207207,-1.06556450052057,-0.1832963840520032,0.9114982615144587,-0.1567942018748421
6.265165165165166,-1.065449372215966,-0.1830500653808475,0.9116614788737274,-0.1566284590003114
6.273123123123123,-1.065334595389597,-0.1828044297089752,0.9118241960960133,-0.1564630519683996
6.281081081081081,-1.065220168497166,-0.1825594741403302,0.9119864153198431,-0.1562979798240257
6.289039039039039,-1.065106090003274,-0.1823151957954303,0.912148138672028,-0.1561332416153183
6.296996996996997,-1.064992358381357,-0.1820715918112474,0.9123093682677422,-0.155968836393605
6.304954954954955,-1.064878972113622,-0.1818286593410892,0.9124701062105997,-0.1558047632134028
6.312912912912913,-1.06476592969099,-0.1815863955544822,0.9126303545927312,-0.1556410211324077
6.320870870870871,-1.064653229613024,-0.1813447976370545,0.9127901154948618,-0.1554776092114851
6.328828828828829,-1.064540870387878,-0.1811038627904212,0.9129493909863849,-0.1553145265146595
6.336786786786787,-1.064428850532229,-0.1808635882320693,0.9131081831254385,-0.1551517721091042
6.344744744744744,-1.06431716857122,-0.1806239711952451,0.9132664939589792,-0.1549893450651321
6.352702702702703,-1.064205823038396,-0.1803850089288408,0.9134243255228565,-0.1548272444561846
6.360660660660661,-1.064094812475651,-0.180146698697284,0.9135816798418863,-0.1546654693588226
6.368618618618619,-1.063984135433163,-0.1799090377804265,0.9137385589299234,-0.1545040188527159
6.376576576576577,-1.06387379046934,-0.1796720234734351,0.9138949647899336,-0.1543428920206331
6.384534534534534,-1.06376377615076,-0.179435653086683,0.9140508994140655,-0.1541820879484322
6.392492492492493,-1.063654091052112,-0.1791999239456418,0.9142063647837224,-0.15402160572505
6.40045045045045,-1.063544733756141,-0.1789648333907751,0.914361362869632,-0.1538614444424922
6.408408408408408,-1.063435702853595,-0.1787303787774322,0.9145158956319165,-0.1537016031958237
6.416366366366367,-1.06332699694316,-0.1784965574757437,0.9146699650201626,-0.1535420810831584
6.424324324324324,-1.063218614631414,-0.1782633668705173,0.9148235729734899,-0.1533828772056493
6.432282282282283,-1.063110554532764,-0.1780308043611339,0.91497672142062,-0.1532239906674785
6.44024024024024,-1.063002815269399,-0.1777988673614463,0.9151294122799438,-0.1530654205758471
6.448198198198198,-1.062895395471229,-0.1775675532996774,0.9152816474595888,-0.1529071660409656
6.456156156156156,-1.062788293775836,-0.1773368596183193,0.9154334288574869,-0.1527492261760437
6.464114114114114,-1.062681508828418,-0.1771067837740337,0.9155847583614399,-0.1525916000972804
6.472072072072072,-1.062575039281736,-0.1768773232375536,0.9157356378491853,-0.1524342869238541
6.48003003003003,-1.062468883796065,-0.1766484754935844,0.915886069188462,-0.1522772857779127
6.487987987987988,-1.062363041039139,-0.1764202380407068,0.9160360542370757,-0.1521205957845637
6.495945945945946,-1.0622575096861,-0.1761926083912813,0.9161855948429615,-0.1519642160718644
6.503903903903904,-1.062152288419446,-0.1759655840713512,0.91633469284425,-0.1518081457708118
6.511861861861862,-1.062047375928985,-0.175739162620549,0.9164833500693285,-0.1516523840153331
6.51981981981982,-1.061942770911777,-0.1755133415920012,0.9166315683369062,-0.1514969299422753
6.527777777777778,-1.061838472072092,-0.1752881185522365,0.9167793494560736,-0.151341782691396
6.535735735735736,-1.061734478121355,-0.175063491081092,0.916926695226368,-0.1511869414053532
6.543693693693694,-1.061630787778099,-0.1748394567716225,0.9170736074378317,-0.1510324052296955
6.551651651651651,-1.061527399767917,-0.1746160132300086,0.9172200878710755,-0.1508781733128524
6.55960960960961,-1.061424312823414,-0.1743931580754675,0.9173661382973376,-0.1507242448061246
6.567567567567568,-1.061321525684155,-0.174170888940163,0.9175117604785441,-0.150570618863674
6.575525525525525,-1.061219037096625,-0.1739492034691169,0.9176569561673695,-0.1504172946425143
6.583483483483484,-1.061116845814174,-0.1737280993201213,0.9178017271072947,-0.1502642713025009
6.591441441441441,-1.061014950596977,-0.173507574163651,0.917946075032666,-0.1501115480063212
6.5993993993994,-1.060913350211983,-0.173287625682777,0.9180900016687543,-0.1499591239194855
6.607357357357357,-1.060812043432872,-0.1730682515730813,0.9182335087318116,-0.1498069982103164
6.615315315315315,-1.060711029040008,-0.172849449542571,0.9183765979291293,-0.1496551700499399
6.623273273273274,-1.060610305820393,-0.1726312173115946,0.9185192709590949,-0.1495036386122754
6.631231231231231,-1.060509872567626,-0.1724135526127575,0.9186615295112489,-0.149352403074026
6.63918918918919,-1.060409728081852,-0.1721964531908397,0.9188033752663406,-0.1492014626146691
6.647147147147147,-1.060309871169726,-0.1719799168027135,0.9189448098963834,-0.1490508164164469
6.655105105105105,-1.060210300644363,-0.171763941217261,0.9190858350647112,-0.1489004636643564
6.663063063063063,-1.060111015325295,-0.1715485242152941,0.9192264524260324,-0.1487504035461402
6.671021021021021,-1.060012014038433,-0.1713336635894734,0.9193666636264844,-0.1486006352522769
6.678978978978979,-1.059913295616018,-0.1711193571442287,0.9195064703036888,-0.1484511579759714
6.686936936936937,-1.059814858896584,-0.1709056026956803,0.9196458740868034,-0.1483019709131457
6.694894894894895,-1.059716702724912,-0.1706923980715604,0.9197848765965765,-0.1481530732624292
6.702852852852853,-1.059618825951991,-0.170479741111135,0.9199234794453995,-0.1480044642251494
6.710810810810811,-1.059521227434973,-0.170267629665127,0.9200616842373598,-0.1478561430053222
6.718768768768768,-1.059423906037137,-0.17005606159564,0.9201994925682924,-0.1477081088096428
6.726726726726727,-1.059326860627846,-0.1698450347760818,0.9203369060258318,-0.1475603608474761
6.734684684684685,-1.059230090082505,-0.1696345470910896,0.9204739261894632,-0.1474128983308474
6.742642642642643,-1.059133593282523,-0.1694245964364549,0.9206105546305736,-0.1472657204744331
6.750600600600601,-1.059037369115272,-0.1692151807190499,0.9207467929125026,-0.1471188264955512
6.758558558558558,-1.05894141647405,-0.1690062978567534,0.9208826425905922,-0.1469722156141522
6.766516516516517,-1.058845734258038,-0.1687979457783784,0.9210181052122366,-0.1468258870528096
6.774474474474474,-1.058750321372265,-0.1685901224235995,0.9211531823169323,-0.1466798400367107
6.782432432432432,-1.058655176727568,-0.1683828257428813,0.9212878754363268,-0.1465340737936475
6.790390390390391,-1.058560299240551,-0.168176053697407,0.9214221860942671,-0.1463885875540074
6.798348348348348,-1.058465687833553,-0.1679698042590081,0.9215561158068482,-0.1462433805507637
6.806306306306307,-1.058371341434605,-0.1677640754100942,0.9216896660824617,-0.1460984520194671
6.814264264264264,-1.058277258977397,-0.1675588651435833,0.921822838421843,-0.1459538011982358
6.822222222222222,-1.058183439401236,-0.1673541714628332,0.9219556343181183,-0.1458094273277467
6.83018018018018,-1.058089881651015,-0.1671499923815728,0.9220880552568531,-0.1456653296512265
6.838138138138138,-1.057996584677172,-0.1669463259238346,0.9222201027160964,-0.1455215074144423
6.846096096096096,-1.057903547435656,-0.166743170123887,0.9223517781664294,-0.1453779598656926
6.854054054054054,-1.057810768887891,-0.1665405230261676,0.9224830830710103,-0.1452346862557983
6.862012012012012,-1.057718248000741,-0.1663383826852173,0.9226140188856196,-0.1450916858380938
6.86996996996997,-1.057625983746471,-0.1661367471656139,0.9227445870587067,-0.1449489578684178
6.877927927927928,-1.057533975102717,-0.1659356145419073,0.9228747890314338,-0.1448065016051044
6.885885885885886,-1.057442221052449,-0.165734982898555,0.9230046262377207,-0.1446643163089743
6.893843843843844,-1.057350720583936,-0.165534850329857,0.92313410010429,-0.1445224012433254
6.901801801801802,-1.057259472690713,-0.1653352149398935,0.9232632120507095,-0.1443807556739249
6.90975975975976,-1.057168476371546,-0.1651360748424602,0.923391963489438,-0.1442393788689993
6.917717717717718,-1.057077730630397,-0.1649374281610063,0.9235203558258667,-0.144098270099226
6.925675675675675,-1.056987234476394,-0.1647392730285724,0.9236483904583637,-0.143957428637725
6.933633633633634,-1.056896986923797,-0.1645416075877286,0.9237760687783156,-0.143816853760049
6.941591591591592,-1.056806986991962,-0.1643444299905131,0.9239033921701714,-0.1436765447441758
6.949549549549549,-1.056717233705311,-0.1641477383983715,0.9240303620114831,-0.1435365008704988
6.957507507507508,-1.056627726093299,-0.1639515309820964,0.924156979672949,-0.1433967214218182
6.965465465465465,-1.056538463190383,-0.1637558059217676,0.9242832465184539,-0.143257205683333
6.973423423423424,-1.056449444035987,-0.1635605614066931,0.9244091639051115,-0.1431179529426317
6.981381381381381,-1.056360667674473,-0.1633657956353492,0.9245347331833046,-0.1429789624896839
6.989339339339339,-1.056272133155108,-0.1631715068153231,0.924659955696726,-0.1428402336168315
6.997297297297298,-1.056183839532036,-0.1629776931632539,0.9247848327824194,-0.1427017656187805
7.005255255255255,-1.056095785864242,-0.1627843529047761,0.9249093657708185,-0.1425635577925918
7.013213213213214,-1.056007971215524,-0.1625914842744612,0.9250335559857878,-0.1424256094376734
7.021171171171171,-1.055920394654464,-0.162399085515762,0.9251574047446616,-0.1422879198557712
7.029129129129129,-1.055833055254394,-0.1622071548809559,0.9252809133582828,-0.1421504883509609
7.037087087087087,-1.05574595209337,-0.162015690631089,0.9254040831310432,-0.1420133142296395
7.045045045045045,-1.055659084254138,-0.1618246910359209,0.9255269153609209,-0.1418763968005165
7.053003003003003,-1.055572450824108,-0.1616341543738696,0.9256494113395195,-0.1417397353746061
7.060960960960961,-1.055486050895323,-0.161444078931957,0.9257715723521058,-0.1416033292652182
7.068918918918919,-1.055399883564431,-0.1612544630057544,0.9258933996776479,-0.1414671777879504
7.076876876876877,-1.055313947932652,-0.1610653048993292,0.926014894588853,-0.1413312802606795
7.084834834834835,-1.055228243105756,-0.1608766029251914,0.9261360583522042,-0.1411956360035534
7.092792792792793,-1.055142768194029,-0.1606883554042406,0.9262568922279981,-0.1410602443389823
7.100750750750751,-1.055057522312248,-0.1605005606657134,0.9263773974703815,-0.1409251045916311
7.108708708708709,-1.054972504579649,-0.1603132170471315,0.9264975753273879,-0.1407902160884107
7.116666666666667,-1.054887714119904,-0.1601263228942497,0.9266174270409733,-0.1406555781584698
7.124624624624625,-1.054803150061091,-0.1599398765610047,0.926736953847054,-0.1405211901331871
7.132582582582582,-1.054718811535666,-0.159753876409464,0.92685615697554,-0.1403870513461627
7.140540540540541,-1.054634697680435,-0.1595683208097756,0.9269750376503726,-0.1402531611332101
7.148498498498498,-1.054550807636532,-0.1593832081401172,0.9270935970895582,-0.1401195188323482
7.156456456456456,-1.054467140549384,-0.1591985367866471,0.9272118365052048,-0.1399861237837932
7.164414414414415,-1.054383695568691,-0.1590143051434541,0.927329757103555,-0.1398529753299502
7.172372372372372,-1.054300471848399,-0.1588305116125091,0.9274473600850228,-0.1397200728154058
7.180330330330331,-1.05421746854667,-0.1586471546036154,0.9275646466442261,-0.1395874155869196
7.188288288288288,-1.054134684825859,-0.1584642325343615,0.9276816179700216,-0.1394550029934164
7.196246246246246,-1.054052119852485,-0.158281743830072,0.9277982752455384,-0.1393228343859781
7.204204204204204,-1.053969772797211,-0.1580996869237609,0.9279146196482119,-0.1391909091178361
7.212162162162162,-1.053887642834813,-0.1579180602560835,0.9280306523498172,-0.1390592265443629
7.22012012012012,-1.053805729144158,-0.15773686227529,0.9281463745165021,-0.1389277860230647
7.228078078078078,-1.053724030908175,-0.1575560914371788,0.9282617873088195,-0.1387965869135733
7.236036036036036,-1.053642547313837,-0.1573757462050502,0.9283768918817614,-0.1386656285776385
7.243993993993994,-1.053561277552128,-0.1571958250496603,0.9284916893847905,-0.1385349103791199
7.251951951951952,-1.053480220818025,-0.1570163264491758,0.9286061809618723,-0.1384044316839794
7.25990990990991,-1.053399376310469,-0.1568372488891288,0.9287203677515075,-0.1382741918602736
7.267867867867868,-1.053318743232344,-0.156658590862371,0.9288342508867641,-0.1381441902781459
7.275825825825826,-1.053238320790454,-0.1564803508690309,0.928947831495308,-0.1380144263098186
7.283783783783784,-1.053158108195492,-0.1563025274164673,0.9290611106994363,-0.1378848993295856
7.291741741741742,-1.053078104662025,-0.1561251190192275,0.9291740896161056,-0.1377556087138046
7.299699699699699,-1.052998309408466,-0.1559481241990024,0.929286769356966,-0.1376265538408895
7.307657657657658,-1.052918721657051,-0.1557715414845837,0.9293991510283893,-0.1374977340913028
7.315615615615616,-1.052839340633817,-0.1555953694118209,0.9295112357315012,-0.1373691488475479
7.323573573573573,-1.052760165568577,-0.1554196065235783,0.9296230245622115,-0.1372407974941621
7.331531531531532,-1.0526811956949,-0.1552442513696934,0.9297345186112428,-0.1371126794177083
7.339489489489489,-1.052602430250084,-0.1550693025069341,0.9298457189641623,-0.1369847940067681
7.347447447447448,-1.052523868475141,-0.1548947584989575,0.9299566267014102,-0.1368571406519341
7.355405405405405,-1.052445509614765,-0.1547206179162686,0.9300672428983293,-0.1367297187458026
7.363363363363363,-1.052367352917318,-0.1545468793361781,0.9301775686251954,-0.136602527682966
7.371321321321322,-1.052289397634803,-0.1543735413427631,0.9302876049472452,-0.1364755668600056
7.379279279279279,-1.052211643022844,-0.1542006025268254,0.9303973529247058,-0.1363488356754843
7.387237237237238,-1.052134088340665,-0.1540280614858522,0.9305068136128229,-0.136222333529939
7.395195195195195,-1.052056732851067,-0.1538559168239753,0.9306159880618902,-0.1360960598258734
7.403153153153153,-1.051979575820407,-0.1536841671519317,0.9307248773172772,-0.135970013967751
7.411111111111111,-1.051902616518578,-0.1535128110870247,0.9308334824194568,-0.1358441953619874
7.419069069069069,-1.051825854218985,-0.1533418472530844,0.9309418044040348,-0.1357186034169435
7.427027027027027,-1.051749288198527,-0.1531712742804286,0.9310498443017758,-0.1355932375429179
7.434984984984985,-1.051672917737576,-0.1530010908058252,0.9311576031386319,-0.1354680971521399
7.442942942942943,-1.051596742119953,-0.1528312954724529,0.9312650819357705,-0.1353431816587626
7.450900900900901,-1.051520760632913,-0.1526618869298641,0.9313722817095995,-0.1352184904788554
7.458858858858859,-1.051444972567119,-0.1524928638339464,0.9314792034717971,-0.1350940230303971
7.466816816816817,-1.051369377216625,-0.1523242248468859,0.9315858482293365,-0.1349697787332687
7.474774774774775,-1.051293973878856,-0.1521559686371295,0.9316922169845137,-0.1348457570092464
7.482732732732733,-1.051218761854588,-0.1519880938793485,0.9317983107349725,-0.1347219572819948
7.490690690690691,-1.051143740447925,-0.151820599254401,0.9319041304737338,-0.1345983789770596
7.498648648648649,-1.051068908966285,-0.1516534834492969,0.9320096771892181,-0.1344750215218605
7.506606606606606,-1.050994266720375,-0.1514867451571607,0.9321149518652737,-0.134351884345685
7.514564564564565,-1.050919813024175,-0.1513203830771958,0.9322199554812026,-0.1342289668796804
7.522522522522523,-1.050845547194919,-0.1511543959146494,0.9323246890117847,-0.134106268556848
7.53048048048048,-1.050771468553073,-0.1509887823807767,0.9324291534273045,-0.1339837888120353
7.538438438438439,-1.050697576422319,-0.1508235411928057,0.9325333496935757,-0.1338615270819296
7.546396396396396,-1.050623870129533,-0.1506586710739027,0.9326372787719666,-0.1337394828050515
7.554354354354355,-1.050550349004771,-0.1504941707531375,0.9327409416194248,-0.1336176554217473
7.562312312312312,-1.050477012381246,-0.1503300389654489,0.9328443391885024,-0.1334960443741829
7.57027027027027,-1.050403859595311,-0.1501662744516107,0.9329474724273803,-0.1333746491063368
7.578228228228229,-1.050330889986442,-0.1500028759581979,0.9330503422798929,-0.1332534690639933
7.586186186186186,-1.050258102897218,-0.1498398422375529,0.9331529496855515,-0.1331325036947359
7.594144144144144,-1.050185497673303,-0.149677172047752,0.9332552955795702,-0.1330117524479408
7.602102102102102,-1.050113073663431,-0.1495148641525723,0.9333573808928878,-0.13289121477477
7.61006006006006,-1.050040830219383,-0.149352917321459,0.9334592065521933,-0.1327708901281646
7.618018018018018,-1.049968766695975,-0.1491913303294922,0.9335607734799485,-0.1326507779628386
7.625975975975976,-1.049896882451036,-0.1490301019573546,0.9336620825944122,-0.1325308777352719
7.633933933933934,-1.049825176845392,-0.1488692309912996,0.9337631348096628,-0.132411188903704
7.641891891891892,-1.04975364924285,-0.1487087162231182,0.9338639310356226,-0.1322917109281275
7.64984984984985,-1.04968229901018,-0.1485485564501088,0.9339644721780798,-0.1321724432702814
7.657807807807808,-1.049611125517096,-0.148388750475044,0.9340647591387111,-0.1320533853936447
7.665765765765766,-1.049540128136242,-0.1482292971061401,0.9341647928151064,-0.1319345367634302
7.673723723723723,-1.049469306243173,-0.1480701951570255,0.9342645741007898,-0.1318158968465775
7.681681681681682,-1.04939865921634,-0.1479114434467105,0.9343641038852412,-0.1316974651117472
7.68963963963964,-1.049328186437071,-0.1477530407995555,0.9344633830539213,-0.1315792410293143
7.697597597597597,-1.049257887289558,-0.147594986045241,0.9345624124882912,-0.1314612240713617
7.705555555555556,-1.049187761160838,-0.1474372780187377,0.9346611930658359,-0.1313434137116738
7.713513513513513,-1.049117807440775,-0.1472799155602755,0.9347597256600857,-0.1312258094257308
7.721471471471472,-1.049048025522049,-0.1471228975153142,0.9348580111406378,-0.1311084106907017
7.729429429429429,-1.048978414800137,-0.1469662227345137,0.9349560503731781,-0.1309912169854382
7.737387387387387,-1.048908974673294,-0.1468098900737044,0.9350538442195024,-0.1308742277904689
7.745345345345346,-1.048839704542544,-0.1466538983938579,0.9351513935375383,-0.1307574425879926
7.753303303303303,-1.048770603811658,-0.1464982465610582,0.9352486991813654,-0.1306408608618723
7.761261261261262,-1.048701671887143,-0.1463429334464722,0.9353457620012374,-0.130524482097629
7.769219219219219,-1.048632908178223,-0.1461879579263217,0.9354425828436022,-0.1304083057824355
7.777177177177177,-1.048564312096824,-0.1460333188818544,0.935539162551123,-0.1302923314051105
7.785135135135135,-1.048495883057563,-0.1458790151993156,0.9356355019626993,-0.1301765584561123
7.793093093093093,-1.048427620477725,-0.1457250457699206,0.9357316019134864,-0.1300609864275328
7.801051051051051,-1.048359523777258,-0.1455714094898262,0.9358274632349166,-0.1299456148130912
7.809009009009009,-1.048291592378746,-0.1454181052601031,0.9359230867547194,-0.1298304431081286
7.816966966966967,-1.048223825707407,-0.1452651319867086,0.9360184732969409,-0.1297154708096012
7.824924924924925,-1.048156223191065,-0.1451124885804589,0.9361136236819647,-0.1296006974160749
7.832882882882883,-1.048088784260148,-0.1449601739570022,0.9362085387265315,-0.1294861224277192
7.840840840840841,-1.048021508347663,-0.1448081870367916,0.9363032192437584,-0.1293717453463011
7.848798798798799,-1.047954394889189,-0.1446565267450581,0.9363976660431585,-0.1292575656751793
7.856756756756757,-1.047887443322857,-0.1445051920117843,0.9364918799306614,-0.1291435829192985
7.864714714714714,-1.04782065308934,-0.1443541817716779,0.9365858617086309,-0.1290297965851831
7.872672672672673,-1.047754023631835,-0.1442034949641448,0.9366796121758858,-0.1289162061809317
7.88063063063063,-1.047687554396054,-0.1440531305332641,0.9367731321277178,-0.1288028112162111
7.888588588588589,-1.047621244830202,-0.1439030874277615,0.9368664223559114,-0.1286896112022509
7.896546546546547,-1.047555094384973,-0.1437533646009831,0.9369594836487625,-0.1285766056518369
7.904504504504504,-1.047489102513527,-0.143603961010871,0.9370523167910962,-0.1284637940793061
7.912462462462463,-1.047423268671483,-0.143454875619937,0.9371449225642873,-0.1283511760005408
7.92042042042042,-1.047357592316901,-0.1433061073952374,0.9372373017462768,-0.1282387509329626
7.928378378378379,-1.047292072910272,-0.1431576553083486,0.9373294551115917,-0.128126518395527
7.936336336336336,-1.047226709914499,-0.1430095183353414,0.9374213834313629,-0.1280144779087176
7.944294294294294,-1.04716150279489,-0.1428616954567565,0.9375130874733429,-0.1279026289945404
7.952252252252253,-1.047096451019143,-0.1427141856575804,0.9376045680019248,-0.1277909711765186
7.96021021021021,-1.047031554057328,-0.1425669879272203,0.9376958257781586,-0.1276795039796862
7.968168168168168,-1.04696681138188,-0.1424201012594801,0.9377868615597713,-0.1275682269305832
7.976126126126126,-1.046902222467583,-0.1422735246525368,0.9378776761011824,-0.1274571395572496
7.984084084084084,-1.046837786791558,-0.1421272571089158,0.9379682701535227,-0.1273462413892201
7.992042042042042,-1.04677350383325,-0.1419812976354673,0.9380586444646523,-0.1272355319575182
8,-1.046709373074413,-0.1418356452433434,0.9381487997791755,-0.1271250107946514
