1.004954954954955,-2407.952555649887,0,0.000415290574415038,0
1.012912912912913,-579.8560498174173,0,0.001724565951006074,0
1.020870870870871,-285.8563328017317,0,0.003498260787853856,0
1.028828828828829,-178.3504441775376,0,0.005606938657268257,0
1.036786786786787,-125.310522706203,0,0.007980175793732433,0
1.044744744744745,-94.59718928614545,0,0.01057113860936308,0
1.052702702702703,-74.93141776424861,0,0.01334553689009634,0
1.060660660660661,-61.43718321908796,0,0.01627678789299229,0
1.068618618618619,-51.69697811583549,0,0.01934349040207606,0
1.076576576576576,-44.3893064879281,0,0.02252794826321414,0
1.084534534534535,-38.73681344045421,0,0.02581523649427666,0
1.092492492492492,-34.25528598526612,0,0.0291925748461163,0
1.10045045045045,-30.62891450769939,0,0.03264888802208852,0
1.108408408408408,-27.64379329724775,0,0.03617448550736926,0
1.116366366366366,-25.15038581888192,0,0.03976082145225937,0
1.124324324324324,-23.041310024839,0,0.04340031009182983,0
1.132282282282282,-21.23765362809822,0,0.04708618087061002,0
1.14024024024024,-19.68024998326217,0,0.05081236269104755,0
1.148198198198198,-18.32394872244634,0,0.05457339000163362,0
1.156156156156156,-17.13375405357657,0,0.05836432558054933,0
1.164114114114114,-16.08216149876987,0,0.06218069629984067,0
1.172072072072072,-15.14728329116235,0,0.06601843913379821,0
1.18003003003003,-14.31150456550843,0,0.06987385536039721,0
1.187987987987988,-13.56050406967388,0,0.07374357139395402,0
1.195945945945946,-12.88252980741975,0,0.0776245050427941,0
1.203903903903904,-12.26785593739618,0,0.08151383624841024,0
1.211861861861862,-11.7083704985312,0,0.08540898155942783,0
1.21981981981982,-11.19725887157422,0,0.08930757174317341,0
1.227777777777778,-10.72875818997407,0,0.09320743205252698,0
1.235735735735736,-10.29796494729979,0,0.09710656475503038,0
1.243693693693694,-9.900682922839321,0,0.1010031336013354,0
1.251651651651652,-9.533301971891264,0,0.104895449965655,0
1.25960960960961,-9.192700664689493,0,0.1087819604353208,0
1.267567567567567,-8.876167513346516,0,0.112661235662392,0
1.275525525525526,-8.58133680459335,0,0.1165319603193675,0
1.283483483483483,-8.306135996774749,0,0.1203929240248772,0
1.291441441441441,-8.048742338493373,0,0.124243013124854,0
1.299399399399399,-7.807546890365305,0,0.1280812032309435,0
1.307357357357357,-7.581124527679899,0,0.1319065524314816,0
1.315315315315315,-7.368208803915106,0,0.1357181951017253,0
1.323273273273273,-7.167670787180241,0,0.1395153362496158,0
1.331231231231231,-6.978501161265345,0,0.1432972463414593,0
1.339189189189189,-6.799795022899271,0,0.1470632565588166,0
1.347147147147147,-6.63073891653296,0,0.1508127544437949,0
1.355105105105105,-6.47059973452054,0,0.1545451798949975,0
1.363063063063063,-6.318715179257449,0,0.1582600214807461,0
1.371021021021021,-6.174485538643072,0,0.1619568130399676,0
1.378978978978979,-6.037366570202898,0,0.1656351305444077,0
1.386936936936937,-5.906863324653639,0,0.1692945891986822,0
1.394894894894895,-5.782524768413468,0,0.1729348407571744,0
1.402852852852853,-5.663939087933607,0,0.1765555710389592,0
1.410810810810811,-5.550729577835421,0,0.1801564976238607,0
1.418768768768769,-5.442551030524247,0,0.183737367714433,0
1.426726726726727,-5.339086557881681,0,0.187297956150154,0
1.434684684684685,-5.240044786338293,0,0.1908380635614363,0
1.442642642642643,-5.145157375516302,0,0.1943575146522419,0
1.4506006006006,-5.054176818040445,0,0.1978561566011278,0
1.458558558558559,-4.966874484312467,0,0.2013338575714831,0
1.466516516516516,-4.883038881245828,0,0.2047905053225516,0
1.474474474474474,-4.802474098336316,0,0.2082260059135815,0
1.482432432432432,-4.724998418142874,0,0.2116402824941141,0
1.49039039039039,-4.650443071385881,0,0.2150332741740217,0
1.498348348348348,-4.578651119531774,0,0.2184049349674546,0
1.506306306306306,-4.509476450000247,0,0.2217552328053393,0
1.514264264264264,-4.442782871067172,0,0.2250841486115203,0
1.522222222222222,-4.378443295195049,0,0.2283916754380286,0
1.53018018018018,-4.31633900094694,0,0.2316778176553359,0
1.538138138138138,-4.256358964865628,0,0.234942590193769,0
1.546096096096096,-4.198399255756995,0,0.2381860178325737,0
1.554054054054054,-4.14236248473122,0,0.241408134533375,0
1.562012012012012,-4.08815730514741,0,0.2446089828150441,0
1.56996996996997,-4.035697957295722,0,0.2477886131671978,0
1.577927927927928,-3.984903853249635,0,0.2509470834997721,0
1.585885885885886,-3.935699197843446,0,0.2540844586262961,0
1.593843843843844,-3.888012642186207,0,0.2572008097786703,0
1.601801801801802,-3.841776966522911,0,0.2602962141514095,0
1.60975975975976,-3.796928789603951,0,0.2633707544734616,0
1.617717717717718,-3.75340830203182,0,0.2664245186058424,0
1.625675675675676,-3.711159021324877,0,0.2694575991634554,0
1.633633633633634,-3.670127566676932,0,0.2724700931595783,0
1.641591591591592,-3.630263451602418,0,0.2754621016716003,0
1.64954954954955,-3.591518892843481,0,0.2784337295266959,0
1.657507507507507,-3.553848634080742,0,0.2813850850062063,0
1.665465465465465,-3.517209783136209,0,0.2843162795675852,0
1.673423423423423,-3.481561661487185,0,0.2872274275828393,0
1.681381381381381,-3.446865665026126,0,0.2901186460924697,0
1.689339339339339,-3.413085135104837,0,0.2929900545739782,0
1.697297297297297,-3.380185238993676,0,0.2958417747240718,0
1.705255255255255,-3.348132858969031,0,0.2986739302537485,0
1.713213213213213,-3.316896489316091,0,0.3014866466955046,0
1.721171171171171,-3.286446140600204,0,0.304280051221947,0
1.729129129129129,-3.256753250619375,0,0.3070542724751463,0
1.737087087087087,-3.227790601503914,0,0.309809440406101,0
1.745045045045045,-3.199532242477101,0,0.3125456861237294,0
1.753003003003003,-3.171953417834041,0,0.3152631417528342,0
1.760960960960961,-3.145030499734743,0,0.3179619403005286,0
1.768918918918919,-3.118740925442681,0,0.3206422155306336,0
1.776876876876877,-3.093063138671782,0,0.3233041018455958,0
1.784834834834835,-3.067976534733586,0,0.3259477341754953,0
1.792792792792793,-3.043461409202328,0,0.3285732478737404,0
1.800750750750751,-3.019498909839203,0,0.3311807786190766,0
1.808708708708709,-2.99607099153859,0,0.333770462323546,0
1.816666666666667,-2.973160374078345,0,0.3363424350460718,0
1.824624624624624,-2.950750502474006,0,0.3388968329113449,0
1.832582582582583,-2.928825509752807,0,0.3414337920337221,0
1.84054054054054,-2.907370181978048,0,0.3439534484458541,0
1.848498498498498,-2.886369925367746,0,0.3464559380317795,0
1.856456456456456,-2.865810735363644,0,0.3489413964642398,0
1.864414414414414,-2.845679167517813,0,0.3514099591459797,0
1.872372372372372,-2.825962310074261,0,0.3538617611548124,0
1.88033033033033,-2.806647758132256,0,0.3562969371922436,0
1.888288288288288,-2.787723589286603,0,0.3587156215354574,0
1.896246246246246,-2.769178340647948,0,0.3611179479924772,0
1.904204204204204,-2.751000987153311,0,0.3635040498603321,0
1.912162162162162,-2.733180921083676,0,0.3658740598860579,0
1.92012012012012,-2.71570793271147,0,0.3682281102303813,0
1.928078078078078,-2.698572192006332,0,0.3705663324339383,0
1.936036036036036,-2.6817642313327,0,0.3728888573858899,0
1.943993993993994,-2.665274929077443,0,0.3751958152947995,0
1.951951951951952,-2.649095494150068,0,0.3774873356616534,0
1.95990990990991,-2.633217451302096,0,0.3797635472549035,0
1.967867867867868,-2.617632627215834,0,0.3820245780874224,0
1.975825825825826,-2.602333137316202,0,0.3842705553952652,0
1.983783783783784,-2.587311373262424,0,0.3865016056181394,0
1.991741741741742,-2.572559991079266,0,0.388717854381491,0
1.9996996996997,-2.558071899890282,0,0.3909194264801121,0
2.007657657657658,-2.543840251217889,0,0.3931064458631944,0
2.015615615615616,-2.529858428817551,0,0.3952790356207392,0
2.023573573573573,-2.516120039015349,0,0.3974373179712591,0
2.031531531531531,-2.502618901520329,0,0.3995814142506895,0
2.039489489489489,-2.489349040684745,0,0.4017114449024514,0
2.047447447447448,-2.476304677187113,0,0.4038275294685955,0
2.055405405405405,-2.463480220114541,0,0.4059297865819699,0
2.063363363363363,-2.450870259422266,0,0.4080183339593528,0
2.071321321321321,-2.438469558749749,0,0.4100932883954965,0
2.079279279279279,-2.426273048573909,0,0.4121547657580297,0
2.087237237237237,-2.414275819681289,0,0.4142028809831724,0
2.095195195195195,-2.402473116942072,0,0.4162377480722136,0
2.103153153153153,-2.39086033336987,0,0.4182594800887093,0
2.111111111111111,-2.379433004452192,0,0.4202681891563602,0
2.119069069069069,-2.368186802737396,0,0.4222639864575279,0
2.127027027027027,-2.357117532664765,0,0.4242469822323546,0
2.134984984984985,-2.34622112562514,0,0.4262172857784471,0
2.142942942942943,-2.335493635240264,0,0.4281750054510959,0
2.150900900900901,-2.3249312328497,0,0.4301202486639943,0
2.158858858858859,-2.314530203194794,0,0.4320531218904291,0
2.166816816816817,-2.304286940289797,0,0.4339737306649127,0
2.174774774774775,-2.294197943470778,0,0.4358821795852322,0
2.182732732732733,-2.284259813613537,0,0.4377785723148852,0
2.19069069069069,-2.274469249512161,0,0.439663011585883,0
2.198648648648649,-2.264823044410385,0,0.4415355992018954,0
2.206606606606607,-2.255318082678328,0,0.443396436041713,0
2.214564564564565,-2.245951336627576,0,0.4452456220630127,0
2.222522522522522,-2.23671986345799,0,0.4470832563063979,0
2.23048048048048,-2.227620802329938,0,0.4489094368997043,0
2.238438438438438,-2.218651371556053,0,0.4507242610625433,0
2.246396396396396,-2.209808865906848,0,0.4525278251110763,0
2.254354354354354,-2.201090654024912,0,0.4543202244629957,0
2.262312312312312,-2.192494175942602,0,0.4561015536427037,0
2.27027027027027,-2.184016940698501,0,0.4578719062866684,0
2.278228228228228,-2.175656524048071,0,0.4596313751489502,0
2.286186186186186,-2.167410566264239,0,0.4613800521068814,0
2.294144144144144,-2.159276770023833,0,0.463118028166886,0
2.302102102102102,-2.151252898375995,0,0.4648453934704335,0
2.31006006006006,-2.143336772788933,0,0.4665622373001089,0
2.318018018018018,-2.135526271271498,0,0.4682686480857936,0
2.325975975975976,-2.127819326566297,0,0.4699647134109452,0
2.333933933933934,-2.120213924411203,0,0.4716505200189676,0
2.341891891891892,-2.112708101866271,0,0.4733261538196615,0
2.34984984984985,-2.105299945703217,0,0.4749916998957494,0
2.357807807807808,-2.097987590854775,0,0.4766472425094631,0
2.365765765765766,-2.09076921892135,0,0.4782928651091919,0
2.373723723723724,-2.083643056732547,0,0.4799286503361782,0
2.381681681681682,-2.076607374961216,0,0.4815546800312586,0
2.38963963963964,-2.069660486787833,0,0.4831710352416431,0
2.397597597597597,-2.062800746613097,0,0.4847777962277235,0
2.405555555555555,-2.056026548816729,0,0.4863750424699104,0
2.413513513513514,-2.049336326560565,0,0.4879628526754886,0
2.421471471471472,-2.042728550634123,0,0.4895413047854894,0
2.429429429429429,-2.036201728340897,0,0.4911104759815732,0
2.437387387387387,-2.029754402423731,0,0.4926704426929185,0
2.445345345345345,-2.023385150027674,0,0.4942212806031135,0
2.453303303303303,-2.017092581698827,0,0.4957630646570442,0
2.461261261261261,-2.010875340417725,0,0.4972958690677797,0
2.469219219219219,-2.004732100665885,0,0.4988197673234461,0
2.477177177177177,-1.998661567524209,0,0.5003348321940889,0
2.485135135135135,-1.99266247580199,0,0.5018411357385191,0
2.493093093093093,-1.986733589195301,0,0.5033387493111425,0
2.501051051051051,-1.980873699473653,0,0.504827743568767,0
2.509009009009009,-1.97508162569381,0,0.5063081884773843,0
2.516966966966967,-1.969356213439708,0,0.5077801533189289,0
2.524924924924925,-1.963696334087492,0,0.5092437066980057,0
2.532882882882883,-1.958100884094707,0,0.5106989165485886,0
2.540840840840841,-1.952568784312711,0,0.5121458501406865,0
2.548798798798799,-1.947098979321473,0,0.5135845740869738,0
2.556756756756757,-1.941690436785866,0,0.5150151543493863,0
2.564714714714714,-1.936342146832692,0,0.5164376562456781,0
2.572672672672673,-1.931053121447642,0,0.517852144455941,0
2.580630630630631,-1.925822393891475,0,0.5192586830290814,0
2.588588588588589,-1.920649018134692,0,0.5206573353892563,0
2.596546546546546,-1.915532068310036,0,0.522048164342267,0
2.604504504504504,-1.910470638182167,0,0.5234312320819076,0
2.612462462462462,-1.905463840633897,0,0.5248066001962686,0
2.62042042042042,-1.900510807168367,0,0.5261743296739956,0
2.628378378378378,-1.895610687426628,0,0.5275344809104989,0
2.636336336336336,-1.890762648720032,0,0.5288871137141188,0
2.644294294294294,-1.88596587557696,0,0.5302322873122385,0
2.652252252252252,-1.881219569303322,0,0.5315700603573528,0
2.66021021021021,-1.876522947556402,0,0.5329004909330817,0
2.668168168168168,-1.871875243931525,0,0.5342236365601408,0
2.676126126126126,-1.867275707561155,0,0.5355395542022542,0
2.684084084084084,-1.862723602725944,0,0.536848300272022,0
2.692042042042042,-1.858218208477346,0,0.5381499306367341,0
2.7,-1.853758818271405,0,0.5394445006241324,0
2.707957957957958,-1.849344739613306,0,0.5407320650281233,0
2.715915915915916,-1.844975293712353,0,0.5420126781144357,0
2.723873873873874,-1.840649815147004,0,0.5432863936262285,0
2.731831831831832,-1.836367651539629,0,0.5445532647896459,0
2.73978978978979,-1.832128163240665,0,0.5458133443193199,0
2.747747747747748,-1.827930723021848,0,0.5470666844238208,0
2.755705705705706,-1.82377471577824,0,0.5483133368110548,0
2.763663663663663,-1.819659538238728,0,0.5495533526936105,0
2.771621621621621,-1.815584598684744,0,0.5507867827940518,0
2.779579579579579,-1.811549316676931,0,0.5520136773501589,0
2.787537537537538,-1.807553122789474,0,0.553234086120118,0
2.795495495495496,-1.803595458351884,0,0.554448058387658,0
2.803453453453453,-1.79967577519796,0,0.5556556429671353,0
2.811411411411411,-1.795793535421715,0,0.5568568882085685,0
2.819369369369369,-1.791948211140045,0,0.558051842002619,0
2.827327327327327,-1.788139284261911,0,0.5592405517855221,0
2.835285285285285,-1.784366246263846,0,0.5604230645439672,0
2.843243243243243,-1.780628597971567,0,0.5615994268199256,0
2.851201201201201,-1.77692584934752,0,0.5627696847154291,0
2.859159159159159,-1.773257519284155,0,0.5639338838972973,0
2.867117117117117,-1.769623135402761,0,0.5650920696018155,0
2.875075075075075,-1.766022233857687,0,0.566244286639363,0
2.883033033033033,-1.762454359145779,0,0.5673905793989905,0
2.890990990990991,-1.758919063920879,0,0.5685309918529501,0
2.898948948948949,-1.755415908813221,0,0.5696655675611755,0
2.906906906906907,-1.751944462253579,0,0.5707943496757141,0
2.914864864864865,-1.74850430030203,0,0.5719173809451104,0
2.922822822822823,-1.745095006481182,0,0.5730347037187418,0
2.930780780780781,-1.741716171613725,0,0.5741463599511081,0
2.938738738738738,-1.738367393664204,0,0.5752523912060717,0
2.946696696696697,-1.735048277584851,0,0.5763528386610534,0
2.954654654654655,-1.731758435165386,0,0.5774477431111795,0
2.962612612612613,-1.728497484886649,0,0.5785371449733859,0
2.97057057057057,-1.725265051777958,0,0.5796210842904734,0
2.978528528528528,-1.722060767278088,0,0.5806996007351198,0
2.986486486486486,-1.718884269099745,0,0.581772733613848,0
2.994444444444444,-1.715735201097466,0,0.5828405218709461,0
3.002402402402402,-1.712613213138809,0,0.5839030040923486,0
3.01036036036036,-1.709517960978763,0,0.5849602185094694,0
3.018318318318318,-1.706449106137283,0,0.5860122030029944,0
3.026276276276276,-1.70340631577984,0,0.5870589951066302,0
3.034234234234234,-1.700389262600924,0,0.5881006320108109,0
3.042192192192192,-1.697397624710406,0,0.5891371505663621,0
3.05015015015015,-1.694431085522672,0,0.5901685872881255,0
3.058108108108108,-1.691489333648459,0,0.5911949783585388,0
3.066066066066066,-1.688572062789319,0,0.5922163596311785,0
3.074024024024024,-1.685678971634621,0,0.5932327666342598,0
3.081981981981982,-1.682809763761043,0,0.5942442345740983,0
3.08993993993994,-1.679964147534466,0,0.5952507983385308,0
3.097897897897898,-1.677141836014212,0,0.5962524925002981,0
3.105855855855856,-1.674342546859562,0,0.5972493513203883,0
3.113813813813814,-1.671566002238485,0,0.598241408751342,0
3.121771771771772,-1.668811928738523,0,0.5992286984405205,0
3.12972972972973,-1.666080057279774,0,0.6002112537333349,0
3.137687687687687,-1.663370123029908,0,0.6011891076764396,0
3.145645645645645,-1.660681865321168,0,0.602162293020888,0
3.153603603603603,-1.658015027569304,0,0.6031308422252528,0
3.161561561561562,-1.655369357194379,0,0.60409478745871,0
3.16951951951952,-1.652744605543409,0,0.6050541606040869,0
3.177477477477477,-1.65014052781477,0,0.6060089932608763,0
3.185435435435435,-1.647556882984352,0,0.6069593167482144,0
3.193393393393393,-1.64499343373338,0,0.6079051621078261,0
3.201351351351351,-1.642449946377896,0,0.6088465601069341,0
3.209309309309309,-1.639926190799815,0,0.6097835412411371,0
3.217267267267267,-1.637421940379562,0,0.6107161357372525,0
3.225225225225225,-1.634936971930201,0,0.6116443735561277,0
3.233183183183183,-1.632471065633052,0,0.6125682843954188,0
3.241141141141141,-1.630024004974749,0,0.6134878976923358,0
3.249099099099099,-1.62759557668568,0,0.6144032426263585,0
3.257057057057057,-1.625185570679816,0,0.615314348121919,0
3.265015015015015,-1.622793779995845,0,0.6162212428510545,0
3.272972972972973,-1.620420000739615,0,0.6171239552360288,0
3.280930930930931,-1.618064032027841,0,0.6180225134519237,0
3.288888888888889,-1.615725675933028,0,0.6189169454292006,0
3.296846846846847,-1.613404737429607,0,0.619807278856233,0
3.304804804804805,-1.611101024341237,0,0.6206935411818076,0
3.312762762762762,-1.608814347289234,0,0.6215757596176008,0
3.320720720720721,-1.606544519642128,0,0.6224539611406218,0
3.328678678678679,-1.604291357466294,0,0.6233281724956309,0
3.336636636636637,-1.602054679477638,0,0.6241984201975287,0
3.344594594594594,-1.599834306994318,0,0.6250647305337174,0
3.352552552552552,-1.597630063890463,0,0.6259271295664363,0
3.36051051051051,-1.59544177655088,0,0.6267856431350687,0
3.368468468468468,-1.593269273826709,0,0.6276402968584233,0
3.376426426426426,-1.591112386992014,0,0.6284911161369892,0
3.384384384384384,-1.588970949701286,0,0.6293381261551649,0
3.392342342342342,-1.586844797947826,0,0.6301813518834618,0
3.4003003003003,-1.584733770023006,0,0.6310208180806816,0
3.408258258258258,-1.582637706476361,0,0.63185654929607,0
3.416216216216216,-1.580556450076517,0,0.6326885698714454,0
3.424174174174174,-1.578489845772921,0,0.6335169039433013,0
3.432132132132132,-1.576437740658355,0,0.6343415754448877,0
3.44009009009009,-1.574399983932217,0,0.6351626081082667,0
3.448048048048048,-1.572376426864556,0,0.6359800254663444,0
3.456006006006006,-1.570366922760834,0,0.6367938508548805,0
3.463963963963964,-1.5683713269274,0,0.6376041074144748,0
3.471921921921922,-1.566389496637669,0,0.6384108180925299,0
3.47987987987988,-1.564421291098973,0,0.6392140056451938,0
3.487837837837838,-1.562466571420086,0,0.640013692639277,0
3.495795795795796,-1.560525200579391,0,0.6408099014541516,0
3.503753753753754,-1.558597043393687,0,0.6416026542836251,0
3.511711711711711,-1.556681966487612,0,0.6423919731377952,0
3.519669669669669,-1.554779838263672,0,0.6431778798448837,0
3.527627627627627,-1.55289052887287,0,0.6439603960530474,0
3.535585585585586,-1.5510139101859,0,0.6447395432321704,0
3.543543543543544,-1.549149855764915,0,0.6455153426756353,0
3.551501501501501,-1.547298240835842,0,0.646287815502075,0
3.559459459459459,-1.545458942261246,0,0.6470569826571031,0
3.567417417417417,-1.543631838513707,0,0.6478228649150268,0
3.575375375375375,-1.541816809649728,0,0.6485854828805386,0
3.583333333333333,-1.54001373728413,0,0.6493448569903902,0
3.591291291291291,-1.538222504564963,0,0.6501010075150462,0
3.599249249249249,-1.536442996148869,0,0.6508539545603212,0
3.607207207207207,-1.534675098176947,0,0.651603718068996,0
3.615165165165165,-1.532918698251053,0,0.652350317822417,0
3.623123123123123,-1.531173685410564,0,0.653093773442079,0
3.631081081081081,-1.529439950109585,0,0.6538341043911856,0
3.639039039039039,-1.527717384194573,0,0.654571329976198,0
3.646996996996997,-1.526005880882396,0,0.6553054693483624,0
3.654954954954955,-1.524305334738798,0,0.6560365415052213,0
3.662912912912913,-1.522615641657267,0,0.6567645652921086,0
3.670870870870871,-1.520936698838299,0,0.6574895594036271,0
3.678828828828829,-1.519268404769047,0,0.6582115423851099,0
3.686786786786787,-1.517610659203352,0,0.6589305326340655,0
3.694744744744745,-1.515963363142132,0,0.6596465484016074,0
3.702702702702703,-1.514326418814147,0,0.6603596077938663,0
3.710660660660661,-1.512699729657106,0,0.6610697287733877,0
3.718618618618618,-1.51108320029913,0,0.661776929160514,0
3.726576576576576,-1.509476736540543,0,0.6624812266347513,0
3.734534534534534,-1.507880245336006,0,0.6631826387361196,0
3.742492492492492,-1.506293634776968,0,0.663881182866491,0
3.75045045045045,-1.504716814074439,0,0.6645768762909094,0
3.758408408408408,-1.503149693542069,0,0.6652697361388997,0
3.766366366366366,-1.501592184579538,0,0.6659597794057585,0
3.774324324324324,-1.500044199656242,0,0.6666470229538337,0
3.782282282282282,-1.498505652295271,0,0.6673314835137883,0
3.79024024024024,-1.496976457057667,0,0.6680131776858518,0
3.798198198198198,-1.495456529526977,0,0.668692121941055,0
3.806156156156156,-1.493945786294063,0,0.6693683326224553,0
3.814114114114114,-1.492444144942195,0,0.6700418259463449,0
3.822072072072072,-1.490951524032397,0,0.6707126180034483,0
3.83003003003003,-1.489467843089055,0,0.671380724760105,0
3.837987987987988,-1.487993022585779,0,0.6720461620594409,0
3.845945945945946,-1.486526983931512,0,0.6727089456225253,0
3.853903903903904,-1.485069649456877,0,0.6733690910495157,0
3.861861861861862,-1.483620942400764,0,0.6740266138207924,0
3.86981981981982,-1.482180786897156,0,0.6746815292980768,0
3.877777777777778,-1.48074910796217,0,0.6753338527255408,0
3.885735735735735,-1.479325831481335,0,0.6759835992309021,0
3.893693693693693,-1.477910884197078,0,0.6766307838265105,0
3.901651651651652,-1.476504193696431,0,0.6772754214104182,0
3.90960960960961,-1.475105688398948,0,0.6779175267674422,0
3.917567567567567,-1.473715297544825,0,0.6785571145702135,0
3.925525525525525,-1.472332951183222,0,0.6791941993802165,0
3.933483483483483,-1.47095858016079,0,0.6798287956488145,0
3.941441441441441,-1.469592116110382,0,0.6804609177182666,0
3.949399399399399,-1.468233491439963,0,0.6810905798227329,0
3.957357357357357,-1.4668826393217,0,0.6817177960892696,0
3.965315315315315,-1.465539493681239,0,0.6823425805388117,0
3.973273273273273,-1.464203989187163,0,0.6829649470871468,0
3.981231231231231,-1.46287606124062,0,0.6835849095458781,0
3.989189189189189,-1.46155564596513,0,0.684202481623377,0
3.997147147147147,-1.460242680196555,0,0.6848176769257257,0
4.005105105105105,-1.45893710147324,0,0.685430508957649,0
4.013063063063063,-1.457638848026316,0,0.6860409911234379,0
4.021021021021021,-1.45634785877016,0,0.6866491367278617,0
4.028978978978979,-1.455064073293012,0,0.6872549589770716,0
4.036936936936937,-1.453787431847754,0,0.687858470979493,0
4.044894894894895,-1.452517875342821,0,0.688459685746712,0
4.052852852852853,-1.45125534533328,0,0.6890586161943477,0
4.060810810810811,-1.449999784012044,0,0.6896552751429194,0
4.068768768768769,-1.448751134201229,0,0.6902496753187022,0
4.076726726726727,-1.44750933934365,0,0.6908418293545753,0
4.084684684684685,-1.446274343494459,0,0.6914317497908593,0
4.092642642642643,-1.44504609131291,0,0.6920194490761475,0
4.1006006006006,-1.443824528054262,0,0.6926049395681259,0
4.108558558558559,-1.442609599561812,0,0.6931882335343859,0
4.116516516516517,-1.441401252259047,0,0.6937693431532285,0
4.124474474474475,-1.440199433141931,0,0.6943482805144603,0
4.132432432432433,-1.439004089771307,0,0.69492505762018,0
4.14039039039039,-1.437815170265424,0,0.6954996863855581,0
4.148348348348349,-1.436632623292577,0,0.6960721786396082,0
4.156306306306306,-1.435456398063872,0,0.6966425461259492,0
4.164264264264264,-1.434286444326089,0,0.6972108005035617,0
4.172222222222222,-1.433122712354676,0,0.697776953347534,0
4.18018018018018,-1.431965152946835,0,0.6983410161498026,0
4.188138138138139,-1.430813717414726,0,0.6989030003198847,0
4.196096096096096,-1.42966835757878,0,0.6994629171856009,0
4.204054054054054,-1.428529025761098,0,0.7000207779937937,0
4.212012012012012,-1.427395674778974,0,0.7005765939110373,0
4.21996996996997,-1.426268257938501,0,0.7011303760243388,0
4.227927927927928,-1.425146729028289,0,0.7016821353418339,0
4.235885885885886,-1.424031042313267,0,0.7022318827934749,0
4.243843843843844,-1.422921152528585,0,0.7027796292317123,0
4.251801801801802,-1.421817014873615,0,0.7033253854321679,0
4.25975975975976,-1.420718585006034,0,0.7038691620943025,0
4.267717717717717,-1.419625819035998,0,0.7044109698420766,0
4.275675675675676,-1.418538673520418,0,0.7049508192246029,0
4.283633633633634,-1.417457105457298,0,0.705488720716795,0
4.291591591591592,-1.416381072280181,0,0.7060246847200068,0
4.29954954954955,-1.41531053185267,0,0.7065587215626663,0
4.307507507507507,-1.414245442463027,0,0.7070908415009042,0
4.315465465465466,-1.413185762818856,0,0.7076210547191742,0
4.323423423423423,-1.412131452041874,0,0.7081493713308689,0
4.331381381381382,-1.411082469662742,0,0.7086758013789274,0
4.33933933933934,-1.410038775615993,0,0.7092003548364388,0
4.347297297297297,-1.409000330235016,0,0.7097230416072392,0
4.355255255255256,-1.40796709424713,0,0.7102438715265013,0
4.363213213213213,-1.406939028768723,0,0.7107628543613196,0
4.371171171171171,-1.405916095300459,0,0.7112799998112899,0
4.379129129129129,-1.404898255722569,0,0.7117953175090809,0
4.387087087087087,-1.403885472290194,0,0.712308817021003,0
4.395045045045046,-1.402877707628806,0,0.7128205078475698,0
4.403003003003003,-1.401874924729698,0,0.7133303994240533,0
4.410960960960961,-1.40087708694553,0,0.7138385011210355,0
4.418918918918919,-1.399884157985951,0,0.714344822244953,0
4.426876876876877,-1.398896101913272,0,0.7148493720386371,0
4.434834834834835,-1.397912883138213,0,0.7153521596818482,0
4.442792792792793,-1.396934466415705,0,0.7158531942918045,0
4.450750750750751,-1.395960816840753,0,0.7163524849237062,0
4.458708708708709,-1.394991899844359,0,0.7168500405712546,0
4.466666666666667,-1.394027681189504,0,0.7173458701671648,0
4.474624624624624,-1.393068126967189,0,0.7178399825836753,0
4.482582582582583,-1.392113203592523,0,0.7183323866330515,0
4.490540540540541,-1.391162877800882,0,0.7188230910680833,0
4.498498498498499,-1.390217116644108,0,0.7193121045825802,0
4.506456456456457,-1.389275887486774,0,0.7197994358118595,0
4.514414414414414,-1.388339158002487,0,0.7202850933332305,0
4.522372372372373,-1.38740689617026,0,0.7207690856664748,0
4.53033033033033,-1.386479070270921,0,0.7212514212743202,0
4.538288288288288,-1.385555648883582,0,0.7217321085629108,0
4.546246246246247,-1.38463660088215,0,0.7222111558822736,0
4.554204204204204,-1.383721895431891,0,0.7226885715267786,0
4.562162162162163,-1.382811501986041,0,0.7231643637355964,0
4.57012012012012,-1.381905390282465,0,0.7236385406931494,0
4.578078078078078,-1.381003530340358,0,0.7241111105295606,0
4.586036036036036,-1.380105892456996,0,0.7245820813210967,0
4.593993993993994,-1.379212447204535,0,0.725051461090607,0
4.601951951951953,-1.378323165426842,0,0.7255192578079597,0
4.60990990990991,-1.377438018236381,0,0.7259854793904713,0
4.617867867867868,-1.376556977011139,0,0.7264501337033346,0
4.625825825825826,-1.375680013391589,0,0.7269132285600405,0
4.633783783783784,-1.374807099277703,0,0.7273747717227972,0
4.641741741741741,-1.373938206825995,0,0.7278347709029441,0
4.6496996996997,-1.373073308446614,0,0.7282932337613642,0
4.657657657657658,-1.372212376800474,0,0.728750167908888,0
4.665615615615616,-1.371355384796415,0,0.7292055809066994,0
4.673573573573574,-1.370502305588412,0,0.7296594802667329,0
4.681531531531531,-1.369653112572821,0,0.7301118734520691,0
4.68948948948949,-1.368807779385652,0,0.7305627678773274,0
4.697447447447447,-1.367966279899892,0,0.7310121709090524,0
4.705405405405406,-1.367128588222852,0,0.7314600898660986,0
4.713363363363364,-1.36629467869356,0,0.7319065320200119,0
4.721321321321321,-1.365464525880179,0,0.7323515045954045,0
4.72927927927928,-1.364638104577466,0,0.7327950147703306,0
4.737237237237237,-1.363815389804259,0,0.7332370696766549,0
4.745195195195195,-1.362996356801007,0,0.7336776764004197,0
4.753153153153153,-1.362180981027319,0,0.7341168419822069,0
4.761111111111111,-1.361369238159558,0,0.7345545734174993,0
4.76906906906907,-1.360561104088457,0,0.7349908776570355,0
4.777027027027027,-1.359756554916773,0,0.7354257616071632,0
4.784984984984985,-1.358955566956967,0,0.7358592321301896,0
4.792942942942943,-1.358158116728919,0,0.7362912960447261,0
4.800900900900901,-1.357364180957667,0,0.7367219601260332,0
4.808858858858859,-1.35657373657118,0,0.7371512311063598,0
4.816816816816817,-1.355786760698158,0,0.7375791156752799,0
4.824774774774775,-1.355003230665862,0,0.7380056204800266,0
4.832732732732733,-1.354223123997967,0,0.7384307521258224,0
4.840690690690691,-1.353446418412453,0,0.7388545171762074,0
4.848648648648648,-1.352673091819508,0,0.7392769221533634,0
4.856606606606607,-1.351903122319476,0,0.7396979735384354,0
4.864564564564565,-1.351136488200815,0,0.7401176777718503,0
4.872522522522523,-1.350373167938089,0,0.7405360412536331,0
4.880480480480481,-1.349613140189987,0,0.7409530703437197,0
4.888438438438438,-1.348856383797364,0,0.7413687713622655,0
4.896396396396397,-1.348102877781304,0,0.7417831505899543,0
4.904354354354354,-1.347352601341218,0,0.7421962142683013,0
4.912312312312312,-1.346605533852953,0,0.7426079685999555,0
4.920270270270271,-1.345861654866933,0,0.7430184197489981,0
4.928228228228228,-1.345120944106323,0,0.7434275738412386,0
4.936186186186187,-1.344383381465214,0,0.743835436964508,0
4.944144144144144,-1.343648947006828,0,0.7442420151689504,0
4.952102102102102,-1.342917620961756,0,0.7446473144673097,0
4.96006006006006,-1.342189383726203,0,0.7450513408352161,0
4.968018018018018,-1.341464215860269,0,0.7454541002114687,0
4.975975975975977,-1.340742098086239,0,0.7458555984983161,0
4.983933933933934,-1.340023011286908,0,0.7462558415617336,0
4.991891891891892,-1.339306936503911,0,0.7466548352316994,0
4.99984984984985,-1.338593854936088,0,0.7470525853024668,0
5.007807807807808,-1.337883747937859,0,0.7474490975328351,0
5.015765765765765,-1.337176597017626,0,0.7478443776464166,0
5.023723723723724,-1.336472383836189,0,0.7482384313319039,0
5.031681681681682,-1.335771090205184,0,0.7486312642433312,0
5.03963963963964,-1.335072698085544,0,0.7490228820003368,0
5.047597597597598,-1.334377189585971,0,0.7494132901884205,0
5.055555555555555,-1.333684546961429,0,0.7498024943592008,0
5.063513513513514,-1.332994752611664,0,0.7501905000306676,0
5.071471471471471,-1.332307789079727,0,0.7505773126874353,0
5.07942942942943,-1.331623639050529,0,0.7509629377809915,0
5.087387387387388,-1.330942285349403,0,0.7513473807299443,0
5.095345345345345,-1.330263710940689,0,0.7517306469202677,0
5.103303303303304,-1.329587898926336,0,0.752112741705544,0
5.111261261261261,-1.328914832544517,0,0.7524936704072051,0
5.119219219219219,-1.328244495168267,0,0.7528734383147708,0
5.127177177177177,-1.327576870304127,0,0.7532520506860865,0
5.135135135135135,-1.326911941590817,0,0.7536295127475552,0
5.143093093093094,-1.326249692797917,0,0.7540058296943725,0
5.151051051051051,-1.325590107824562,0,0.7543810066907553,0
5.159009009009009,-1.324933170698159,0,0.7547550488701714,0
5.166966966966967,-1.324278865573113,0,0.755127961335565,0
5.174924924924925,-1.323627176729577,0,0.7554997491595814,0
5.182882882882883,-1.322978088572201,0,0.7558704173847892,0
5.190840840840841,-1.322331585628914,0,0.7562399710239018,0
5.198798798798799,-1.321687652549709,0,0.7566084150599944,0
5.206756756756757,-1.321046274105445,0,0.756975754446722,0
5.214714714714715,-1.320407435186661,0,0.7573419941085338,0
5.222672672672672,-1.319771120802409,0,0.7577071389408863,0
5.230630630630631,-1.319137316079099,0,0.7580711938104536,0
5.238588588588589,-1.318506006259351,0,0.7584341635553381,0
5.246546546546547,-1.317877176700869,0,0.7587960529852769,0
5.254504504504505,-1.317250812875326,0,0.7591568668818479,0
5.262462462462462,-1.316626900367256,0,0.7595166099986739,0
5.270420420420421,-1.316005424872966,0,0.7598752870616245,0
5.278378378378378,-1.315386372199458,0,0.7602329027690166,0
5.286336336336336,-1.314769728263363,0,0.7605894617918131,0
5.294294294294295,-1.314155479089888,0,0.7609449687738203,0
5.302252252252252,-1.313543610811773,0,0.7612994283318828,0
5.310210210210211,-1.312934109668263,0,0.7616528450560773,0
5.318168168168168,-1.312326962004088,0,0.762005223509905,0
5.326126126126126,-1.311722154268464,0,0.7623565682304811,0
5.334084084084084,-1.311119673014087,0,0.7627068837287253,0
5.342042042042042,-1.310519504896162,0,0.7630561744895464,0
5.350000000000001,-1.309921636671421,0,0.7634044449720306,0
5.357957957957958,-1.309326055197166,0,0.7637516996096239,0
5.365915915915916,-1.308732747430322,0,0.7640979428103144,0
5.373873873873874,-1.308141700426491,0,0.7644431789568148,0
5.381831831831832,-1.307552901339027,0,0.7647874124067399,0
5.38978978978979,-1.306966337418119,0,0.7651306474927856,0
5.397747747747748,-1.306381996009878,0,0.7654728885229053,0
5.405705705705706,-1.305799864555443,0,0.7658141397804845,0
5.413663663663664,-1.305219930590093,0,0.7661544055245141,0
5.421621621621622,-1.304642181742365,0,0.7664936899897627,0
5.429579579579579,-1.304066605733192,0,0.7668319973869472,0
5.437537537537538,-1.303493190375038,0,0.7671693319029016,0
5.445495495495495,-1.302921923571056,0,0.7675056977007449,0
5.453453453453454,-1.30235279331424,0,0.7678410989200478,0
5.461411411411412,-1.301785787686603,0,0.7681755396769964,0
5.469369369369369,-1.301220894858349,0,0.7685090240645573,0
5.477327327327328,-1.300658103087067,0,0.7688415561526389,0
5.485285285285285,-1.300097400716922,0,0.7691731399882525,0
5.493243243243243,-1.299538776177864,0,0.7695037795956716,0
5.501201201201201,-1.298982217984844,0,0.7698334789765904,0
5.509159159159159,-1.298427714737031,0,0.7701622421102807,0
5.517117117117118,-1.297875255117052,0,0.7704900729537469,0
5.525075075075075,-1.297324827890222,0,0.7708169754418813,0
5.533033033033033,-1.2967764219038,0,0.7711429534876166,0
5.540990990990991,-1.296230026086243,0,0.7714680109820774,0
5.548948948948949,-1.295685629446467,0,0.7717921517947314,0
5.556906906906907,-1.295143221073126,0,0.7721153797735382,0
5.564864864864865,-1.294602790133884,0,0.7724376987450975,0
5.572822822822823,-1.294064325874711,0,0.7727591125147965,0
5.580780780780781,-1.293527817619172,0,0.7730796248669546,0
5.588738738738739,-1.292993254767735,0,0.7733992395649684,0
5.596696696696696,-1.292460626797079,0,0.7737179603514557,0
5.604654654654655,-1.291929923259413,0,0.7740357909483959,0
5.612612612612613,-1.291401133781799,0,0.7743527350572734,0
5.620570570570571,-1.29087424806549,0,0.7746687963592149,0
5.628528528528529,-1.290349255885265,0,0.77498397851513,0
5.636486486486486,-1.289826147088775,0,0.7752982851658478,0
5.644444444444445,-1.289304911595903,0,0.7756117199322535,0
5.652402402402402,-1.288785539398114,0,0.7759242864154245,0
5.66036036036036,-1.288268020557835,0,0.776235988196764,0
5.668318318318319,-1.287752345207817,0,0.7765468288381338,0
5.676276276276276,-1.287238503550523,0,0.7768568118819874,0
5.684234234234235,-1.286726485857514,0,0.7771659408515009,0
5.692192192192192,-1.286216282468838,0,0.7774742192507018,0
5.70015015015015,-1.285707883792437,0,0.7777816505645999,0
5.708108108108108,-1.285201280303545,0,0.7780882382593137,0
5.716066066066066,-1.28469646254411,0,0.7783939857821982,0
5.724024024024025,-1.284193421122202,0,0.7786988965619701,0
5.731981981981982,-1.283692146711447,0,0.779002974008833,0
5.73993993993994,-1.283192630050449,0,0.7793062215146018,0
5.747897897897898,-1.282694861942235,0,0.7796086424528251,0
5.755855855855856,-1.282198833253691,0,0.7799102401789068,0
5.763813813813814,-1.28170453491501,0,0.7802110180302279,0
5.771771771771772,-1.281211957919152,0,0.7805109793262662,0
5.77972972972973,-1.280721093321295,0,0.780810127368715,0
5.787687687687688,-1.280231932238307,0,0.7811084654416011,0
5.795645645645646,-1.279744465848214,0,0.7814059968114032,0
5.803603603603603,-1.279258685389672,0,0.781702724727167,0
5.811561561561562,-1.278774582161454,0,0.7819986524206209,0
5.81951951951952,-1.278292147521937,0,0.7822937831062903,0
5.827477477477477,-1.277811372888586,0,0.7825881199816113,0
5.835435435435436,-1.277332249737459,0,0.7828816662270436,0
5.843393393393393,-1.276854769602706,0,0.7831744250061818,0
5.851351351351352,-1.276378924076076,0,0.7834663994658664,0
5.859309309309309,-1.275904704806431,0,0.7837575927362938,0
5.867267267267267,-1.275432103499259,0,0.7840480079311262,0
5.875225225225226,-1.274961111916201,0,0.7843376481475987,0
5.883183183183183,-1.274491721874573,0,0.7846265164666273,0
5.891141141141142,-1.274023925246904,0,0.784914615952916,0
5.899099099099099,-1.273557713960463,0,0.7852019496550622,0
5.907057057057057,-1.273093079996812,0,0.785488520605661,0
5.915015015015015,-1.272630015391337,0,0.785774331821411,0
5.922972972972973,-1.272168512232813,0,0.786059386303216,0
5.930930930930931,-1.271708562662946,0,0.7863436870362887,0
5.938888888888889,-1.271250158875941,0,0.7866272369902517,0
5.946846846846847,-1.270793293118061,0,0.7869100391192388,0
5.954804804804805,-1.270337957687196,0,0.7871920963619959,0
5.962762762762763,-1.269884144932433,0,0.7874734116419789,0
5.97072072072072,-1.269431847253636,0,0.7877539878674537,0
5.978678678678679,-1.268981057101024,0,0.7880338279315937,0
5.986636636636637,-1.268531766974756,0,0.7883129347125767,0
5.994594594594595,-1.268083969424519,0,0.7885913110736815,0
6.002552552552553,-1.267637657049125,0,0.788868959863384,0
6.01051051051051,-1.2671928224961,0,0.7891458839154513,0
6.018468468468469,-1.266749458461291,0,0.7894220860490365,0
6.026426426426426,-1.266307557688471,0,0.7896975690687725,0
6.034384384384384,-1.265867112968943,0,0.7899723357648635,0
6.042342342342343,-1.265428117141153,0,0.7902463889131791,0
6.0503003003003,-1.264990563090313,0,0.7905197312753436,0
6.058258258258259,-1.264554443748012,0,0.7907923655988278,0
6.066216216216216,-1.264119752091842,0,0.7910642946170396,0
6.074174174174174,-1.26368648114503,0,0.7913355210494117,0
6.082132132132132,-1.263254623976063,0,0.7916060476014916,0
6.09009009009009,-1.262824173698326,0,0.7918758769650291,0
6.098048048048049,-1.262395123469736,0,0.7921450118180636,0
6.106006006006006,-1.26196746649239,0,0.7924134548250102,0
6.113963963963964,-1.261541196012202,0,0.7926812086367472,0
6.121921921921922,-1.261116305318557,0,0.7929482758907005,0
6.12987987987988,-1.260692787743961,0,0.7932146592109274,0
6.137837837837838,-1.260270636663694,0,0.793480361208203,0
6.145795795795796,-1.259849845495473,0,0.7937453844801009,0
6.153753753753754,-1.259430407699107,0,0.7940097316110789,0
6.161711711711712,-1.259012316776169,0,0.7942734051725587,0
6.16966966966967,-1.258595566269657,0,0.7945364077230092,0
6.177627627627627,-1.258180149763671,0,0.7947987418080262,0
6.185585585585586,-1.257766060883084,0,0.7950604099604142,0
6.193543543543544,-1.257353293293219,0,0.7953214147002646,0
6.201501501501501,-1.256941840699533,0,0.7955817585350367,0
6.20945945945946,-1.256531696847293,0,0.7958414439596346,0
6.217417417417417,-1.256122855521275,0,0.7961004734564859,0
6.225375375375376,-1.255715310545438,0,0.79635884949562,0
6.233333333333333,-1.255309055782628,0,0.7966165745347432,0
6.241291291291291,-1.254904085134269,0,0.7968736510193167,0
6.24924924924925,-1.254500392540058,0,0.7971300813826316,0
6.257207207207207,-1.254097971977674,0,0.7973858680458835,0
6.265165165165166,-1.253696817462473,0,0.7976410134182487,0
6.273123123123123,-1.253296923047198,0,0.7978955198969563,0
6.281081081081081,-1.252898282821691,0,0.7981493898673637,0
6.289039039039039,-1.252500890912597,0,0.7984026257030284,0
6.296996996996997,-1.252104741483089,0,0.7986552297657807,0
6.304954954954955,-1.251709828732576,0,0.7989072044057958,0
6.312912912912913,-1.251316146896429,0,0.7991585519616649,0
6.320870870870871,-1.250923690245698,0,0.7994092747604664,0
6.328828828828829,-1.250532453086843,0,0.7996593751178365,0
6.336786786786787,-1.250142429761456,0,0.7999088553380382,0
6.344744744744744,-1.249753614645994,0,0.8001577177140317,0
6.352702702702703,-1.249366002151511,0,0.8004059645275423,0
6.360660660660661,-1.248979586723394,0,0.8006535980491296,0
6.368618618618619,-1.248594362841095,0,0.8009006205382549,0
6.376576576576577,-1.24821032501788,0,0.8011470342433483,0
6.384534534534534,-1.247827467800561,0,0.8013928414018763,0
6.392492492492493,-1.24744578576925,0,0.8016380442404073,0
6.40045045045045,-1.247065273537099,0,0.8018826449746786,0
6.408408408408408,-1.246685925750051,0,0.8021266458096608,0
6.416366366366367,-1.246307737086592,0,0.8023700489396233,0
6.424324324324324,-1.245930702257505,0,0.802612856548199,0
6.432282282282283,-1.245554816005626,0,0.8028550708084474,0
6.44024024024024,-1.2451800731056,0,0.8030966938829197,0
6.448198198198198,-1.244806468363644,0,0.8033377279237203,0
6.456156156156156,-1.244433996617306,0,0.8035781750725705,0
6.464114114114114,-1.244062652735234,0,0.8038180374608705,0
6.472072072072072,-1.243692431616939,0,0.804057317209761,0
6.48003003003003,-1.243323328192565,0,0.8042960164301851,0
6.487987987987988,-1.242955337422662,0,0.8045341372229481,0
6.495945945945946,-1.242588454297955,0,0.8047716816787789,0
6.503903903903904,-1.242222673839122,0,0.8050086518783897,0
6.511861861861862,-1.241857991096567,0,0.805245049892536,0
6.51981981981982,-1.241494401150206,0,0.8054808777820752,0
6.527777777777778,-1.241131899109241,0,0.8057161375980256,0
6.535735735735736,-1.240770480111945,0,0.8059508313816248,0
6.543693693693694,-1.240410139325449,0,0.806184961164388,0
6.551651651651651,-1.240050871945525,0,0.8064185289681645,0
6.55960960960961,-1.239692673196378,0,0.8066515368051957,0
6.567567567567568,-1.239335538330435,0,0.8068839866781723,0
6.575525525525525,-1.238979462628135,0,0.8071158805802889,0
6.583483483483484,-1.238624441397727,0,0.8073472204953015,0
6.591441441441441,-1.238270469975063,0,0.8075780083975828,0
6.5993993993994,-1.237917543723398,0,0.8078082462521761,0
6.607357357357357,-1.237565658033189,0,0.8080379360148519,0
6.615315315315315,-1.237214808321893,0,0.8082670796321609,0
6.623273273273274,-1.236864990033773,0,0.8084956790414889,0
6.631231231231231,-1.236516198639705,0,0.8087237361711093,0
6.63918918918919,-1.236168429636979,0,0.8089512529402377,0
6.647147147147147,-1.235821678549109,0,0.8091782312590836,0
6.655105105105105,-1.235475940925646,0,0.8094046730289041,0
6.663063063063063,-1.235131212341984,0,0.8096305801420546,0
6.671021021021021,-1.234787488399179,0,0.8098559544820418,0
6.678978978978979,-1.234444764723757,0,0.8100807979235745,0
6.686936936936937,-1.234103036967536,0,0.8103051123326146,0
6.694894894894895,-1.233762300807441,0,0.8105288995664287,0
6.702852852852853,-1.233422551945323,0,0.8107521614736373,0
6.710810810810811,-1.233083786107783,0,0.8109748998942649,0
6.718768768768768,-1.232745999045989,0,0.811197116659791,0
6.726726726726727,-1.232409186535508,0,0.8114188135931979,0
6.734684684684685,-1.232073344376123,0,0.8116399925090204,0
6.742642642642643,-1.231738468391665,0,0.8118606552133943,0
6.750600600600601,-1.231404554429842,0,0.8120808035041048,0
6.758558558558558,-1.231071598362065,0,0.8123004391706344,0
6.766516516516517,-1.230739596083283,0,0.8125195639942108,0
6.774474474474474,-1.230408543511815,0,0.8127381797478535,0
6.782432432432432,-1.230078436589183,0,0.8129562881964217,0
6.790390390390391,-1.22974927127995,0,0.8131738910966605,0
6.798348348348348,-1.229421043571554,0,0.8133909901972475,0
6.806306306306307,-1.229093749474149,0,0.8136075872388384,0
6.814264264264264,-1.228767385020444,0,0.8138236839541133,0
6.822222222222222,-1.228441946265543,0,0.8140392820678217,0
6.83018018018018,-1.228117429286789,0,0.8142543832968279,0
6.838138138138138,-1.227793830183608,0,0.8144689893501554,0
6.846096096096096,-1.227471145077354,0,0.8146831019290326,0
6.854054054054054,-1.227149370111152,0,0.814896722726935,0
6.862012012012012,-1.226828501449751,0,0.8151098534296307,0
6.86996996996997,-1.226508535279371,0,0.8153224957152237,0
6.877927927927928,-1.226189467807551,0,0.8155346512541967,0
6.885885885885886,-1.225871295263004,0,0.8157463217094544,0
6.893843843843844,-1.225554013895467,0,0.8159575087363667,0
6.901801801801802,-1.225237619975557,0,0.8161682139828105,0
6.90975975975976,-1.224922109794625,0,0.8163784390892119,0
6.917717717717718,-1.224607479664611,0,0.8165881856885886,0
6.925675675675675,-1.224293725917906,0,0.8167974554065911,0
6.933633633633634,-1.223980844907205,0,0.8170062498615441,0
6.941591591591592,-1.223668833005373,0,0.8172145706644872,0
6.949549549549549,-1.2233576866053,0,0.8174224194192165,0
6.957507507507508,-1.223047402119768,0,0.8176297977223241,0
6.965465465465465,-1.222737975981312,0,0.817836707163239,0
6.973423423423424,-1.222429404642085,0,0.8180431493242672,0
6.981381381381381,-1.222121684573722,0,0.8182491257806307,0
6.989339339339339,-1.221814812267211,0,0.8184546381005074,0
6.997297297297298,-1.221508784232757,0,0.8186596878450699,0
7.005255255255255,-1.221203596999651,0,0.8188642765685251,0
7.013213213213214,-1.220899247116141,0,0.8190684058181523,0
7.021171171171171,-1.220595731149304,0,0.8192720771343411,0
7.029129129129129,-1.220293045684915,0,0.8194752920506313,0
7.037087087087087,-1.219991187327323,0,0.8196780520937486,0
7.045045045045045,-1.219690152699326,0,0.8198803587836434,0
7.053003003003003,-1.219389938442039,0,0.8200822136335286,0
7.060960960960961,-1.219090541214782,0,0.8202836181499156,0
7.068918918918919,-1.218791957694944,0,0.8204845738326522,0
7.076876876876877,-1.218494184577872,0,0.8206850821749586,0
7.084834834834835,-1.218197218576743,0,0.8208851446634644,0
7.092792792792793,-1.21790105642245,0,0.8210847627782436,0
7.100750750750751,-1.217605694863477,0,0.8212839379928525,0
7.108708708708709,-1.217311130665785,0,0.8214826717743632,0
7.116666666666667,-1.217017360612693,0,0.821680965583401,0
7.124624624624625,-1.216724381504765,0,0.8218788208741782,0
7.132582582582582,-1.21643219015969,0,0.82207623909453,0
7.140540540540541,-1.216140783412171,0,0.8222732216859491,0
7.148498498498498,-1.215850158113813,0,0.8224697700836194,0
7.156456456456456,-1.215560311133006,0,0.822665885716452,0
7.164414414414415,-1.215271239354816,0,0.822861570007118,0
7.172372372372372,-1.214982939680877,0,0.8230568243720823,0
7.180330330330331,-1.214695409029277,0,0.8232516502216382,0
7.188288288288288,-1.21440864433445,0,0.8234460489599402,0
7.196246246246246,-1.214122642547069,0,0.8236400219850377,0
7.204204204204204,-1.213837400633939,0,0.8238335706889073,0
7.212162162162162,-1.213552915577891,0,0.8240266964574858,0
7.22012012012012,-1.213269184377674,0,0.824219400670704,0
7.228078078078078,-1.212986204047851,0,0.824411684702517,0
7.236036036036036,-1.2127039716187,0,0.8246035499209379,0
7.243993993993994,-1.212422484136102,0,0.8247949976880695,0
7.251951951951952,-1.212141738661449,0,0.8249860293601358,0
7.25990990990991,-1.211861732271533,0,0.8251766462875132,0
7.267867867867868,-1.211582462058453,0,0.8253668498147627,0
7.275825825825826,-1.211303925129511,0,0.825556641280661,0
7.283783783783784,-1.211026118607111,0,0.8257460220182304,0
7.291741741741742,-1.210749039628669,0,0.8259349933547707,0
7.299699699699699,-1.210472685346506,0,0.8261235566118893,0
7.307657657657658,-1.210197052927757,0,0.8263117131055313,0
7.315615615615616,-1.209922139554272,0,0.8264994641460104,0
7.323573573573573,-1.209647942422523,0,0.8266868110380381,0
7.331531531531532,-1.209374458743509,0,0.826873755080754,0
7.339489489489489,-1.209101685742661,0,0.8270602975677556,0
7.347447447447448,-1.208829620659749,0,0.8272464397871265,0
7.355405405405405,-1.208558260748791,0,0.8274321830214671,0
7.363363363363363,-1.208287603277962,0,0.827617528547923,0
7.371321321321322,-1.208017645529498,0,0.8278024776382137,0
7.379279279279279,-1.207748384799613,0,0.8279870315586617,0
7.387237237237238,-1.207479818398404,0,0.8281711915702207,0
7.395195195195195,-1.207211943649765,0,0.8283549589285036,0
7.403153153153153,-1.206944757891297,0,0.8285383348838116,0
7.411111111111111,-1.206678258474221,0,0.8287213206811612,0
7.419069069069069,-1.206412442763293,0,0.8289039175603126,0
7.427027027027027,-1.206147308136716,0,0.8290861267557966,0
7.434984984984985,-1.205882851986053,0,0.8292679494969432,0
7.442942942942943,-1.205619071716146,0,0.8294493870079076,0
7.450900900900901,-1.205355964745029,0,0.8296304405076981,0
7.458858858858859,-1.205093528503845,0,0.829811111210203,0
7.466816816816817,-1.204831760436763,0,0.8299914003242165,0
7.474774774774775,-1.204570658000896,0,0.8301713090534668,0
7.482732732732733,-1.20431021866622,0,0.8303508385966412,0
7.490690690690691,-1.20405043991549,0,0.8305299901474128,0
7.498648648648649,-1.203791319244164,0,0.8307087648944665,0
7.506606606606606,-1.203532854160319,0,0.8308871640215256,0
7.514564564564565,-1.203275042184575,0,0.8310651887073766,0
7.522522522522523,-1.203017880850012,0,0.8312428401258954,0
7.53048048048048,-1.202761367702098,0,0.8314201194460724,0
7.538438438438439,-1.202505500298607,0,0.8315970278320383,0
7.546396396396396,-1.202250276209543,0,0.8317735664430885,0
7.554354354354355,-1.201995693017064,0,0.8319497364337092,0
7.562312312312312,-1.201741748315406,0,0.8321255389536011,0
7.57027027027027,-1.201488439710809,0,0.8323009751477044,0
7.578228228228229,-1.20123576482144,0,0.8324760461562238,0
7.586186186186186,-1.200983721277322,0,0.8326507531146526,0
7.594144144144144,-1.200732306720257,0,0.8328250971537963,0
7.602102102102102,-1.200481518803756,0,0.8329990793997979,0
7.61006006006006,-1.200231355192965,0,0.8331727009741607,0
7.618018018018018,-1.199981813564593,0,0.8333459629937729,0
7.625975975975976,-1.199732891606842,0,0.8335188665709307,0
7.633933933933934,-1.199484587019333,0,0.833691412813362,0
7.641891891891892,-1.199236897513041,0,0.8338636028242497,0
7.64984984984985,-1.19898982081022,0,0.834035437702255,0
7.657807807807808,-1.198743354644336,0,0.8342069185415403,0
7.665765765765766,-1.198497496759997,0,0.8343780464317924,0
7.673723723723723,-1.198252244912889,0,0.8345488224582449,0
7.681681681681682,-1.198007596869701,0,0.8347192477017014,0
7.68963963963964,-1.197763550408064,0,0.834889323238557,0
7.697597597597597,-1.197520103316481,0,0.8350590501408222,0
7.705555555555556,-1.197277253394261,0,0.8352284294761438,0
7.713513513513513,-1.197034998451456,0,0.8353974623078272,0
7.721471471471472,-1.19679333630879,0,0.8355661496948591,0
7.729429429429429,-1.196552264797599,0,0.8357344926919288,0
7.737387387387387,-1.196311781759766,0,0.8359024923494501,0
7.745345345345346,-1.196071885047656,0,0.8360701497135821,0
7.753303303303303,-1.195832572524051,0,0.8362374658262521,0
7.761261261261262,-1.19559384206209,0,0.8364044417251757,0
7.769219219219219,-1.195355691545205,0,0.8365710784438785,0
7.777177177177177,-1.195118118867059,0,0.8367373770117169,0
7.785135135135135,-1.194881121931485,0,0.8369033384538992,0
7.793093093093093,-1.194644698652422,0,0.8370689637915067,0
7.801051051051051,-1.194408846953861,0,0.8372342540415137,0
7.809009009009009,-1.194173564769774,0,0.8373992102168089,0
7.816966966966967,-1.193938850044066,0,0.8375638333262145,0
7.824924924924925,-1.193704700730505,0,0.8377281243745086,0
7.832882882882883,-1.193471114792672,0,0.8378920843624429,0
7.840840840840841,-1.193238090203895,0,0.8380557142867647,0
7.848798798798799,-1.193005624947195,0,0.8382190151402363,0
7.856756756756757,-1.192773717015228,0,0.8383819879116543,0
7.864714714714714,-1.192542364410226,0,0.8385446335858703,0
7.872672672672673,-1.19231156514394,0,0.8387069531438093,0
7.88063063063063,-1.192081317237585,0,0.83886894756249,0
7.888588588588589,-1.191851618721785,0,0.8390306178150443,0
7.896546546546547,-1.191622467636513,0,0.8391919648707358,0
7.904504504504504,-1.191393862031038,0,0.8393529896949796,0
7.912462462462463,-1.191165799963872,0,0.8395136932493612,0
7.92042042042042,-1.190938279502712,0,0.839674076491655,0
7.928378378378379,-1.190711298724387,0,0.8398341403758437,0
7.936336336336336,-1.190484855714806,0,0.8399938858521364,0
7.944294294294294,-1.190258948568903,0,0.8401533138669876,0
7.952252252252253,-1.190033575390582,0,0.8403124253631156,0
7.96021021021021,-1.189808734292669,0,0.8404712212795206,0
7.968168168168168,-1.189584423396855,0,0.8406297025515035,0
7.976126126126126,-1.189360640833647,0,0.8407878701106835,0
7.984084084084084,-1.189137384742317,0,0.840945724885016,0
7.992042042042042,-1.188914653270847,0,0.8411032677988115,0
8,-1.18869244457588,0,0.8412604997727524,0
