0.5513513513513514,-6867.775951136579,0,0.0001456075456035378,0
0.5593093093093093,-388.9155243414583,0,0.002571252463355062,0
0.5672672672672673,-157.5815065299488,0,0.006345922323124555,0
0.5752252252252252,-91.31623454192113,0,0.01095095527116729,0
0.5831831831831832,-61.90680493408426,0,0.01615331304958732,0
0.5911411411411411,-45.85375408991629,0,0.02180846519216428,0
0.5990990990990991,-35.95141817145501,0,0.02781531441210261,0
0.607057057057057,-29.32688278866343,0,0.034098407498889,0
0.615015015015015,-24.63107865057066,0,0.04059911521482765,0
0.6229729729729729,-21.15478646807829,0,0.04727062603581271,0
0.6309309309309309,-18.49289063037363,0,0.0540748344857213,0
0.6388888888888888,-16.39874496298195,0,0.06098027637220843,0
0.6468468468468468,-14.71438866935851,0,0.0679606895312217,0
0.6548048048048047,-13.33440516792009,0,0.07499397141507295,0
0.6627627627627627,-12.18599720836699,0,0.08206140071272897,0
0.6707207207207206,-11.21742216711547,0,0.08914704154859739,0
0.6786786786786787,-10.39098383225685,0,0.09623727802325018,0
0.6866366366366367,-9.678626592688653,0,0.1033204443237237,0
0.6945945945945946,-9.059076606437339,0,0.1103865265130228,0
0.7025525525525526,-8.51593490978917,0,0.1174269191337393,0
0.7105105105105105,-8.036374273423167,0,0.1244342244371405,0
0.7184684684684685,-7.61022930592109,0,0.1314020852462299,0
0.7264264264264264,-7.229348829604382,0,0.1383250446990429,0
0.7343843843843844,-6.887126918099913,0,0.1451984277176483,0
0.7423423423423423,-6.578157980262621,0,0.1520182402126008,0
0.7503003003003003,-6.297979468151503,0,0.1587810828944329,0
0.7582582582582582,-6.042877458975153,0,0.1654840772113879,0
0.7662162162162162,-5.809738002403921,0,0.1721248014258518,0
0.7741741741741741,-5.595932220368304,0,0.178701235222285,0
0.7821321321321321,-5.399226602392345,0,0.1852117115360392,0
0.79009009009009,-5.217712319985583,0,0.1916548745260764,0
0.7980480480480481,-5.049749046954359,0,0.1980296428003936,0
0.806006006006006,-4.893919950240972,0,0.2043351771519599,0
0.813963963963964,-4.748995360140715,0,0.210570852183433,0
0.8219219219219219,-4.613903240892048,0,0.2167362312970094,0
0.8298798798798799,-4.487705031259693,0,0.2228310446061784,0
0.8378378378378378,-4.369575756818372,0,0.2288551693924932,0
0.8457957957957958,-4.258787563782663,0,0.2348086127855126,0
0.8537537537537537,-4.154696011277965,0,0.2406914963899861,0
0.8617117117117117,-4.056728601120694,0,0.2465040426228524,0
0.8696696696696696,-3.964375133087345,0,0.2522465625550496,0
0.8776276276276276,-3.877179557701185,0,0.257919445080565,0
0.8855855855855855,-3.794733063882329,0,0.2635231472584574,0
0.8935435435435435,-3.716668189903451,0,0.269058185693455,0
0.9015015015015014,-3.642653786317233,0,0.2745251288377346,0
0.9094594594594594,-3.572390691375662,0,0.2799245901110884,0
0.9174174174174173,-3.505608004830745,0,0.2852572217492644,0
0.9253753753753753,-3.442059866320606,0,0.2905237093011259,0
0.9333333333333333,-3.381522660895617,0,0.2957247667046962,0
0.9412912912912913,-3.323792587464491,0,0.3008611318803247,0
0.9492492492492492,-3.268683536687948,0,0.3059335627863406,0
0.9572072072072072,-3.21602523362131,0,0.3109428338887688,0
0.9651651651651652,-3.165661607600454,0,0.3158897330021296,0
0.9731231231231231,-3.117449357787314,0,0.3207750584631067,0
0.9810810810810811,-3.071256687685511,0,0.3255996166030645,0
0.989039039039039,-3.026962185997445,0,0.3303642194890783,0
0.996996996996997,-2.984453834575493,0,0.3350696829063999,0
1.004954954954955,-2.943628127045635,0,0.3397168245581508,0
1.012912912912913,-2.904389284050964,0,0.3443064624605786,0
1.020870870870871,-2.866648553055507,0,0.3488394135144745,0
1.028828828828829,-2.830323582330608,0,0.3533164922353358,0
1.036786786786787,-2.795337860169508,0,0.357738509626654,0
1.044744744744745,-2.761620211584244,0,0.3621062721822764,0
1.052702702702703,-2.729104345767531,0,0.3664205810052165,0
1.060660660660661,-2.697728448480528,0,0.3706822310315337,0
1.068618618618619,-2.667434814278788,0,0.3748920103490426,0
1.076576576576576,-2.638169514133681,0,0.3790506996016056,0
1.084534534534535,-2.609882094561116,0,0.3831590714706836,0
1.092492492492492,-2.582525304847846,0,0.3872178902266038,0
1.10045045045045,-2.556054849378806,0,0.3912279113427587,0
1.108408408408408,-2.530429162427107,0,0.3951898811665733,0
1.116366366366366,-2.505609203078987,0,0.3991045366416927,0
1.124324324324324,-2.481558268236488,0,0.4029726050763447,0
1.132282282282282,-2.458241821876182,0,0.4067948039533307,0
1.14024024024024,-2.435627338948241,0,0.4105718407775069,0
1.148198198198198,-2.413684162480159,0,0.4143044129570205,0
1.156156156156156,-2.392383372607449,0,0.4179932077149091,0
1.164114114114114,-2.371697666392357,0,0.4216389020279819,0
1.172072072072072,-2.351601247413663,0,0.4252421625902008,0
1.18003003003003,-2.332069724218317,0,0.4288036457980211,0
1.187987987987988,-2.313080016820562,0,0.4323239977554029,0
1.195945945945946,-2.294610270518346,0,0.4358038542964,0
1.203903903903904,-2.276639776371135,0,0.4392438410234387,0
1.211861861861862,-2.259148897749365,0,0.4426445733595653,0
1.21981981981982,-2.242119002424376,0,0.4460066566131021,0
1.227777777777778,-2.22553239971994,0,0.4493306860532965,0
1.235735735735736,-2.209372282292978,0,0.4526172469956755,0
1.243693693693694,-2.193622672152619,0,0.4558669148959388,0
1.251651651651652,-2.178268370563832,0,0.4590802554513317,0
1.25960960960961,-2.163294911515066,0,0.4622578247085363,0
1.267567567567567,-2.148688518459131,0,0.4654001691772062,0
1.275525525525526,-2.134436064063152,0,0.4685078259483592,0
1.283483483483483,-2.120525032727508,0,0.4715813228169053,0
1.291441441441441,-2.106943485655146,0,0.4746211784076657,0
1.299399399399399,-2.09368002827212,0,0.4776279023042903,0
1.307357357357357,-2.080723779817714,0,0.4806019951805458,0
1.315315315315315,-2.068064344938269,0,0.4835439489334892,0
1.323273273273273,-2.05569178713315,0,0.486454246818095,0
1.331231231231231,-2.043596603914169,0,0.4893333635829433,0
1.339189189189189,-2.031769703551494,0,0.4921817656066134,0
1.347147147147147,-2.020202383289662,0,0.4949999110344665,0
1.355105105105105,-2.008886308926918,0,0.4977882499155304,0
1.363063063063063,-1.997813495659875,0,0.5005472243392276,0
1.371021021021021,-1.986976290103381,0,0.5032772685717204,0
1.378978978978979,-1.97636735340275,0,0.505978809191662,0
1.386936936936937,-1.965979645362071,0,0.508652265225173,0
1.394894894894895,-1.955806409518326,0,0.5112980482798801,0
1.402852852852853,-1.945841159096513,0,0.5139165626778687,0
1.410810810810811,-1.936077663786001,0,0.5165082055874244,0
1.418768768768769,-1.926509937282872,0,0.5190733671534489,0
1.426726726726727,-1.917132225547254,0,0.5216124306264506,0
1.434684684684685,-1.907938995728419,0,0.524125772490025,0
1.442642642642643,-1.898924925713976,0,0.5266137625867492,0
1.4506006006006,-1.890084894262707,0,0.5290767642424256,0
1.458558558558559,-1.881413971683523,0,0.5315151343886226,0
1.466516516516516,-1.872907411025785,0,0.533929223683462,0
1.474474474474474,-1.864560639748681,0,0.5363193766306186,0
1.482432432432432,-1.856369251839693,0,0.5386859316965001,0
1.49039039039039,-1.848329000354281,0,0.5410292214255814,0
1.498348348348348,-1.840435790350872,0,0.5433495725538754,0
1.506306306306306,-1.832685672197036,0,0.5456473061205271,0
1.514264264264264,-1.825074835224397,0,0.5479227375775239,0
1.522222222222222,-1.817599601711363,0,0.5501761768975129,0
1.53018018018018,-1.810256421174159,0,0.5524079286797311,0
1.538138138138138,-1.803041864947977,0,0.5546182922540476,0
1.546096096096096,-1.795952621041267,0,0.5568075617831247,0
1.554054054054054,-1.788985489247299,0,0.5589760263627079,0
1.562012012012012,-1.782137376498179,0,0.5611239701200565,0
1.56996996996997,-1.775405292447475,0,0.5632516723105266,0
1.577927927927928,-1.768786345268478,0,0.5653594074123257,0
1.585885885885886,-1.762277737655976,0,0.5674474452194526,0
1.593843843843844,-1.755876763020178,0,0.5695160509328457,0
1.601801801801802,-1.74958080186215,0,0.5715654852497578,0
1.60975975975976,-1.743387318320776,0,0.5735960044513783,0
1.617717717717718,-1.737293856881898,0,0.5756078604887283,0
1.625675675675676,-1.731298039240845,0,0.5776013010668508,0
1.633633633633634,-1.725397561310116,0,0.5795765697273197,0
1.641591591591592,-1.719590190364465,0,0.581533905929093,0
1.64954954954955,-1.713873762316121,0,0.5834735451277371,0
1.657507507507507,-1.708246179113303,0,0.5853957188530453,0
1.665465465465465,-1.702705406255581,0,0.5873006547850811,0
1.673423423423423,-1.697249470420055,0,0.5891885768286664,0
1.681381381381381,-1.691876457192629,0,0.5910597051863492,0
1.689339339339339,-1.686584508899021,0,0.5929142564298698,0
1.697297297297297,-1.681371822530454,0,0.5947524435701594,0
1.705255255255255,-1.676236647759257,0,0.596574476125892,0
1.713213213213213,-1.671177285039879,0,0.5983805601906188,0
1.721171171171171,-1.666192083791069,0,0.6001708984985156,0
1.729129129129129,-1.661279440655237,0,0.6019456904887613,0
1.737087087087087,-1.656437797831189,0,0.6037051323685817,0
1.745045045045045,-1.651665641476686,0,0.6054494171749806,0
1.753003003003003,-1.646961500177443,0,0.6071787348351863,0
1.760960960960961,-1.642323943479381,0,0.6088932722258364,0
1.768918918918919,-1.637751580481119,0,0.6105932132309295,0
1.776876876876877,-1.63324305848384,0,0.6122787387985673,0
1.784834834834835,-1.628797061695844,0,0.6139500269965101,0
1.792792792792793,-1.62441230998923,0,0.615607253066575,0
1.800750750750751,-1.620087557706271,0,0.6172505894778957,0
1.808708708708709,-1.615821592513203,0,0.61888020597907,0
1.816666666666667,-1.611613234299254,0,0.6204962696492192,0
1.824624624624624,-1.607461334118835,0,0.6220989449479801,0
1.832582582582583,-1.603364773174959,0,0.6236883937644552,0
1.84054054054054,-1.599322461842013,0,0.6252647754651391,0
1.848498498498498,-1.595333338726145,0,0.6268282469408485,0
1.856456456456456,-1.591396369761567,0,0.6283789626526711,0
1.864414414414414,-1.587510547341215,0,0.6299170746769613,0
1.872372372372372,-1.583674889480241,0,0.6314427327493953,0
1.88033033033033,-1.579888439010903,0,0.632956084308114,0
1.888288288288288,-1.576150262807505,0,0.6344572745359682,0
1.896246246246246,-1.572459451040077,0,0.6359464464018875,0
1.904204204204204,-1.568815116455571,0,0.6374237407013922,0
1.912162162162162,-1.565216393685399,0,0.6388892960962657,0
1.92012012012012,-1.5616624385782,0,0.6403432491534087,0
1.928078078078078,-1.558152427556768,0,0.641785734382888,0
1.936036036036036,-1.554685556998134,0,0.643216884275204,0
1.943993993993994,-1.551261042635841,0,0.6446368293377882,0
1.951951951951952,-1.547878118983482,0,0.6460456981307525,0
1.95990990990991,-1.544536038778649,0,0.6474436173019025,0
1.967867867867868,-1.541234072446427,0,0.6488307116210342,0
1.975825825825826,-1.53797150758167,0,0.6502071040135295,0
1.983783783783784,-1.534747648449276,0,0.6515729155932636,0
1.991741741741742,-1.53156181550175,0,0.6529282656948414,0
1.9996996996997,-1.528413344913353,0,0.6542732719051799,0
2.007657657657658,-1.5253015881302,0,0.6556080500944447,0
2.015615615615616,-1.522225911435635,0,0.6569327144463627,0
2.023573573573573,-1.519185695530333,0,0.6582473774879176,0
2.031531531531531,-1.516180335126512,0,0.659552150118448,0
2.039489489489489,-1.513209238555725,0,0.6608471416381549,0
2.047447447447448,-1.510271827389705,0,0.6621324597760396,0
2.055405405405405,-1.507367536073758,0,0.6634082107172754,0
2.063363363363363,-1.504495811572222,0,0.6646744991300337,0
2.071321321321321,-1.501656113025535,0,0.6659314281917721,0
2.079279279279279,-1.498847911418484,0,0.667179099614995,0
2.087237237237237,-1.496070689259178,0,0.6684176136725053,0
2.095195195195195,-1.493323940268392,0,0.6696470692221489,0
2.103153153153153,-1.490607169078854,0,0.6708675637310713,0
2.111111111111111,-1.487919890944134,0,0.6720791932994911,0
2.119069069069069,-1.485261631456756,0,0.6732820526840059,0
2.127027027027027,-1.482631926275225,0,0.6744762353204361,0
2.134984984984985,-1.48003032085961,0,0.6756618333462213,0
2.142942942942943,-1.477456370215397,0,0.6768389376223752,0
2.150900900900901,-1.474909638645307,0,0.6780076377550101,0
2.158858858858859,-1.47238969950878,0,0.6791680221164416,0
2.166816816816817,-1.46989613498887,0,0.6803201778658816,0
2.174774774774775,-1.467428535866272,0,0.6814641909697271,0
2.182732732732733,-1.464986501300236,0,0.6826001462214556,0
2.19069069069069,-1.462569638616126,0,0.6837281272611357,0
2.198648648648649,-1.460177563099379,0,0.6848482165945596,0
2.206606606606607,-1.45780989779566,0,0.6859604956120071,0
2.214564564564565,-1.455466273316977,0,0.6870650446066474,0
2.222522522522522,-1.453146327653574,0,0.6881619427925895,0
2.23048048048048,-1.450849705991368,0,0.6892512683225852,0
2.238438438438438,-1.448576060534785,0,0.6903330983053939,0
2.246396396396396,-1.44632505033477,0,0.6914075088228177,0
2.254354354354354,-1.444096341121821,0,0.6924745749464107,0
2.262312312312312,-1.441889605143864,0,0.6935343707538728,0
2.27027027027027,-1.439704521008818,0,0.6945869693451321,0
2.278228228228228,-1.437540773531681,0,0.6956324428581239,0
2.286186186186186,-1.435398053585993,0,0.6966708624842728,0
2.294144144144144,-1.433276057959535,0,0.6977022984836828,0
2.302102102102102,-1.431174489214112,0,0.698726820200045,0
2.31006006006006,-1.429093055549297,0,0.6997444960752625,0
2.318018018018018,-1.427031470670005,0,0.7007553936638062,0
2.325975975975976,-1.424989453657767,0,0.7017595796468018,0
2.333933933933934,-1.422966728845584,0,0.7027571198458546,0
2.341891891891892,-1.420963025696261,0,0.7037480792366201,0
2.34984984984985,-1.418978078684084,0,0.7047325219621215,0
2.357807807807808,-1.417011627179752,0,0.7057105113458235,0
2.365765765765766,-1.415063415338458,0,0.7066821099044651,0
2.373723723723724,-1.413133191991012,0,0.7076473793606571,0
2.381681681681682,-1.411220710537914,0,0.7086063806552492,0
2.38963963963964,-1.409325728846287,0,0.7095591739594703,0
2.397597597597597,-1.407448009149582,0,0.7105058186868496,0
2.405555555555555,-1.405587317949952,0,0.7114463735049197,0
2.413513513513514,-1.403743425923243,0,0.7123808963467091,0
2.421471471471472,-1.40191610782649,0,0.713309444422024,0
2.429429429429429,-1.400105142407861,0,0.7142320742285315,0
2.437387387387387,-1.398310312318966,0,0.7151488415626388,0
2.445345345345345,-1.396531404029463,0,0.7160598015301792,0
2.453303303303303,-1.394768207743888,0,0.7169650085569081,0
2.461261261261261,-1.39302051732064,0,0.7178645163988088,0
2.469219219219219,-1.391288130193066,0,0.7187583781522178,0
2.477177177177177,-1.38957084729257,0,0.7196466462637677,0
2.485135135135135,-1.387868472973695,0,0.7205293725401553,0
2.493093093093093,-1.386180814941119,0,0.7214066081577366,0
2.501051051051051,-1.3845076841785,0,0.7222784036719533,0
2.509009009009009,-1.382848894879126,0,0.7231448090265923,0
2.516966966966967,-1.381204264378312,0,0.7240058735628835,0
2.524924924924925,-1.379573613087493,0,0.7248616460284384,0
2.532882882882883,-1.377956764429961,0,0.7257121745860323,0
2.540840840840841,-1.376353544778209,0,0.7265575068222342,0
2.548798798798799,-1.374763783392823,0,0.7273976897558857,0
2.556756756756757,-1.37318731236288,0,0.7282327698464338,0
2.564714714714714,-1.37162396654782,0,0.72906279300212,0
2.572672672672673,-1.370073583520735,0,0.7298878045880269,0
2.580630630630631,-1.368536003513044,0,0.7307078494339873,0
2.588588588588589,-1.36701106936051,0,0.7315229718423579,0
2.596546546546546,-1.365498626450568,0,0.7323332155956588,0
2.604504504504504,-1.363998522670918,0,0.7331386239640837,0
2.612462462462462,-1.362510608359355,0,0.7339392397128812,0
2.62042042042042,-1.361034736254795,0,0.734735105109612,0
2.628378378378378,-1.359570761449477,0,0.7355262619312815,0
2.636336336336336,-1.358118541342287,0,0.7363127514713529,0
2.644294294294294,-1.356677935593194,0,0.7370946145466423,0
2.652252252252252,-1.355248806078758,0,0.7378718915040955,0
2.66021021021021,-1.353831016848674,0,0.738644622227455,0
2.668168168168168,-1.352424434083344,0,0.739412846143812,0
2.676126126126126,-1.351028926052429,0,0.7401766022300498,0
2.684084084084084,-1.349644363074357,0,0.7409359290191811,0
2.692042042042042,-1.348270617476782,0,0.7416908646065788,0
2.7,-1.346907563557934,0,0.7424414466561031,0
2.707957957957958,-1.345555077548874,0,0.7431877124061294,0
2.715915915915916,-1.344213037576595,0,0.7439296986754738,0
2.723873873873874,-1.342881323627974,0,0.7446674418692234,0
2.731831831831832,-1.341559817514532,0,0.7454009779844702,0
2.73978978978979,-1.340248402838003,0,0.7461303426159508,0
2.747747747747748,-1.338946964956662,0,0.7468555709615932,0
2.755705705705706,-1.337655390952419,0,0.7475766978279761,0
2.763663663663663,-1.336373569598647,0,0.7482937576356958,0
2.771621621621621,-1.335101391328722,0,0.7490067844246483,0
2.779579579579579,-1.33383874820526,0,0.7497158118592256,0
2.787537537537538,-1.332585533890044,0,0.7504208732334273,0
2.795495495495496,-1.331341643614599,0,0.7511220014758909,0
2.803453453453453,-1.330106974151422,0,0.7518192291548411,0
2.811411411411411,-1.328881423785838,0,0.7525125884829585,0
2.819369369369369,-1.327664892288468,0,0.7532021113221732,0
2.827327327327327,-1.3264572808883,0,0.7538878291883785,0
2.835285285285285,-1.325258492246333,0,0.7545697732560727,0
2.843243243243243,-1.324068430429794,0,0.7552479743629252,0
2.851201201201201,-1.322887000886915,0,0.7559224630142716,0
2.859159159159159,-1.321714110422238,0,0.7565932693875362,0
2.867117117117117,-1.320549667172452,0,0.7572604233365872,0
2.875075075075075,-1.319393580582747,0,0.7579239543960207,0
2.883033033033033,-1.318245761383663,0,0.7585838917853798,0
2.890990990990991,-1.317106121568431,0,0.7592402644133064,0
2.898948948948949,-1.315974574370789,0,0.7598931008816283,0
2.906906906906907,-1.314851034243263,0,0.7605424294893836,0
2.914864864864865,-1.313735416835902,0,0.7611882782367808,0
2.922822822822823,-1.312627638975456,0,0.7618306748290999,0
2.930780780780781,-1.311527618644986,0,0.7624696466805305,0
2.938738738738738,-1.310435274963893,0,0.7631052209179532,0
2.946696696696697,-1.309350528168361,0,0.7637374243846612,0
2.954654654654655,-1.308273299592205,0,0.7643662836440249,0
2.962612612612613,-1.307203511648102,0,0.7649918249831013,0
2.97057057057057,-1.306141087809209,0,0.7656140744161876,0
2.978528528528528,-1.305085952591163,0,0.7662330576883197,0
2.986486486486486,-1.304038031534428,0,0.7668488002787203,0
2.994444444444444,-1.302997251187018,0,0.7674613274041904,0
3.002402402402402,-1.301963539087551,0,0.7680706640224546,0
3.01036036036036,-1.300936823748655,0,0.7686768348354502,0
3.018318318318318,-1.299917034640698,0,0.7692798642925729,0
3.026276276276276,-1.298904102175849,0,0.7698797765938671,0
3.034234234234234,-1.297897957692447,0,0.7704765956931744,0
3.042192192192192,-1.296898533439687,0,0.7710703453012311,0
3.05015015015015,-1.295905762562608,0,0.7716610488887208,0
3.058108108108108,-1.29491957908737,0,0.7722487296892814,0
3.066066066066066,-1.293939917906822,0,0.7728334107024672,0
3.074024024024024,-1.292966714766362,0,0.773415114696668,0
3.081981981981982,-1.291999906250055,0,0.7739938642119832,0
3.08993993993994,-1.291039429767033,0,0.7745696815630556,0
3.097897897897898,-1.290085223538159,0,0.7751425888418613,0
3.105855855855856,-1.289137226582937,0,0.7757126079204608,0
3.113813813813814,-1.288195378706686,0,0.7762797604537079,0
3.121771771771772,-1.287259620487955,0,0.7768440678819206,0
3.12972972972973,-1.286329893266175,0,0.7774055514335111,0
3.137687687687687,-1.285406139129554,0,0.7779642321275796,0
3.145645645645645,-1.284488300903196,0,0.7785201307764683,0
3.153603603603603,-1.283576322137448,0,0.7790732679882808,0
3.161561561561562,-1.282670147096462,0,0.7796236641693634,0
3.16951951951952,-1.281769720746982,0,0.7801713395267493,0
3.177477477477477,-1.280874988747329,0,0.7807163140705722,0
3.185435435435435,-1.279985897436604,0,0.7812586076164394,0
3.193393393393393,-1.279102393824084,0,0.7817982397877762,0
3.201351351351351,-1.278224425578819,0,0.7823352300181321,0
3.209309309309309,-1.277351941019418,0,0.782869597553458,0
3.217267267267267,-1.276484889104029,0,0.7834013614543488,0
3.225225225225225,-1.275623219420502,0,0.7839305405982544,0
3.233183183183183,-1.274766882176728,0,0.7844571536816599,0
3.241141141141141,-1.273915828191162,0,0.7849812192222341,0
3.249099099099099,-1.273070008883511,0,0.7855027555609494,0
3.257057057057057,-1.272229376265602,0,0.7860217808641696,0
3.265015015015015,-1.271393882932405,0,0.7865383131257098,0
3.272972972972973,-1.270563482053225,0,0.7870523701688675,0
3.280930930930931,-1.26973812736305,0,0.7875639696484243,0
3.288888888888889,-1.268917773154055,0,0.7880731290526207,0
3.296846846846847,-1.268102374267263,0,0.7885798657051023,0
3.304804804804805,-1.267291886084345,0,0.7890841967668407,0
3.312762762762762,-1.266486264519576,0,0.789586139238025,0
3.320720720720721,-1.265685466011928,0,0.790085709959931,0
3.328678678678679,-1.264889447517308,0,0.7905829256167598,0
3.336636636636637,-1.264098166500927,0,0.7910778027374561,0
3.344594594594594,-1.263311580929809,0,0.7915703576974974,0
3.352552552552552,-1.262529649265431,0,0.7920606067206608,0
3.36051051051051,-1.261752330456484,0,0.7925485658807655,0
3.368468468468468,-1.260979583931775,0,0.7930342511033903,0
3.376426426426426,-1.26021136959324,0,0.7935176781675694,0
3.384384384384384,-1.25944764780908,0,0.7939988627074636,0
3.392342342342342,-1.258688379407027,0,0.7944778202140104,0
3.4003003003003,-1.257933525667709,0,0.7949545660365493,0
3.408258258258258,-1.257183048318143,0,0.7954291153844285,0
3.416216216216216,-1.256436909525337,0,0.7959014833285861,0
3.424174174174174,-1.255695071889991,0,0.7963716848031143,0
3.432132132132132,-1.254957498440325,0,0.7968397346067984,0
3.44009009009009,-1.254224152625992,0,0.7973056474046379,0
3.448048048048048,-1.253494998312109,0,0.7977694377293472,0
3.456006006006006,-1.25276999977338,0,0.7982311199828339,0
3.463963963963964,-1.252049121688326,0,0.7986907084376608,0
3.471921921921922,-1.251332329133603,0,0.7991482172384852,0
3.47987987987988,-1.250619587578423,0,0.7996036604034821,0
3.487837837837838,-1.249910862879065,0,0.8000570518257465,0
3.495795795795796,-1.249206121273482,0,0.8005084052746775,0
3.503753753753754,-1.248505329375985,0,0.800957734397345,0
3.511711711711711,-1.247808454172036,0,0.8014050527198378,0
3.519669669669669,-1.247115463013108,0,0.8018503736485941,0
3.527627627627627,-1.246426323611639,0,0.8022937104717149,0
3.535585585585586,-1.245741004036069,0,0.8027350763602596,0
3.543543543543544,-1.245059472705957,0,0.8031744843695252,0
3.551501501501501,-1.244381698387179,0,0.8036119474403087,0
3.559459459459459,-1.243707650187202,0,0.8040474784001534,0
3.567417417417417,-1.243037297550437,0,0.8044810899645789,0
3.575375375375375,-1.242370610253668,0,0.8049127947382941,0
3.583333333333333,-1.241707558401555,0,0.8053426052163971,0
3.591291291291291,-1.241048112422208,0,0.8057705337855566,0
3.599249249249249,-1.240392243062832,0,0.806196592725181,0
3.607207207207207,-1.239739921385448,0,0.8066207942085697,0
3.615165165165165,-1.239091118762673,0,0.8070431503040519,0
3.623123123123123,-1.238445806873575,0,0.8074636729761109,0
3.631081081081081,-1.237803957699591,0,0.8078823740864909,0
3.639039039039039,-1.237165543520512,0,0.8082992653952942,0
3.646996996996997,-1.23653053691053,0,0.8087143585620611,0
3.654954954954955,-1.235898910734343,0,0.8091276651468383,0
3.662912912912913,-1.235270638143337,0,0.8095391966112315,0
3.670870870870871,-1.234645692571805,0,0.8099489643194473,0
3.678828828828829,-1.234024047733247,0,0.81035697953932,0
3.686786786786787,-1.233405677616718,0,0.8107632534433259,0
3.694744744744745,-1.232790556483226,0,0.8111677971095865,0
3.702702702702703,-1.232178658862206,0,0.8115706215228563,0
3.710660660660661,-1.231569959548025,0,0.8119717375755012,0
3.718618618618618,-1.230964433596564,0,0.8123711560684616,0
3.726576576576576,-1.230362056321833,0,0.812768887712207,0
3.734534534534534,-1.229762803292651,0,0.8131649431276758,0
3.742492492492492,-1.229166650329375,0,0.8135593328472052,0
3.75045045045045,-1.228573573500672,0,0.8139520673154484,0
3.758408408408408,-1.227983549120353,0,0.8143431568902815,0
3.766366366366366,-1.22739655374424,0,0.8147326118436991,0
3.774324324324324,-1.226812564167098,0,0.8151204423626977,0
3.782282282282282,-1.226231557419594,0,0.8155066585501504,0
3.79024024024024,-1.225653510765323,0,0.8158912704256683,0
3.798198198198198,-1.225078401697861,0,0.816274287926454,0
3.806156156156156,-1.224506207937874,0,0.8166557209081422,0
3.814114114114114,-1.223936907430264,0,0.8170355791456323,0
3.822072072072072,-1.223370478341363,0,0.8174138723339092,0
3.83003003003003,-1.222806899056162,0,0.8177906100888553,0
3.837987987987988,-1.222246148175592,0,0.8181658019480516,0
3.845945945945946,-1.221688204513832,0,0.81853945737157,0
3.853903903903904,-1.221133047095672,0,0.818911585742756,0
3.861861861861862,-1.220580655153898,0,0.8192821963690013,0
3.86981981981982,-1.220031008126733,0,0.8196512984825078,0
3.877777777777778,-1.219484085655305,0,0.8200189012410419,0
3.885735735735735,-1.218939867581153,0,0.8203850137286806,0
3.893693693693693,-1.218398333943772,0,0.8207496449565475,0
3.901651651651652,-1.217859464978198,0,0.8211128038635408,0
3.90960960960961,-1.217323241112617,0,0.8214744993170536,0
3.917567567567567,-1.21678964296602,0,0.8218347401136827,0
3.925525525525525,-1.216258651345887,0,0.8221935349799325,0
3.933483483483483,-1.215730247245904,0,0.8225508925729077,0
3.941441441441441,-1.215204411843715,0,0.8229068214810003,0
3.949399399399399,-1.214681126498707,0,0.8232613302245658,0
3.957357357357357,-1.214160372749824,0,0.8236144272565947,0
3.965315315315315,-1.213642132313414,0,0.8239661209633729,0
3.973273273273273,-1.213126387081107,0,0.824316419665136,0
3.981231231231231,-1.212613119117726,0,0.8246653316167164,0
3.989189189189189,-1.21210231065922,0,0.8250128650081817,0
3.997147147147147,-1.211593944110636,0,0.8253590279654662,0
4.005105105105105,-1.211088002044114,0,0.8257038285509951,0
4.013063063063063,-1.210584467196908,0,0.8260472747643015,0
4.021021021021021,-1.210083322469446,0,0.8263893745426356,0
4.028978978978979,-1.209584550923402,0,0.8267301357615682,0
4.036936936936937,-1.20908813577981,0,0.8270695662355855,0
4.044894894894895,-1.208594060417191,0,0.8274076737186786,0
4.052852852852853,-1.208102308369718,0,0.8277444659049253,0
4.060810810810811,-1.207612863325401,0,0.8280799504290658,0
4.068768768768769,-1.207125709124292,0,0.8284141348670709,0
4.076726726726727,-1.206640829756729,0,0.8287470267367051,0
4.084684684684685,-1.20615820936159,0,0.8290786334980816,0
4.092642642642643,-1.205677832224579,0,0.8294089625542128,0
4.1006006006006,-1.205199682776534,0,0.8297380212515526,0
4.108558558558559,-1.204723745591758,0,0.8300658168805346,0
4.116516516516517,-1.204250005386374,0,0.8303923566761022,0
4.124474474474475,-1.2037784470167,0,0.8307176478182342,0
4.132432432432433,-1.203309055477649,0,0.8310416974324636,0
4.14039039039039,-1.202841815901149,0,0.8313645125903913,0
4.148348348348349,-1.202376713554586,0,0.8316861003101933,0
4.156306306306306,-1.201913733839268,0,0.832006467557122,0
4.164264264264264,-1.201452862288906,0,0.8323256212440037,0
4.172222222222222,-1.200994084568124,0,0.8326435682317275,0
4.18018018018018,-1.20053738647098,0,0.8329603153297319,0
4.188138138138139,-1.200082753919512,0,0.8332758692964839,0
4.196096096096096,-1.199630172962302,0,0.8335902368399535,0
4.204054054054054,-1.199179629773061,0,0.8339034246180824,0
4.212012012012012,-1.19873111064923,0,0.8342154392392491,0
4.21996996996997,-1.198284602010601,0,0.8345262872627259,0
4.227927927927928,-1.19784009039796,0,0.8348359751991343,0
4.235885885885886,-1.19739756247174,0,0.835144509510893,0
4.243843843843844,-1.1969570050107,0,0.8354518966126615,0
4.251801801801802,-1.196518404910616,0,0.8357581428717792,0
4.25975975975976,-1.196081749182993,0,0.8360632546087,0
4.267717717717717,-1.195647024953791,0,0.8363672380974205,0
4.275675675675676,-1.19521421946217,0,0.8366700995659058,0
4.283633633633634,-1.194783320059248,0,0.8369718451965087,0
4.291591591591592,-1.194354314206884,0,0.8372724811263855,0
4.29954954954955,-1.19392718947646,0,0.8375720134479072,0
4.307507507507507,-1.193501933547703,0,0.8378704482090651,0
4.315465465465466,-1.193078534207498,0,0.8381677914138737,0
4.323423423423423,-1.19265697934873,0,0.8384640490227681,0
4.331381381381382,-1.192237256969143,0,0.8387592269529973,0
4.33933933933934,-1.191819355170202,0,0.8390533310790134,0
4.347297297297297,-1.191403262155983,0,0.8393463672328572,0
4.355255255255256,-1.190988966232067,0,0.8396383412045378,0
4.363213213213213,-1.190576455804452,0,0.8399292587424105,0
4.371171171171171,-1.190165719378483,0,0.8402191255535492,0
4.379129129129129,-1.189756745557787,0,0.840507947304115,0
4.387087087087087,-1.18934952304323,0,0.8407957296197208,0
4.395045045045046,-1.188944040631883,0,0.8410824780857933,0
4.403003003003003,-1.188540287215998,0,0.8413681982479286,0
4.410960960960961,-1.188138251782008,0,0.8416528956122468,0
4.418918918918919,-1.187737923409526,0,0.841936575645741,0
4.426876876876877,-1.187339291270367,0,0.8422192437766227,0
4.434834834834835,-1.186942344627576,0,0.8425009053946655,0
4.442792792792793,-1.186547072834472,0,0.842781565851542,0
4.450750750750751,-1.186153465333702,0,0.84306123046116,0
4.458708708708709,-1.185761511656309,0,0.8433399044999937,0
4.466666666666667,-1.185371201420808,0,0.8436175932074115,0
4.474624624624624,-1.184982524332277,0,0.8438943017860012,0
4.482582582582583,-1.184595470181457,0,0.8441700354018907,0
4.490540540540541,-1.184210028843866,0,0.8444447991850662,0
4.498498498498499,-1.18382619027892,0,0.8447185982296868,0
4.506456456456457,-1.183443944529069,0,0.8449914375943954,0
4.514414414414414,-1.183063281718939,0,0.8452633223026275,0
4.522372372372373,-1.182684192054491,0,0.8455342573429152,0
4.53033033033033,-1.182306665822183,0,0.8458042476691899,0
4.538288288288288,-1.181930693388148,0,0.8460732982010802,0
4.546246246246247,-1.181556265197379,0,0.8463414138242078,0
4.554204204204204,-1.181183371772925,0,0.8466085993904792,0
4.562162162162163,-1.180812003715099,0,0.8468748597183769,0
4.57012012012012,-1.180442151700688,0,0.8471401995932443,0
4.578078078078078,-1.180073806482185,0,0.8474046237675696,0
4.586036036036036,-1.179706958887016,0,0.847668136961268,0
4.593993993993994,-1.179341599816789,0,0.8479307438619568,0
4.601951951951953,-1.178977720246544,0,0.8481924491252332,0
4.60990990990991,-1.178615311224016,0,0.8484532573749439,0
4.617867867867868,-1.178254363868905,0,0.8487131732034575,0
4.625825825825826,-1.177894869372156,0,0.848972201171928,0
4.633783783783784,-1.177536818995245,0,0.849230345810561,0
4.641741741741741,-1.177180204069477,0,0.8494876116188751,0
4.6496996996997,-1.176825015995292,0,0.8497440030659587,0
4.657657657657658,-1.176471246241575,0,0.8499995245907281,0
4.665615615615616,-1.17611888634498,0,0.8502541806021803,0
4.673573573573574,-1.17576792790926,0,0.8505079754796434,0
4.681531531531531,-1.1754183626046,0,0.8507609135730259,0
4.68948948948949,-1.175070182166968,0,0.8510129992030625,0
4.697447447447447,-1.17472337839746,0,0.8512642366615575,0
4.705405405405406,-1.174377943161671,0,0.8515146302116254,0
4.713363363363364,-1.174033868389055,0,0.8517641840879305,0
4.721321321321321,-1.173691146072299,0,0.8520129024969231,0
4.72927927927928,-1.173349768266715,0,0.8522607896170726,0
4.737237237237237,-1.173009727089621,0,0.8525078495991001,0
4.745195195195195,-1.172671014719741,0,0.8527540865662072,0
4.753153153153153,-1.17233362339661,0,0.8529995046143035,0
4.761111111111111,-1.171997545419985,0,0.8532441078122311,0
4.76906906906907,-1.17166277314926,0,0.8534879002019877,0
4.777027027027027,-1.171329299002895,0,0.8537308857989464,0
4.784984984984985,-1.170997115457841,0,0.8539730685920746,0
4.792942942942943,-1.170666215048984,0,0.85421445254415,0
4.800900900900901,-1.170336590368587,0,0.8544550415919744,0
4.808858858858859,-1.170008234065737,0,0.8546948396465861,0
4.816816816816817,-1.169681138845807,0,0.8549338505934693,0
4.824774774774775,-1.169355297469917,0,0.8551720782927622,0
4.832732732732733,-1.169030702754402,0,0.8554095265794631,0
4.840690690690691,-1.168707347570289,0,0.8556461992636334,0
4.848648648648648,-1.168385224842778,0,0.8558821001306002,0
4.856606606606607,-1.168064327550726,0,0.856117232941156,0
4.864564564564565,-1.167744648726146,0,0.8563516014317571,0
4.872522522522523,-1.167426181453699,0,0.8565852093147187,0
4.880480480480481,-1.167108918870205,0,0.8568180602784091,0
4.888438438438438,-1.166792854164144,0,0.8570501579874436,0
4.896396396396397,-1.166477980575182,0,0.857281506082873,0
4.904354354354354,-1.166164291393682,0,0.8575121081823734,0
4.912312312312312,-1.165851779960238,0,0.8577419678804331,0
4.920270270270271,-1.1655404396652,0,0.8579710887485366,0
4.928228228228228,-1.165230263948218,0,0.8581994743353486,0
4.936186186186187,-1.164921246297775,0,0.8584271281668959,0
4.944144144144144,-1.164613380250741,0,0.8586540537467467,0
4.952102102102102,-1.164306659391923,0,0.8588802545561884,0
4.96006006006006,-1.16400107735362,0,0.8591057340544052,0
4.968018018018018,-1.163696627815188,0,0.8593304956786512,0
4.975975975975977,-1.163393304502604,0,0.8595545428444247,0
4.983933933933934,-1.163091101188039,0,0.8597778789456394,0
4.991891891891892,-1.162790011689434,0,0.8600005073547942,0
4.99984984984985,-1.16249002987008,0,0.8602224314231414,0
5.007807807807808,-1.162191149638204,0,0.8604436544808531,0
5.015765765765765,-1.161893364946559,0,0.8606641798371869,0
5.023723723723724,-1.161596669792021,0,0.860884010780649,0
5.031681681681682,-1.161301058215179,0,0.8611031505791569,0
5.03963963963964,-1.161006524299952,0,0.8613216024801984,0
5.047597597597598,-1.160713062173183,0,0.8615393697109923,0
5.055555555555555,-1.16042066600426,0,0.8617564554786453,0
5.063513513513514,-1.160129330004727,0,0.861972862970308,0
5.071471471471471,-1.159839048427908,0,0.8621885953533293,0
5.07942942942943,-1.159549815568526,0,0.8624036557754104,0
5.087387387387388,-1.159261625762338,0,0.8626180473647558,0
5.095345345345345,-1.15897447338576,0,0.8628317732302235,0
5.103303303303304,-1.15868835285551,0,0.8630448364614753,0
5.111261261261261,-1.158403258628243,0,0.8632572401291231,0
5.119219219219219,-1.158119185200197,0,0.8634689872848759,0
5.127177177177177,-1.157836127106842,0,0.8636800809616839,0
5.135135135135135,-1.157554078922528,0,0.8638905241738835,0
5.143093093093094,-1.157273035260145,0,0.8641003199173382,0
5.151051051051051,-1.156992990770776,0,0.86430947116958,0
5.159009009009009,-1.156713940143365,0,0.8645179808899499,0
5.166966966966967,-1.15643587810438,0,0.864725852019735,0
5.174924924924925,-1.156158799417483,0,0.8649330874823064,0
5.182882882882883,-1.155882698883204,0,0.8651396901832554,0
5.190840840840841,-1.155607571338616,0,0.8653456630105276,0
5.198798798798799,-1.155333411657016,0,0.8655510088345566,0
5.206756756756757,-1.155060214747608,0,0.8657557305083962,0
5.214714714714715,-1.154787975555189,0,0.8659598308678511,0
5.222672672672672,-1.154516689059841,0,0.8661633127316083,0
5.230630630630631,-1.15424635027662,0,0.8663661789013637,0
5.238588588588589,-1.153976954255256,0,0.8665684321619508,0
5.246546546546547,-1.15370849607985,0,0.8667700752814673,0
5.254504504504505,-1.153440970868579,0,0.8669711110114,0
5.262462462462462,-1.1531743737734,0,0.8671715420867486,0
5.270420420420421,-1.152908699979758,0,0.8673713712261497,0
5.278378378378378,-1.152643944706298,0,0.8675706011319979,0
5.286336336336336,-1.152380103204581,0,0.8677692344905669,0
5.294294294294295,-1.152117170758802,0,0.8679672739721296,0
5.302252252252252,-1.151855142685507,0,0.868164722231076,0
5.310210210210211,-1.15159401433332,0,0.8683615819060326,0
5.318168168168168,-1.151333781082666,0,0.8685578556199766,0
5.326126126126126,-1.151074438345504,0,0.8687535459803534,0
5.334084084084084,-1.150815981565054,0,0.8689486555791905,0
5.342042042042042,-1.150558406215535,0,0.8691431869932111,0
5.350000000000001,-1.150301707801902,0,0.8693371427839467,0
5.357957957957958,-1.150045881859584,0,0.8695305254978483,0
5.365915915915916,-1.149790923954225,0,0.8697233376663978,0
5.373873873873874,-1.149536829681436,0,0.8699155818062168,0
5.381831831831832,-1.149283594666533,0,0.8701072604191759,0
5.38978978978979,-1.149031214564297,0,0.8702983759925019,0
5.397747747747748,-1.148779685058719,0,0.8704889309988852,0
5.405705705705706,-1.148529001862757,0,0.8706789278965847,0
5.413663663663664,-1.148279160718098,0,0.8708683691295338,0
5.421621621621622,-1.148030157394913,0,0.8710572571274434,0
5.429579579579579,-1.14778198769162,0,0.8712455943059061,0
5.437537537537538,-1.147534647434653,0,0.871433383066497,0
5.445495495495495,-1.147288132478225,0,0.8716206257968764,0
5.453453453453454,-1.147042438704097,0,0.8718073248708895,0
5.461411411411412,-1.146797562021354,0,0.8719934826486663,0
5.469369369369369,-1.146553498366174,0,0.87217910147672,0
5.477327327327328,-1.146310243701611,0,0.8723641836880452,0
5.485285285285285,-1.146067794017365,0,0.8725487316022146,0
5.493243243243243,-1.14582614532957,0,0.8727327475254756,0
5.501201201201201,-1.145585293680571,0,0.8729162337508453,0
5.509159159159159,-1.145345235138715,0,0.8730991925582057,0
5.517117117117118,-1.145105965798133,0,0.873281626214396,0
5.525075075075075,-1.144867481778531,0,0.8734635369733077,0
5.533033033033033,-1.144629779224984,0,0.8736449270759745,0
5.540990990990991,-1.144392854307723,0,0.8738257987506658,0
5.548948948948949,-1.144156703221935,0,0.8740061542129755,0
5.556906906906907,-1.143921322187561,0,0.8741859956659127,0
5.564864864864865,-1.143686707449091,0,0.8743653252999911,0
5.572822822822823,-1.143452855275369,0,0.8745441452933166,0
5.580780780780781,-1.143219761959395,0,0.8747224578116748,0
5.588738738738739,-1.14298742381813,0,0.8749002650086187,0
5.596696696696696,-1.1427558371923,0,0.875077569025554,0
5.604654654654655,-1.142524998446212,0,0.8752543719918248,0
5.612612612612613,-1.142294903967557,0,0.8754306760247982,0
5.620570570570571,-1.142065550167225,0,0.8756064832299482,0
5.628528528528529,-1.141836933479124,0,0.8757817957009386,0
5.636486486486486,-1.141609050359986,0,0.8759566155197068,0
5.644444444444445,-1.141381897289196,0,0.8761309447565442,0
5.652402402402402,-1.141155470768603,0,0.8763047854701774,0
5.66036036036036,-1.140929767322346,0,0.8764781397078502,0
5.668318318318319,-1.140704783496673,0,0.8766510095054021,0
5.676276276276276,-1.140480515859772,0,0.8768233968873476,0
5.684234234234235,-1.14025696100159,0,0.876995303866955,0
5.692192192192192,-1.140034115533665,0,0.8771667324463243,0
5.70015015015015,-1.139811976088955,0,0.8773376846164638,0
5.708108108108108,-1.13959053932167,0,0.8775081623573678,0
5.716066066066066,-1.139369801907101,0,0.8776781676380914,0
5.724024024024025,-1.139149760541462,0,0.8778477024168264,0
5.731981981981982,-1.138930411941715,0,0.878016768640976,0
5.73993993993994,-1.138711752845418,0,0.8781853682472281,0
5.747897897897898,-1.138493780010558,0,0.8783535031616305,0
5.755855855855856,-1.138276490215392,0,0.8785211752996613,0
5.763813813813814,-1.138059880258292,0,0.8786883865663039,0
5.771771771771772,-1.137843946957585,0,0.8788551388561163,0
5.77972972972973,-1.137628687151399,0,0.8790214340533036,0
5.787687687687688,-1.137414097697511,0,0.8791872740317879,0
5.795645645645646,-1.137200175473191,0,0.8793526606552786,0
5.803603603603603,-1.136986917375056,0,0.8795175957773417,0
5.811561561561562,-1.136774320318917,0,0.8796820812414682,0
5.81951951951952,-1.136562381239632,0,0.8798461188811429,0
5.827477477477477,-1.13635109709096,0,0.8800097105199115,0
5.835435435435436,-1.136140464845416,0,0.8801728579714486,0
5.843393393393393,-1.135930481494124,0,0.8803355630396233,0
5.851351351351352,-1.135721144046678,0,0.880497827518566,0
5.859309309309309,-1.135512449530998,0,0.8806596531927333,0
5.867267267267267,-1.135304394993193,0,0.8808210418369743,0
5.875225225225226,-1.135096977497419,0,0.8809819952165928,0
5.883183183183183,-1.134890194125743,0,0.8811425150874137,0
5.891141141141142,-1.134684041978006,0,0.8813026031958451,0
5.899099099099099,-1.13447851817169,0,0.881462261278941,0
5.907057057057057,-1.134273619841782,0,0.8816214910644651,0
5.915015015015015,-1.134069344140642,0,0.8817802942709514,0
5.922972972972973,-1.133865688237873,0,0.8819386726077656,0
5.930930930930931,-1.133662649320187,0,0.8820966277751681,0
5.938888888888889,-1.133460224591283,0,0.8822541614643711,0
5.946846846846847,-1.133258411271711,0,0.8824112753576019,0
5.954804804804805,-1.133057206598751,0,0.8825679711281602,0
5.962762762762763,-1.132856607826285,0,0.8827242504404783,0
5.97072072072072,-1.132656612224673,0,0.882880114950179,0
5.978678678678679,-1.132457217080632,0,0.8830355663041342,0
5.986636636636637,-1.132258419697109,0,0.8831906061405222,0
5.994594594594595,-1.132060217393165,0,0.8833452360888852,0
6.002552552552553,-1.13186260750385,0,0.8834994577701856,0
6.01051051051051,-1.131665587380089,0,0.883653272796863,0
6.018468468468469,-1.131469154388561,0,0.8838066827728894,0
6.026426426426426,-1.131273305911581,0,0.8839596892938252,0
6.034384384384384,-1.131078039346991,0,0.8841122939468733,0
6.042342342342343,-1.130883352108035,0,0.8842644983109346,0
6.0503003003003,-1.130689241623255,0,0.884416303956662,0
6.058258258258259,-1.130495705336369,0,0.8845677124465134,0
6.066216216216216,-1.13030274070617,0,0.8847187253348058,0
6.074174174174174,-1.130110345206403,0,0.8848693441677679,0
6.082132132132132,-1.129918516325668,0,0.8850195704835918,0
6.09009009009009,-1.129727251567299,0,0.8851694058124869,0
6.098048048048049,-1.129536548449265,0,0.8853188516767295,0
6.106006006006006,-1.129346404504059,0,0.8854679095907155,0
6.113963963963964,-1.129156817278594,0,0.8856165810610104,0
6.121921921921922,-1.128967784334093,0,0.8857648675864006,0
6.12987987987988,-1.128779303245994,0,0.8859127706579424,0
6.137837837837838,-1.128591371603837,0,0.8860602917590125,0
6.145795795795796,-1.128403987011169,0,0.8862074323653572,0
6.153753753753754,-1.128217147085438,0,0.8863541939451411,0
6.161711711711712,-1.128030849457894,0,0.886500577958996,0
6.16966966966967,-1.127845091773489,0,0.8866465858600685,0
6.177627627627627,-1.127659871690781,0,0.8867922190940684,0
6.185585585585586,-1.12747518688183,0,0.8869374790993158,0
6.193543543543544,-1.127291035032106,0,0.8870823673067881,0
6.201501501501501,-1.127107413840391,0,0.8872268851401678,0
6.20945945945946,-1.126924321018683,0,0.8873710340158868,0
6.217417417417417,-1.126741754292103,0,0.8875148153431744,0
6.225375375375376,-1.126559711398798,0,0.887658230524102,0
6.233333333333333,-1.126378190089852,0,0.8878012809536286,0
6.241291291291291,-1.126197188129189,0,0.8879439680196458,0
6.24924924924925,-1.126016703293489,0,0.8880862931030222,0
6.257207207207207,-1.125836733372086,0,0.8882282575776485,0
6.265165165165166,-1.125657276166891,0,0.88836986281048,0
6.273123123123123,-1.125478329492293,0,0.8885111101615822,0
6.281081081081081,-1.125299891175073,0,0.8886520009841722,0
6.289039039039039,-1.125121959054321,0,0.8887925366246627,0
6.296996996996997,-1.124944530981343,0,0.888932718422705,0
6.304954954954955,-1.124767604819578,0,0.8890725477112302,0
6.312912912912913,-1.124591178444512,0,0.8892120258164918,0
6.320870870870871,-1.124415249743593,0,0.8893511540581079,0
6.328828828828829,-1.124239816616148,0,0.889489933749102,0
6.336786786786787,-1.124064876973298,0,0.8896283661959439,0
6.344744744744744,-1.123890428737877,0,0.8897664526985911,0
6.352702702702703,-1.12371646984435,0,0.8899041945505289,0
6.360660660660661,-1.123542998238729,0,0.8900415930388109,0
6.368618618618619,-1.123370011878496,0,0.8901786494440977,0
6.376576576576577,-1.123197508732523,0,0.890315365040699,0
6.384534534534534,-1.12302548678099,0,0.8904517410966095,0
6.392492492492493,-1.122853944015308,0,0.890587778873551,0
6.40045045045045,-1.122682878438043,0,0.8907234796270093,0
6.408408408408408,-1.122512288062834,0,0.8908588446062732,0
6.416366366366367,-1.122342170914321,0,0.8909938750544724,0
6.424324324324324,-1.122172525028069,0,0.8911285722086156,0
6.432282282282283,-1.122003348450488,0,0.891262937299628,0
6.44024024024024,-1.121834639238763,0,0.8913969715523891,0
6.448198198198198,-1.121666395460778,0,0.891530676185768,0
6.456156156156156,-1.121498615195042,0,0.8916640524126624,0
6.464114114114114,-1.121331296530618,0,0.8917971014400339,0
6.472072072072072,-1.121164437567048,0,0.8919298244689441,0
6.48003003003003,-1.120998036414286,0,0.8920622226945911,0
6.487987987987988,-1.120832091192619,0,0.892194297306345,0
6.495945945945946,-1.120666600032606,0,0.8923260494877827,0
6.503903903903904,-1.120501561074999,0,0.8924574804167246,0
6.511861861861862,-1.120336972470681,0,0.8925885912652677,0
6.51981981981982,-1.120172832380593,0,0.8927193831998216,0
6.527777777777778,-1.120009138975667,0,0.8928498573811421,0
6.535735735735736,-1.119845890436758,0,0.8929800149643664,0
6.543693693693694,-1.119683084954576,0,0.8931098570990458,0
6.551651651651651,-1.119520720729622,0,0.8932393849291799,0
6.55960960960961,-1.119358795972121,0,0.8933685995932502,0
6.567567567567568,-1.119197308901952,0,0.8934975022242534,0
6.575525525525525,-1.119036257748591,0,0.8936260939497334,0
6.583483483483484,-1.118875640751039,0,0.8937543758918154,0
6.591441441441441,-1.118715456157765,0,0.8938823491672373,0
6.5993993993994,-1.118555702226634,0,0.8940100148873825,0
6.607357357357357,-1.118396377224854,0,0.8941373741583118,0
6.615315315315315,-1.118237479428905,0,0.8942644280807951,0
6.623273273273274,-1.118079007124483,0,0.8943911777503425,0
6.631231231231231,-1.117920958606434,0,0.8945176242572369,0
6.63918918918919,-1.117763332178696,0,0.894643768686564,0
6.647147147147147,-1.117606126154238,0,0.8947696121182432,0
6.655105105105105,-1.117449338855,0,0.8948951556270593,0
6.663063063063063,-1.117292968611833,0,0.8950204002826919,0
6.671021021021021,-1.11713701376444,0,0.8951453471497458,0
6.678978978978979,-1.116981472661318,0,0.8952699972877812,0
6.686936936936937,-1.116826343659699,0,0.895394351751344,0
6.694894894894895,-1.116671625125494,0,0.8955184115899941,0
6.702852852852853,-1.116517315433234,0,0.8956421778483368,0
6.710810810810811,-1.116363412966014,0,0.8957656515660494,0
6.718768768768768,-1.116209916115436,0,0.8958888337779126,0
6.726726726726727,-1.116056823281557,0,0.8960117255138376,0
6.734684684684685,-1.115904132872827,0,0.8961343277988956,0
6.742642642642643,-1.115751843306038,0,0.896256641653346,0
6.750600600600601,-1.115599953006272,0,0.8963786680926638,0
6.758558558558558,-1.115448460406839,0,0.896500408127569,0
6.766516516516517,-1.115297363949234,0,0.8966218627640532,0
6.774474474474474,-1.115146662083073,0,0.8967430330034072,0
6.782432432432432,-1.114996353266047,0,0.8968639198422493,0
6.790390390390391,-1.114846435963868,0,0.8969845242725519,0
6.798348348348348,-1.114696908650216,0,0.8971048472816683,0
6.806306306306307,-1.114547769806689,0,0.8972248898523597,0
6.814264264264264,-1.11439901792275,0,0.8973446529628225,0
6.822222222222222,-1.114250651495676,0,0.8974641375867133,0
6.83018018018018,-1.11410266903051,0,0.8975833446931766,0
6.838138138138138,-1.113955069040008,0,0.8977022752468702,0
6.846096096096096,-1.113807850044594,0,0.8978209302079913,0
6.854054054054054,-1.113661010572303,0,0.8979393105323019,0
6.862012012012012,-1.113514549158739,0,0.8980574171711546,0
6.86996996996997,-1.113368464347025,0,0.8981752510715183,0
6.877927927927928,-1.113222754687752,0,0.8982928131760025,0
6.885885885885886,-1.113077418738935,0,0.8984101044228833,0
6.893843843843844,-1.112932455065962,0,0.8985271257461277,0
6.901801801801802,-1.112787862241549,0,0.8986438780754185,0
6.90975975975976,-1.112643638845694,0,0.8987603623361783,0
6.917717717717718,-1.11249978346563,0,0.8988765794495945,0
6.925675675675675,-1.112356294695776,0,0.8989925303326438,0
6.933633633633634,-1.112213171137698,0,0.8991082158981144,0
6.941591591591592,-1.112070411400057,0,0.899223637054632,0
6.949549549549549,-1.111928014098566,0,0.8993387947066828,0
6.957507507507508,-1.11178597785595,0,0.8994536897546357,0
6.965465465465465,-1.111644301301895,0,0.8995683230947678,0
6.973423423423424,-1.111502983073007,0,0.8996826956192857,0
6.981381381381381,-1.111362021812769,0,0.8997968082163506,0
6.989339339339339,-1.111221416171499,0,0.8999106617700985,0
6.997297297297298,-1.111081164806303,0,0.9000242571606657,0
7.005255255255255,-1.110941266381035,0,0.9001375952642092,0
7.013213213213214,-1.110801719566254,0,0.9002506769529307,0
7.021171171171171,-1.110662523039184,0,0.9003635030950978,0
7.029129129129129,-1.11052367548367,0,0.9004760745550668,0
7.037087087087087,-1.110385175590135,0,0.9005883921933044,0
7.045045045045045,-1.110247022055545,0,0.9007004568664093,0
7.053003003003003,-1.110109213583362,0,0.9008122694271344,0
7.060960960960961,-1.109971748883507,0,0.9009238307244078,0
7.068918918918919,-1.109834626672319,0,0.9010351416033552,0
7.076876876876877,-1.109697845672515,0,0.9011462029053191,0
7.084834834834835,-1.109561404613151,0,0.9012570154678825,0
7.092792792792793,-1.109425302229581,0,0.901367580124888,0
7.100750750750751,-1.109289537263421,0,0.9014778977064595,0
7.108708708708709,-1.109154108462508,0,0.9015879690390222,0
7.116666666666667,-1.109019014580863,0,0.9016977949453239,0
7.124624624624625,-1.108884254378651,0,0.9018073762444548,0
7.132582582582582,-1.108749826622146,0,0.9019167137518687,0
7.140540540540541,-1.108615730083691,0,0.9020258082794015,0
7.148498498498498,-1.108481963541661,0,0.902134660635293,0
7.156456456456456,-1.10834852578043,0,0.9022432716242057,0
7.164414414414415,-1.108215415590325,0,0.9023516420472448,0
7.172372372372372,-1.108082631767602,0,0.9024597727019781,0
7.180330330330331,-1.1079501731144,0,0.9025676643824546,0
7.188288288288288,-1.107818038438707,0,0.9026753178792253,0
7.196246246246246,-1.10768622655433,0,0.902782733979361,0
7.204204204204204,-1.107554736280852,0,0.9028899134664726,0
7.212162162162162,-1.107423566443601,0,0.902996857120729,0
7.22012012012012,-1.107292715873614,0,0.9031035657188765,0
7.228078078078078,-1.107162183407606,0,0.9032100400342575,0
7.236036036036036,-1.107031967887928,0,0.9033162808368296,0
7.243993993993994,-1.106902068162541,0,0.9034222888931827,0
7.251951951951952,-1.106772483084974,0,0.903528064966559,0
7.25990990990991,-1.106643211514299,0,0.9036336098168704,0
7.267867867867868,-1.106514252315091,0,0.9037389242007159,0
7.275825825825826,-1.106385604357399,0,0.9038440088714013,0
7.283783783783784,-1.106257266516711,0,0.903948864578956,0
7.291741741741742,-1.106129237673919,0,0.9040534920701507,0
7.299699699699699,-1.106001516715292,0,0.9041578920885157,0
7.307657657657658,-1.105874102532442,0,0.9042620653743578,0
7.315615615615616,-1.105746994022287,0,0.9043660126647782,0
7.323573573573573,-1.105620190087027,0,0.9044697346936894,0
7.331531531531532,-1.105493689634108,0,0.9045732321918327,0
7.339489489489489,-1.10536749157619,0,0.9046765058867958,0
7.347447447447448,-1.10524159483112,0,0.9047795565030279,0
7.355405405405405,-1.105115998321896,0,0.9048823847618592,0
7.363363363363363,-1.10499070097664,0,0.9049849913815158,0
7.371321321321322,-1.104865701728569,0,0.9050873770771366,0
7.379279279279279,-1.104740999515957,0,0.9051895425607909,0
7.387237237237238,-1.104616593282116,0,0.9052914885414933,0
7.395195195195195,-1.104492481975358,0,0.9053932157252211,0
7.403153153153153,-1.104368664548967,0,0.905494724814931,0
7.411111111111111,-1.104245139961175,0,0.9055960165105732,0
7.419069069069069,-1.104121907175123,0,0.9056970915091098,0
7.427027027027027,-1.103998965158842,0,0.9057979505045289,0
7.434984984984985,-1.103876312885219,0,0.9058985941878619,0
7.442942942942943,-1.103753949331968,0,0.9059990232471977,0
7.450900900900901,-1.103631873481605,0,0.9060992383676998,0
7.458858858858859,-1.103510084321417,0,0.9061992402316206,0
7.466816816816817,-1.103388580843436,0,0.9062990295183179,0
7.474774774774775,-1.103267362044409,0,0.9063986069042692,0
7.482732732732733,-1.103146426925772,0,0.9064979730630878,0
7.490690690690691,-1.103025774493624,0,0.9065971286655372,0
7.498648648648649,-1.102905403758698,0,0.9066960743795466,0
7.506606606606606,-1.102785313736332,0,0.9067948108702261,0
7.514564564564565,-1.102665503446448,0,0.9068933387998803,0
7.522522522522523,-1.102545971913519,0,0.906991658828025,0
7.53048048048048,-1.102426718166549,0,0.9070897716113999,0
7.538438438438439,-1.102307741239039,0,0.9071876778039848,0
7.546396396396396,-1.10218904016897,0,0.9072853780570127,0
7.554354354354355,-1.102070613998769,0,0.9073828730189851,0
7.562312312312312,-1.101952461775288,0,0.907480163335686,0
7.57027027027027,-1.101834582549779,0,0.907577249650196,0
7.578228228228229,-1.101716975377863,0,0.9076741326029069,0
7.586186186186186,-1.101599639319513,0,0.907770812831535,0
7.594144144144144,-1.101482573439022,0,0.9078672909711355,0
7.602102102102102,-1.101365776804984,0,0.9079635676541161,0
7.61006006006006,-1.101249248490262,0,0.9080596435102515,0
7.618018018018018,-1.101132987571973,0,0.908155519166696,0
7.625975975975976,-1.101016993131455,0,0.9082511952479976,0
7.633933933933934,-1.100901264254248,0,0.9083466723761116,0
7.641891891891892,-1.100785800030067,0,0.9084419511704143,0
7.64984984984985,-1.100670599552784,0,0.9085370322477153,0
7.657807807807808,-1.100555661920395,0,0.9086319162222724,0
7.665765765765766,-1.100440986235005,0,0.9087266037058029,0
7.673723723723723,-1.100326571602799,0,0.9088210953074982,0
7.681681681681682,-1.100212417134023,0,0.908915391634036,0
7.68963963963964,-1.100098521942959,0,0.9090094932895938,0
7.697597597597597,-1.099984885147901,0,0.9091034008758608,0
7.705555555555556,-1.099871505871135,0,0.9091971149920521,0
7.713513513513513,-1.099758383238915,0,0.9092906362349203,0
7.721471471471472,-1.099645516381439,0,0.9093839651987685,0
7.729429429429429,-1.09953290443283,0,0.9094771024754624,0
7.737387387387387,-1.099420546531113,0,0.9095700486544438,0
7.745345345345346,-1.099308441818191,0,0.9096628043227422,0
7.753303303303303,-1.099196589439826,0,0.9097553700649867,0
7.761261261261262,-1.099084988545614,0,0.9098477464634196,0
7.769219219219219,-1.098973638288967,0,0.9099399340979071,0
7.777177177177177,-1.098862537827091,0,0.9100319335459527,0
7.785135135135135,-1.098751686320961,0,0.9101237453827082,0
7.793093093093093,-1.098641082935307,0,0.9102153701809861,0
7.801051051051051,-1.098530726838586,0,0.9103068085112712,0
7.809009009009009,-1.098420617202964,0,0.9103980609417329,0
7.816966966966967,-1.098310753204298,0,0.9104891280382367,0
7.824924924924925,-1.09820113402211,0,0.9105800103643554,0
7.832882882882883,-1.098091758839573,0,0.9106707084813815,0
7.840840840840841,-1.097982626843484,0,0.9107612229483378,0
7.848798798798799,-1.09787373722425,0,0.9108515543219897,0
7.856756756756757,-1.097765089175864,0,0.9109417031568562,0
7.864714714714714,-1.097656681895887,0,0.9110316700052209,0
7.872672672672673,-1.097548514585428,0,0.911121455417144,0
7.88063063063063,-1.097440586449124,0,0.9112110599404726,0
7.888588588588589,-1.097332896695119,0,0.9113004841208528,0
7.896546546546547,-1.097225444535051,0,0.9113897285017393,0
7.904504504504504,-1.097118229184023,0,0.9114787936244081,0
7.912462462462463,-1.097011249860593,0,0.9115676800279663,0
7.92042042042042,-1.096904505786749,0,0.9116563882493626,0
7.928378378378379,-1.096797996187895,0,0.9117449188233996,0
7.936336336336336,-1.096691720292828,0,0.911833272282743,0
7.944294294294294,-1.096585677333721,0,0.9119214491579329,0
7.952252252252253,-1.096479866546105,0,0.9120094499773947,0
7.96021021021021,-1.096374287168851,0,0.9120972752674487,0
7.968168168168168,-1.096268938444151,0,0.9121849255523212,0
7.976126126126126,-1.096163819617501,0,0.912272401354155,0
7.984084084084084,-1.09605892993768,0,0.9123597031930194,0
7.992042042042042,-1.095954268656737,0,0.9124468315869206,0
8,-1.095849835029968,0,0.9125337870518121,0
