t,ref_deg,out_deg,x_ref_nm,y_ref_nm,x_out_nm,y_out_nm
0.000000000000,0.000000000000,0.000000000000,0.000000000000,0.000000000000,0.000000000000,0.000000000000
0.500000000000,3.000000000000,0.004342275226,0.002081905765,0.000054516621,0.002083333330,0.000000078945
1.000000000000,6.000000000000,0.057653463080,0.004158105172,0.000217917058,0.004166666133,0.000001206059
1.500000000000,9.000000000000,0.246792515299,0.006222907501,0.000489753442,0.006249989276,0.000006741029
2.000000000000,12.000000000000,0.669231501091,0.008270653273,0.000869280687,0.008333241890,0.000023394525
2.500000000000,15.000000000000,1.417808266045,0.010295729760,0.001355458537,0.010416185259,0.000061335072
3.000000000000,18.000000000000,2.573478994619,0.012292586366,0.001946954412,0.012498149121,0.000133880361
3.500000000000,21.000000000000,4.201137439127,0.014255749849,0.002642147062,0.014577632958,0.000256962212
4.000000000000,24.000000000000,6.346935258143,0.016179839311,0.003439131012,0.016651782702,0.000448427314
4.500000000000,27.000000000000,9.036629948022,0.018059580959,0.004335721786,0.018715802346,0.000727192290
5.000000000000,30.000000000000,12.274826355011,0.019889822551,0.005329461890,0.020762393185,0.001112262043
5.500000000000,33.000000000000,16.045068288543,0.021665547521,0.006417627551,0.022781334501,0.001621631291
6.000000000000,36.000000000000,20.310745368044,0.023381888732,0.007597236184,0.024759322457,0.002271115591
6.500000000000,39.000000000000,25.016762876760,0.025034141811,0.008865054563,0.026680164079,0.003073193652
7.000000000000,42.000000000000,30.091898294285,0.026617778047,0.010217607685,0.028525379110,0.004035976776
7.500000000000,45.000000000000,35.451744360481,0.028128456804,0.011651188297,0.030275198522,0.005162440822
8.000000000000,48.000000000000,41.002117880425,0.029562037416,0.013161867054,0.031909875229,0.006450049167
8.500000000000,51.000000000000,46.642797416112,0.030914590538,0.014745503290,0.033411156405,0.007890856060
9.000000000000,54.000000000000,52.271442296221,0.032182408917,0.016397756369,0.034763725083,0.009472112650
9.500000000000,57.000000000000,57.787540420434,0.033362017550,0.018114097580,0.035956414257,0.011177316712
10.000000000000,60.000000000000,63.096233276059,0.034450183211,0.019889822551,0.036983032605,0.012987571973
10.500000000000,63.000000000000,68.111873314852,0.035443923315,0.021720064142,0.037842708477,0.014883073339
11.000000000000,66.000000000000,72.761181024542,0.036340514089,0.023599805790,0.038539740458,0.016844522634
11.500000000000,69.000000000000,76.985886133737,0.037137498039,0.025523895253,0.039083017821,0.018854306402
12.000000000000,72.000000000000,80.744758690148,0.037832690689,0.027487058735,0.039485126072,0.020897323361
12.500000000000,75.000000000000,84.014960378688,0.038424186564,0.029483915341,0.039761273610,0.022961417957
13.000000000000,78.000000000000,86.792673410273,0.038910364414,0.031508991828,0.039928167319,0.025037441679
13.500000000000,81.000000000000,89.092992550303,0.039289891659,0.033556737600,0.040002936885,0.027119012847
14.000000000000,84.000000000000,90.949094269219,0.039561728043,0.035621539929,0.040002171825,0.029202072754
14.500000000000,87.000000000000,92.410724495763,0.039725128480,0.037697739336,0.039941102316,0.031284341276
15.000000000000,90.000000000000,93.542071995656,0.039779645101,0.039779645101,0.039832931363,0.033364762813
15.500000000000,93.000000000000,94.419117032306,0.039725128480,0.041861550866,0.039688313505,0.035443009481
16.000000000000,96.000000000000,95.126563863864,0.039561728043,0.043937750273,0.039514972073,0.037519079110
16.500000000000,99.000000000000,95.754480118671,0.039289891659,0.046002552602,0.039317449219,0.039592996220
17.000000000000,102.000000000000,96.394775672888,0.038910364414,0.048050298374,0.039096986533,0.041664599095
17.500000000000,105.000000000000,97.137658028595,0.038424186564,0.050075374861,0.038851536549,0.043733378850
18.000000000000,108.000000000000,98.068200259782,0.037832690689,0.052072231468,0.038575905920,0.045798329050
18.500000000000,111.000000000000,99.263151464120,0.037137498039,0.054035394950,0.038262030034,0.047857767749
19.000000000000,114.000000000000,100.788108634357,0.036340514089,0.055959484412,0.037899377372,0.049909106878
19.500000000000,117.000000000000,102.695153432228,0.035443923315,0.057839226060,0.037475480364,0.051948564437
20.000000000000,120.000000000000,105.021038159811,0.034450183211,0.059669467652,0.036976587253,0.053970839295
20.500000000000,123.000000000000,107.785983063384,0.033362017550,0.061445192622,0.036388424684,0.055968792291
21.000000000000,126.000000000000,110.993122861406,0.032182408917,0.063161533833,0.035697051501,0.057933196025
21.500000000000,129.000000000000,114.628615017596,0.030914590538,0.064813786912,0.034889769493,0.059852624700
22.000000000000,132.000000000000,118.662396769000,0.029562037416,0.066397423148,0.033956037660,0.061713550992
22.500000000000,135.000000000000,123.049553246223,0.028128456804,0.067908101905,0.032888316939,0.063500697199
23.000000000000,138.000000000000,127.732236122474,0.026617778047,0.069341682517,0.031682758317,0.065197654033
23.500000000000,141.000000000000,132.642051953031,0.025034141811,0.070694235640,0.030339645662,0.066787736789
24.000000000000,144.000000000000,137.702822458678,0.023381888732,0.071962054018,0.028863520361,0.068255003640
24.500000000000,147.000000000000,142.833606068033,0.021665547521,0.073141662651,0.027262948852,0.069585324363
25.000000000000,150.000000000000,147.951861507072,0.019889822551,0.074229828312,0.025549941589,0.070767369575
25.500000000000,153.000000000000,152.976630377114,0.018059580959,0.075223568416,0.023739083413,0.071793396105
26.000000000000,156.000000000000,157.831616579794,0.016179839311,0.076120159190,0.021846479018,0.072659733297
26.500000000000,159.000000000000,162.448046030482,0.014255749849,0.076917143140,0.019888642736,0.073366921106
27.000000000000,162.000000000000,166.767200073815,0.012292586366,0.077612335790,0.017881463665,0.073919503033
27.500000000000,165.000000000000,170.742529936150,0.010295729760,0.078203831665,0.015839355935,0.074325523263
28.000000000000,168.000000000000,174.341276833709,0.008270653273,0.078690009515,0.013774666076,0.074595808800
28.500000000000,171.000000000000,177.545542295151,0.006222907501,0.079069536760,0.011697364575,0.074743129775
29.000000000000,174.000000000000,180.352775054175,0.004158105172,0.079341373144,0.009615006635,0.074781325838
29.500000000000,177.000000000000,182.775663661761,0.002081905765,0.079504773581,0.007532915134,0.074724468993
30.000000000000,180.000000000000,184.841446872708,-0.000000000000,0.079559290202,0.005454520484,0.074586110460
30.500000000000,183.000000000000,186.590675998307,-0.002081905765,0.079504773581,0.003381787647,0.074378637375
31.000000000000,186.000000000000,188.075483948915,-0.004158105172,0.079341373144,0.001315667529,0.074112748734
31.500000000000,189.000000000000,189.357433851848,-0.006222907501,0.079069536760,-0.000743475267,0.073797050218
32.000000000000,192.000000000000,190.505035257598,-0.008270653273,0.078690009515,-0.002795487888,0.073437763855
32.500000000000,195.000000000000,191.591027502029,-0.010295729760,0.078203831665,-0.004840118737,0.073038548800
33.000000000000,198.000000000000,192.689537379136,-0.012292586366,0.077612335790,-0.006876766028,0.072600431531
33.500000000000,201.000000000000,193.873221660700,-0.014255749849,0.076917143140,-0.008904269491,0.072121845704
34.000000000000,204.000000000000,195.210504102305,-0.016179839311,0.076120159190,-0.010920724763,0.071598782763
34.500000000000,207.000000000000,196.763011491284,-0.018059580959,0.075223568416,-0.012923302159,0.071025053793
35.000000000000,210.000000000000,198.583304271964,-0.019889822551,0.074229828312,-0.014908059660,0.070392661252
35.500000000000,213.000000000000,200.712984724955,-0.021665547521,0.073141662651,-0.016869752591,0.069692275886
36.000000000000,216.000000000000,203.181250108674,-0.023381888732,0.071962054018,-0.018801656868,0.068913809288
36.500000000000,219.000000000000,206.003940229084,-0.025034141811,0.070694235640,-0.020695436143,0.068047065476
37.000000000000,222.000000000000,209.183109306774,-0.026617778047,0.069341682517,-0.022541092140,0.067082445415
37.500000000000,225.000000000000,212.707131531581,-0.028128456804,0.067908101905,-0.024327039423,0.066011666915
38.000000000000,228.000000000000,216.551329130066,-0.029562037416,0.066397423148,-0.026040338581,0.064828450508
38.500000000000,231.000000000000,220.679091909110,-0.030914590538,0.064813786912,-0.027667105149,0.063529112592
39.000000000000,234.000000000000,225.043438830876,-0.032182408917,0.063161533833,-0.029193087160,0.062113003866
39.500000000000,237.000000000000,229.588955906070,-0.033362017550,0.061445192622,-0.030604375873,0.060582737162
40.000000000000,240.000000000000,234.254031158222,-0.034450183211,0.059669467652,-0.031888187586,0.058944165859
40.500000000000,243.000000000000,238.973297093395,-0.035443923315,0.057839226060,-0.033033635574,0.057206101007
41.000000000000,246.000000000000,243.680184359536,-0.036340514089,0.055959484412,-0.034032405072,0.055379788180
41.500000000000,249.000000000000,248.309487308468,-0.037137498039,0.054035394950,-0.034879253108,0.053478197634
42.000000000000,252.000000000000,252.799843044476,-0.037832690689,0.052072231468,-0.035572277659,0.051515206660
42.500000000000,255.000000000000,257.096030172039,-0.038424186564,0.050075374861,-0.036112932159,0.049504765747
43.000000000000,258.000000000000,261.151001613798,-0.038910364414,0.048050298374,-0.036505795232,0.047460137713
43.500000000000,261.000000000000,264.927577198911,-0.039289891659,0.046002552602,-0.036758134581,0.045393282583
44.000000000000,264.000000000000,268.399735745102,-0.039561728043,0.043937750273,-0.036879323256,0.043314434956
44.500000000000,267.000000000000,271.553462502002,-0.039725128480,0.041861550866,-0.036880173814,0.041231890736
45.000000000000,270.000000000000,274.387125442129,-0.039779645101,0.039779645101,-0.036772252253,0.039151992371
45.500000000000,273.000000000000,276.911372284531,-0.039725128480,0.037697739336,-0.036567222182,0.037079280451
46.000000000000,276.000000000000,279.148558599787,-0.039561728043,0.035621539929,-0.036276254751,0.035016767025
46.500000000000,279.000000000000,281.131735165556,-0.039289891659,0.033556737600,-0.035909525263,0.032966282347
47.000000000000,282.000000000000,282.903239245466,-0.038910364414,0.031508991828,-0.035475805801,0.030928850629
47.500000000000,285.000000000000,284.512949036198,-0.038424186564,0.029483915341,-0.034982155774,0.028905059379
48.000000000000,288.000000000000,286.016272636056,-0.037832690689,0.027487058735,-0.034433708736,0.026895398543
48.500000000000,291.000000000000,287.471952102119,-0.037137498039,0.025523895253,-0.033833553272,0.024900557487
49.000000000000,294.000000000000,288.939769168241,-0.036340514089,0.023599805790,-0.033182706488,0.022921677967
49.500000000000,297.000000000000,290.478241805434,-0.035443923315,0.021720064142,-0.032480179745,0.020960568162
50.000000000000,300.000000000000,292.142399965108,-0.034450183211,0.019889822551,-0.031723136555,0.019019885790
50.500000000000,303.000000000000,293.981724632483,-0.033362017550,0.018114097580,-0.030907141720,0.017103297133
51.000000000000,306.000000000000,296.038326938704,-0.032182408917,0.016397756369,-0.030026498477,0.015215614059
51.500000000000,309.000000000000,298.345433860694,-0.030914590538,0.014745503290,-0.029074666672,0.013362903909
52.000000000000,312.000000000000,300.926234406842,-0.029562037416,0.013161867054,-0.028044749653,0.011552559309
52.500000000000,315.000000000000,303.793125660315,-0.028128456804,0.011651188297,-0.026930030907,0.009793308388
53.000000000000,318.000000000000,306.947382211737,-0.026617778047,0.010217607685,-0.025724533772,0.008095142701
53.500000000000,321.000000000000,310.379255983314,-0.025034141811,0.008865054563,-0.024423569728,0.006469141906
54.000000000000,324.000000000000,314.068496869647,-0.023381888732,0.007597236184,-0.023024234327,0.004927181765
54.500000000000,327.000000000000,317.985268631797,-0.021665547521,0.006417627551,-0.021525806617,0.003481525015
55.000000000000,330.000000000000,322.091419685215,-0.019889822551,0.005329461890,-0.019930009905,0.002144311455
55.500000000000,333.000000000000,326.342055369640,-0.018059580959,0.004335721786,-0.018241100280,0.000926981266
56.000000000000,336.000000000000,330.687347456581,-0.016179839311,0.003439131012,-0.016465764511,-0.000160319398
56.500000000000,339.000000000000,335.074508422710,-0.014255749849,0.002642147062,-0.014612829321,-0.001109292673
57.000000000000,342.000000000000,339.449852675729,-0.012292586366,0.001946954412,-0.012692806491,-0.001913945155
57.500000000000,345.000000000000,343.760864629014,-0.010295729760,0.001355458537,-0.010717318766,-0.002570897256
58.000000000000,348.000000000000,347.958194329528,-0.008270653273,0.000869280687,-0.008698466123,-0.003079514234
58.500000000000,351.000000000000,351.997505177796,-0.006222907501,0.000489753442,-0.006648197741,-0.003441849190
59.000000000000,354.000000000000,355.841104951792,-0.004158105172,0.000217917058,-0.004577751105,-0.003662410552
59.500000000000,357.000000000000,359.459300565027,-0.002081905765,0.000054516621,-0.002497207110,-0.003747785066
60.000000000000,360.000000000000,362.831428365680,-0.000000000000,0.000000000000,-0.000415191836,-0.003706159243
60.500000000000,363.000000000000,365.946524853997,0.002081905765,0.000054516621,0.001661264635,-0.003546786483
61.000000000000,366.000000000000,368.803616935899,0.004158105172,0.000217917058,0.003726720616,-0.003279444365
61.500000000000,369.000000000000,371.411625681014,0.006222907501,0.000489753442,0.005777189127,-0.002913918886
62.000000000000,372.000000000000,373.788892436093,0.008270653273,0.000869280687,0.007809909495,-0.002459542401
62.500000000000,375.000000000000,375.962350489684,0.010295729760,0.001355458537,0.009823058575,-0.001924801954
63.000000000000,378.000000000000,377.966378748798,0.012292586366,0.001946954412,0.011815433883,-0.001317026429
63.500000000000,381.000000000000,379.841385579440,0.014255749849,0.002642147062,0.013786135479,-0.000642155280
64.000000000000,384.000000000000,381.632180653723,0.016179839311,0.003439131012,0.015734266133,0.000095411548
64.500000000000,387.000000000000,383.386199992280,0.018059580959,0.004335721786,0.017658661792,0.000892883990
65.000000000000,390.000000000000,385.151654141887,0.019889822551,0.005329461890,0.019557657891,0.001749074079
65.500000000000,393.000000000000,386.975671437386,0.021665547521,0.006417627551,0.021428892490,0.002664311347
66.000000000000,396.000000000000,388.902507523702,0.023381888732,0.007597236184,0.023269145188,0.003640283037
66.500000000000,399.000000000000,390.971888824951,0.025034141811,0.008865054563,0.025074211092,0.004679801949
67.000000000000,402.000000000000,393.217551613085,0.026617778047,0.010217607685,0.026838811539,0.005786507142
67.500000000000,405.000000000000,395.666030013482,0.028128456804,0.011651188297,0.028556546847,0.006964506268
68.000000000000,408.000000000000,398.335736038189,0.029562037416,0.013161867054,0.030219899986,0.008217972955
68.500000000000,411.000000000000,401.236362977490,0.030914590538,0.014745503290,0.031820302457,0.009550717992
69.000000000000,414.000000000000,404.368630677648,0.032182408917,0.016397756369,0.033348273660,0.010965758527
69.500000000000,417.000000000000,407.724377891374,0.033362017550,0.018114097580,0.034793641780,0.012464914195
70.000000000000,420.000000000000,411.286993525948,0.034450183211,0.019889822551,0.036145847572,0.014048461936
70.500000000000,423.000000000000,415.032165743875,0.035443923315,0.021720064142,0.037394322862,0.015714881075
71.000000000000,426.000000000000,418.928915979029,0.036340514089,0.023599805790,0.038528924527,0.017460716053
71.500000000000,429.000000000000,422.940874459508,0.037137498039,0.025523895253,0.039540394154,0.019280575657
72.000000000000,432.000000000000,427.027745159280,0.037832690689,0.027487058735,0.040420805667,0.021167275153
72.500000000000,435.000000000000,431.146901541780,0.038424186564,0.029483915341,0.041163960032,0.023112112810
73.000000000000,438.000000000000,435.255050233152,0.038910364414,0.031508991828,0.041765688747,0.025105257157
73.500000000000,441.000000000000,439.309898001272,0.039289891659,0.033556737600,0.042224036218,0.027136208441
74.000000000000,444.000000000000,443.271758153737,0.039561728043,0.035621539929,0.042539304065,0.029194289563
74.500000000000,447.000000000000,447.105035641906,0.039725128480,0.037697739336,0.042713955559,0.031269119584
75.000000000000,450.000000000000,450.779535614826,0.039779645101,0.039779645101,0.042752393184,0.033351027133
75.500000000000,453.000000000000,454.271547666881,0.039725128480,0.041861550866,0.042660634255,0.035431370561
76.000000000000,456.000000000000,457.564667251785,0.039561728043,0.043937750273,0.042445916924,0.037502744680
76.500000000000,459.000000000000,460.650326316529,0.039289891659,0.046002552602,0.042116271341,0.039559067915
77.000000000000,462.000000000000,463.528016718776,0.038910364414,0.048050298374,0.041680088570,0.041595556506
77.500000000000,465.000000000000,466.205201976752,0.038424186564,0.050075374861,0.041145714507,0.043608602345
78.000000000000,468.000000000000,468.696924896546,0.037832690689,0.052072231468,0.040521089044,0.045595577173
78.500000000000,471.000000000000,471.025130168300,0.037137498039,0.054035394950,0.039813443690,0.047554588256
79.000000000000,474.000000000000,473.217731683892,0.036340514089,0.055959484412,0.039029064806,0.049484209646
79.500000000000,477.000000000000,475.307463707856,0.035443923315,0.057839226060,0.038173125251,0.051383209907
80.000000000000,480.000000000000,477.330562788413,0.034450183211,0.059669467652,0.037249584493,0.053250292537
80.500000000000,483.000000000000,479.325333151292,0.033362017550,0.061445192622,0.036261155865,0.055083860517
81.000000000000,486.000000000000,481.330652076591,0.032182408917,0.063161533833,0.035209339050,0.056881812167
81.500000000000,489.000000000000,483.384473302437,0.030914590538,0.064813786912,0.034094515468,0.058641372359
82.000000000000,492.000000000000,485.522385799065,0.029562037416,0.066397423148,0.032916103516,0.060358961506
82.500000000000,495.000000000000,487.776282370043,0.028128456804,0.067908101905,0.031672769238,0.062030104454
83.000000000000,498.000000000000,490.173187603378,0.026617778047,0.069341682517,0.030362685797,0.063649382219
83.500000000000,501.000000000000,492.734287930594,0.025034141811,0.070694235640,0.028983832113,0.065210430785
84.000000000000,504.000000000000,495.474198240061,0.023381888732,0.071962054018,0.027534317438,0.066705992260
84.500000000000,507.000000000000,498.400489970840,0.021665547521,0.073141662651,0.026012714826,0.068128023725
85.000000000000,510.000000000000,501.513495265929,0.019889822551,0.074229828312,0.024418383026,0.069467867583
85.500000000000,513.000000000000,504.806390996329,0.018059580959,0.075223568416,0.022751753910,0.070716483678
86.000000000000,516.000000000000,508.265555697780,0.016179839311,0.076120159190,0.021014561983,0.071864738053
86.500000000000,519.000000000000,511.871182102937,0.014255749849,0.076917143140,0.019209994367,0.072903736530
87.000000000000,522.000000000000,515.598118394201,0.012292586366,0.077612335790,0.017342744425,0.073825184279
87.500000000000,525.000000000000,519.416902902019,0.010295729760,0.078203831665,0.015418959647,0.074621746593
88.000000000000,528.000000000000,523.294950036147,0.008270653273,0.078690009515,0.013446084173,0.075287382453
88.500000000000,531.000000000000,527.197840009562,0.006222907501,0.079069536760,0.011432606917,0.075817622244
89.000000000000,534.000000000000,531.090661573560,0.004158105172,0.079341373144,0.009387736461,0.076209764606
89.500000000000,537.000000000000,534.939355631007,0.002081905765,0.079504773581,0.007321031744,0.076462974520
90.000000000000,540.000000000000,538.712008257726,-0.000000000000,0.079559290202,0.005242022127,0.076578274430
90.500000000000,543.000000000000,542.380044287471,-0.002081905765,0.079504773581,0.003159850568,0.076558430826
91.000000000000,546.000000000000,545.919277076917,-0.004158105172,0.079341373144,0.001082969806,0.076407748679
91.500000000000,549.000000000000,549.310776168327,-0.006222907501,0.079069536760,-0.000981085903,0.076131793863
92.000000000000,552.000000000000,552.541522053355,-0.008270653273,0.078690009515,-0.003025840280,0.075737068341
92.500000000000,555.000000000000,555.604825806732,-0.010295729760,0.078203831665,-0.005045922375,0.075230664155
93.000000000000,558.000000000000,558.500500660752,-0.012292586366,0.077612335790,-0.007037027371,0.074619920524
93.500000000000,561.000000000000,561.234782264550,-0.014255749849,0.076917143140,-0.008995803394,0.073912104453
94.000000000000,564.000000000000,563.820004040643,-0.016179839311,0.076120159190,-0.010919681331,0.073114130284
94.500000000000,567.000000000000,566.274043344905,-0.018059580959,0.075223568416,-0.012806666521,0.072232328484
95.000000000000,570.000000000000,568.619562704093,-0.019889822551,0.074229828312,-0.014655110839,0.071272269511
95.500000000000,573.000000000000,570.883077928895,-0.021665547521,0.073141662651,-0.016463481697,0.070238645129
96.000000000000,576.000000000000,573.093891105866,-0.023381888732,0.071962054018,-0.018230141570,0.069135207167
96.500000000000,579.000000000000,575.282931138733,-0.025034141811,0.070694235640,-0.019953148486,0.067964762266
97.000000000000,582.000000000000,577.481547479962,-0.026617778047,0.069341682517,-0.021630085004,0.066729220227
97.500000000000,585.000000000000,579.720303876325,-0.028128456804,0.067908101905,-0.023257920944,0.065429692809
98.000000000000,588.000000000000,582.027818325916,-0.029562037416,0.066397423148,-0.024832913660,0.064066638883
98.500000000000,591.000000000000,584.429693056845,-0.030914590538,0.064813786912,-0.026350548920,0.062640050491
99.000000000000,594.000000000000,586.947574304713,-0.032182408917,0.063161533833,-0.027805525225,0.061149672488
99.500000000000,597.000000000000,589.598376163278,-0.033362017550,0.061445192622,-0.029191784337,0.059595246129
100.000000000000,600.000000000000,592.393696040962,-0.034450183211,0.059669467652,-0.030502590395,0.057976764414
100.500000000000,603.000000000000,595.339441549710,-0.035443923315,0.057839226060,-0.031730658904,0.056294724584
101.000000000000,606.000000000000,598.435680290205,-0.036340514089,0.055959484412,-0.032868334777,0.054550361246
101.500000000000,609.000000000000,601.676715307699,-0.037137498039,0.054035394950,-0.033907815394,0.052745842819
102.000000000000,612.000000000000,605.051380312796,-0.037832690689,0.052072231468,-0.034841410547,0.050884414672
102.500000000000,615.000000000000,608.543540423790,-0.038424186564,0.050075374861,-0.035661826620,0.048970474859
103.000000000000,618.000000000000,612.132776506390,-0.038910364414,0.048050298374,-0.036362458156,0.047009572894
103.500000000000,621.000000000000,615.795224448123,-0.039289891659,0.046002552602,-0.036937666893,0.045008328129
104.000000000000,624.000000000000,619.504535154035,-0.039561728043,0.043937750273,-0.037383027190,0.042974271640
104.500000000000,627.000000000000,623.232916884073,-0.039725128480,0.041861550866,-0.037695518001,0.040915622997
105.000000000000,630.000000000000,626.952218911877,-0.039779645101,0.039779645101,-0.037873645308,0.038841019965
105.500000000000,633.000000000000,630.635014450370,-0.039725128480,0.037697739336,-0.037917484752,0.036759224001
106.000000000000,636.000000000000,634.255641379600,-0.039561728043,0.035621539929,-0.037828641475,0.034678826640
106.500000000000,639.000000000000,637.791161482541,-0.039289891659,0.033556737600,-0.037610131666,0.032607981173
107.000000000000,642.000000000000,641.222202540676,-0.038910364414,0.031508991828,-0.037266197082,0.030554180570
107.500000000000,645.000000000000,644.533652603895,-0.038424186564,0.029483915341,-0.036802068889,0.028524097000
108.000000000000,648.000000000000,647.715181820770,-0.037832690689,0.027487058735,-0.036223700055,0.026523491479
108.500000000000,651.000000000000,650.761574148395,-0.037137498039,0.025523895253,-0.035537486082,0.024557195116
109.000000000000,654.000000000000,653.672858778570,-0.036340514089,0.023599805790,-0.034749992422,0.022629157078
109.500000000000,657.000000000000,656.454238923449,-0.035443923315,0.021720064142,-0.033867704003,0.020742549431
110.000000000000,660.000000000000,659.115823396128,-0.034450183211,0.019889822551,-0.032896808612,0.018899915760
110.500000000000,663.000000000000,661.672173901592,-0.033362017550,0.018114097580,-0.031843022093,0.017103349004
111.000000000000,666.000000000000,664.141687838897,-0.032182408917,0.016397756369,-0.030711459883,0.015354683995
111.500000000000,669.000000000000,666.545842450465,-0.030914590538,0.014745503290,-0.029506556656,0.013655691407
112.000000000000,672.000000000000,668.908331119319,-0.029562037416,0.013161867054,-0.028232033765,0.012008261703
112.500000000000,675.000000000000,671.254126334006,-0.028128456804,0.011651188297,-0.026890912753,0.010414569878
113.000000000000,678.000000000000,673.608506188175,-0.026617778047,0.010217607685,-0.025485572121,0.008877213844
113.500000000000,681.000000000000,675.996082185642,-0.025034141811,0.008865054563,-0.024017843635,0.007399321106
114.000000000000,684.000000000000,678.439865567022,-0.023381888732,0.007597236184,-0.022489143470,0.005984619751
114.500000000000,687.000000000000,680.960407401340,-0.021665547521,0.006417627551,-0.020900632260,0.004637470782
115.000000000000,690.000000000000,683.575044389969,-0.019889822551,0.005329461890,-0.019253396682,0.003362859664
115.500000000000,693.000000000000,686.297277854682,-0.018059580959,0.004335721786,-0.017548643543,0.002166345746
116.000000000000,696.000000000000,689.136307913751,-0.016179839311,0.003439131012,-0.015787895709,0.001053969337
116.500000000000,699.000000000000,692.096738612501,-0.014255749849,0.002642147062,-0.013973177840,0.000032117755
117.000000000000,702.000000000000,695.178463016741,-0.012292586366,0.001946954412,-0.012107179153,-0.000892646201
117.500000000000,705.000000000000,698.376730264835,-0.010295729760,0.001355458537,-0.010193380562,-0.001713787257
118.000000000000,708.000000000000,701.682389578750,-0.008270653273,0.000869280687,-0.008236134910,-0.002425023082
118.500000000000,711.000000000000,705.082299524006,-0.006222907501,0.000489753442,-0.006240691660,-0.003020560146
119.000000000000,714.000000000000,708.559884636159,-0.004158105172,0.000217917058,-0.004213161303,-0.003495325718
119.500000000000,717.000000000000,712.095816126537,-0.002081905765,0.000054516621,-0.002160419668,-0.003845180404
120.000000000000,720.000000000000,715.668788939095,-0.000000000000,0.000000000000,-0.000089957620,-0.004067095814
120.500000000000,723.000000000000,719.256364110732,0.002081905765,0.000054516621,0.001990313127,-0.004159283781
121.000000000000,726.000000000000,722.835843301308,0.004158105172,0.000217917058,0.004072283083,-0.004121267045
121.500000000000,729.000000000000,726.385141570322,0.006222907501,0.000489753442,0.006147879099,-0.003953885990
122.000000000000,732.000000000000,729.883624997744,0.008270653273,0.000869280687,0.008209290782,-0.003659241440
122.500000000000,735.000000000000,733.312881539244,0.010295729760,0.001355458537,0.010249171563,-0.003240578859
123.000000000000,738.000000000000,736.657396485550,0.012292586366,0.001946954412,0.012260799720,-0.002702123903
123.500000000000,741.000000000000,739.905107931745,0.014255749849,0.002642147062,0.014238188971,-0.002048882647
124.000000000000,744.000000000000,743.047822586457,0.016179839311,0.003439131012,0.016176143328,-0.001286421524
124.500000000000,747.000000000000,746.081477862486,0.018059580959,0.004335721786,0.018070255988,-0.000420642209
125.000000000000,750.000000000000,749.006242265480,0.019889822551,0.005329461890,0.019916856647,0.000542434608
125.500000000000,753.000000000000,751.826452396896,0.021665547521,0.006417627551,0.021712915188,0.001596864842
126.000000000000,756.000000000000,754.550391167388,0.023381888732,0.007597236184,0.023455912101,0.002736947081
126.500000000000,759.000000000000,757.189917836719,0.025034141811,0.008865054563,0.025143687118,0.003957353094
127.000000000000,762.000000000000,759.759966029264,0.026617778047,0.010217607685,0.026774277630,0.005253219414
127.500000000000,765.000000000000,762.277930714644,0.028128456804,0.011651188297,0.028345757701,0.006620198889
128.000000000000,768.000000000000,764.762969115029,0.029562037416,0.013161867054,0.029856087152,0.008054472879
128.500000000000,771.000000000000,767.235243463498,0.030914590538,0.014745503290,0.031302978662,0.009552726129
129.000000000000,774.000000000000,769.715135391726,0.032182408917,0.016397756369,0.032683789221,0.011112087400
129.500000000000,777.000000000000,772.222462413816,0.033362017550,0.018114097580,0.033995440804,0.012730039898
130.000000000000,780.000000000000,774.775726485715,0.034450183211,0.019889822551,0.035234373806,0.014404306414
130.500000000000,783.000000000000,777.391422990529,0.035443923315,0.021720064142,0.036396535621,0.016132715115
131.000000000000,786.000000000000,780.083435806983,0.036340514089,0.023599805790,0.037477405652,0.017913052965
131.500000000000,789.000000000000,782.862540478557,0.037137498039,0.025523895253,0.038472056863,0.019742914822
132.000000000000,792.000000000000,785.736033066477,0.037832690689,0.027487058735,0.039375252616,0.021619557195
132.500000000000,795.000000000000,788.707497221307,0.038424186564,0.029483915341,0.040181575964,0.023539766203
133.000000000000,798.000000000000,791.776716546779,0.038910364414,0.031508991828,0.040885586642,0.025499749328
133.500000000000,801.000000000000,794.939733670554,0.039289891659,0.033556737600,0.041481998978,0.027495059852
134.000000000000,804.000000000000,798.189051799012,0.039561728043,0.035621539929,0.041965871893,0.029520561258
134.500000000000,807.000000000000,801.513969132727,0.039725128480,0.037697739336,0.042332800403,0.031570436431
135.000000000000,810.000000000000,804.901031559507,0.039779645101,0.039779645101,0.042579096905,0.033638243240
135.500000000000,813.000000000000,808.334584706951,0.039725128480,0.041861550866,0.042701950292,0.035717014335
136.000000000000,816.000000000000,811.797402883941,0.039561728043,0.043937750273,0.042699551785,0.037799395135
136.500000000000,819.000000000000,815.271369796100,0.039289891659,0.046002552602,0.042571178375,0.039877810462
137.000000000000,822.000000000000,818.738184272981,0.038910364414,0.048050298374,0.042317227770,0.041944647536
137.500000000000,825.000000000000,822.180063644513,0.038424186564,0.050075374861,0.041939202513,0.043992441523
138.000000000000,828.000000000000,825.580417859909,0.037832690689,0.052072231468,0.041439644900,0.046014049634
138.500000000000,831.000000000000,828.924468922349,0.037137498039,0.054035394950,0.040822028182,0.048002801050
139.000000000000,834.000000000000,832.199792646861,0.036340514089,0.055959484412,0.040090612699,0.049952612396
139.500000000000,837.000000000000,835.396763030990,0.035443923315,0.057839226060,0.039250277768,0.051858061851
140.000000000000,840.000000000000,838.508883521029,0.034450183211,0.059669467652,0.038306341195,0.053714418772
140.500000000000,843.000000000000,841.532993998342,0.033362017550,0.061445192622,0.037264378188,0.055517629460
141.000000000000,846.000000000000,844.469347219402,0.032182408917,0.063161533833,0.036130050345,0.057264263037
141.500000000000,849.000000000000,847.321553526579,0.030914590538,0.064813786912,0.034908953623,0.058951424034
142.000000000000,852.000000000000,850.096397707610,0.029562037416,0.066397423148,0.033606492024,0.060576640034
142.500000000000,855.000000000000,852.803536726283,0.028128456804,0.067908101905,0.032227781471,0.062137733596
143.000000000000,858.000000000000,855.455091492820,0.026617778047,0.069341682517,0.030777586210,0.063632687782
143.500000000000,861.000000000000,858.065149724521,0.025034141811,0.070694235640,0.029260288236,0.065059514091
144.000000000000,864.000000000000,860.649200124495,0.023381888732,0.071962054018,0.027679888723,0.066416130644
144.500000000000,867.000000000000,863.223520466389,0.021665547521,0.073141662651,0.026040039200,0.067700257279
145.000000000000,870.000000000000,865.804543636485,0.019889822551,0.074229828312,0.024344099247,0.068909332933
145.500000000000,873.000000000000,868.408226207333,0.018059580959,0.075223568416,0.022595216641,0.070040459393
146.000000000000,876.000000000000,871.049443691702,0.016179839311,0.076120159190,0.020796425072,0.071090374285
146.500000000000,879.000000000000,873.741435281126,0.014255749849,0.076917143140,0.018950753855,0.072055454946
147.000000000000,882.000000000000,876.495318673361,0.012292586366,0.077612335790,0.017061343325,0.072931753642
147.500000000000,885.000000000000,879.319692633450,0.010295729760,0.078203831665,0.015131558995,0.073715063335
148.000000000000,888.000000000000,882.220341337215,0.008270653273,0.078690009515,0.013165097196,0.074401011842
148.500000000000,891.000000000000,885.200050460145,0.006222907501,0.079069536760,0.011166074826,0.074985180763
149.000000000000,894.000000000000,888.258540561852,0.004158105172,0.079341373144,0.009139096253,0.075463244011
149.500000000000,897.000000000000,891.392518749826,0.002081905765,0.079504773581,0.007089291395,0.075831119279
150.000000000000,900.000000000000,894.595845063222,-0.000000000000,0.079559290202,0.005022320577,0.076085124441
150.500000000000,903.000000000000,897.859805671302,-0.002081905765,0.079504773581,0.002944343932,0.076222129921
151.000000000000,906.000000000000,901.173480996055,-0.004158105172,0.079341373144,0.000861955692,0.076239697709
151.500000000000,909.000000000000,904.524193391910,-0.006222907501,0.079069536760,-0.001217913459,0.076136198004
152.000000000000,912.000000000000,907.898016173935,-0.008270653273,0.078690009515,-0.003288120060,0.075910895617
152.500000000000,915.000000000000,911.280323679706,-0.010295729760,0.078203831665,-0.005341449345,0.075564000175
153.000000000000,918.000000000000,914.656360749984,-0.012292586366,0.077612335790,-0.007370764593,0.075096676711
153.500000000000,921.000000000000,918.011809558477,-0.014255749849,0.076917143140,-0.009369153707,0.074511016118
154.000000000000,924.000000000000,921.333332117433,-0.016179839311,0.076120159190,-0.011330062613,0.073809967993
154.500000000000,927.000000000000,924.609068007033,-0.018059580959,0.075223568416,-0.013247406322,0.072997241041
155.000000000000,930.000000000000,927.829068864707,-0.019889822551,0.074229828312,-0.015115650547,0.072077178479
155.500000000000,933.000000000000,930.985653839266,-0.021665547521,0.073141662651,-0.016929859374,0.071054617225
156.000000000000,936.000000000000,934.073673452707,-0.023381888732,0.071962054018,-0.018685707380,0.069934740257
156.500000000000,939.000000000000,937.090672988253,-0.025034141811,0.070694235640,-0.020379457343,0.068722931301
157.000000000000,942.000000000000,940.036950489825,-0.026617778047,0.069341682517,-0.022007907195,0.067424640002
157.500000000000,945.000000000000,942.915508560040,-0.028128456804,0.067908101905,-0.023568311740,0.066045264346
158.000000000000,948.000000000000,945.731903222082,-0.029562037416,0.066397423148,-0.025058285995,0.064590055349
158.500000000000,951.000000000000,948.493997009384,-0.030914590538,0.064813786912,-0.026475697643,0.063064047220
159.000000000000,954.000000000000,951.211627019296,-0.032182408917,0.063161533833,-0.027818556145,0.061472014513
159.500000000000,957.000000000000,953.896201780158,-0.033362017550,0.061445192622,-0.029084905693,0.059818456254
160.000000000000,960.000000000000,956.560243322449,-0.034450183211,0.059669467652,-0.030272728417,0.058107605717
160.500000000000,963.000000000000,959.216892724249,-0.035443923315,0.057839226060,-0.031379863301,0.056343463510
161.000000000000,966.000000000000,961.879398555959,-0.036340514089,0.055959484412,-0.032403945200,0.054529850721
161.500000000000,969.000000000000,964.560608044567,-0.037137498039,0.054035394950,-0.033342367203,0.052670478191
162.000000000000,972.000000000000,967.272480408712,-0.037832690689,0.052072231468,-0.034192268445,0.050769027349
162.500000000000,975.000000000000,970.025640706763,-0.038424186564,0.050075374861,-0.034950548323,0.048829237542
163.000000000000,978.000000000000,972.828990743410,-0.038910364414,0.048050298374,-0.035613906906,0.046854994366
163.500000000000,981.000000000000,975.689391173910,-0.039289891659,0.046002552602,-0.036178910122,0.044850413278
164.000000000000,984.000000000000,978.611426029415,-0.039561728043,0.043937750273,-0.036642077079,0.042819912702
164.500000000000,987.000000000000,981.597257580239,-0.039725128480,0.041861550866,-0.036999985650,0.040768271127
165.000000000000,990.000000000000,984.646575888292,-0.039779645101,0.039779645101,-0.037249391240,0.038700663339
165.500000000000,993.000000000000,987.756643715356,-0.039725128480,0.037697739336,-0.037387352634,0.036622671966
166.000000000000,996.000000000000,990.922433792957,-0.039561728043,0.035621539929,-0.037411357987,0.034540271979
166.500000000000,999.000000000000,994.136851962306,-0.039289891659,0.033556737600,-0.037319443630,0.032459787608
167.000000000000,1002.000000000000,997.391036490872,-0.038910364414,0.031508991828,-0.037110298393,0.030387823140
167.500000000000,1005.000000000000,1000.674721084204,-0.038424186564,0.029483915341,-0.036783346806,0.028331171143
168.000000000000,1008.000000000000,1003.976646839026,-0.037832690689,0.027487058735,-0.036338805701,0.026296703573
168.500000000000,1011.000000000000,1007.285006706413,-0.037137498039,0.025523895253,-0.035777710479,0.024291252703
169.000000000000,1014.000000000000,1010.587905008352,-0.036340514089,0.023599805790,-0.035101909374,0.022321489815
169.500000000000,1017.000000000000,1013.873814207756,-0.035443923315,0.021720064142,-0.034314026306,0.020393809806
170.000000000000,1020.000000000000,1017.132011475085,-0.034450183211,0.019889822551,-0.033417395152,0.018514229420
170.500000000000,1023.000000000000,1020.352978601739,-0.033362017550,0.018114097580,-0.032415970204,0.016688305649
171.000000000000,1026.000000000000,1023.528750434021,-0.032182408917,0.016397756369,-0.031314219059,0.014921079159
171.500000000000,1029.000000000000,1026.653199171144,-0.030914590538,0.014745503290,-0.030117005116,0.013217045519
172.000000000000,1032.000000000000,1029.722244496241,-0.029562037416,0.013161867054,-0.028829467079,0.011580154856
172.500000000000,1035.000000000000,1032.733982483829,-0.028128456804,0.011651188297,-0.027456902586,0.010013838453
173.000000000000,1038.000000000000,1035.688729432245,-0.026617778047,0.010217607685,-0.026004662202,0.008521058974
173.500000000000,1041.000000000000,1038.588980079260,-0.025034141811,0.008865054563,-0.024478058870,0.007104379620
174.000000000000,1044.000000000000,1041.439282945321,-0.023381888732,0.007597236184,-0.022882296480,0.005766046545
174.500000000000,1047.000000000000,1044.246038686062,-0.021665547521,0.006417627551,-0.021222419795,0.004508078419
175.000000000000,1050.000000000000,1047.017230205756,-0.019889822551,0.005329461890,-0.019503286564,0.003332356984
175.500000000000,1053.000000000000,1049.762095779867,-0.018059580959,0.004335721786,-0.017729561403,0.002240712815
176.000000000000,1056.000000000000,1052.490758467210,-0.016179839311,0.003439131012,-0.015905729964,0.001235001067
176.500000000000,1059.000000000000,1055.213826588776,-0.014255749849,0.002642147062,-0.014036130987,0.000317162855
177.000000000000,1062.000000000000,1057.941980960913,-0.012292586366,0.001946954412,-0.012125003155,-0.000510731203
177.500000000000,1065.000000000000,1060.685564868192,-0.010295729760,0.001355458537,-0.010176543056,-0.001246457716
178.000000000000,1068.000000000000,1063.454192442726,-0.008270653273,0.000869280687,-0.008194970127,-0.001887638953
178.500000000000,1071.000000000000,1066.256390202424,-0.006222907501,0.000489753442,-0.006184594155,-0.002431763307
179.000000000000,1074.000000000000,1069.099285033554,-0.004158105172,0.000217917058,-0.004149880690,-0.002876227113
179.500000000000,1077.000000000000,1071.988349946723,-0.002081905765,0.000054516621,-0.002095509750,-0.003218396016
180.000000000000,1080.000000000000,1074.927216571345,-0.000000000000,0.000000000000,-0.000026423365,-0.003455683099
180.500000000000,1083.000000000000,1077.917560677868,0.002081905765,0.000054516621,0.002052142007,-0.003585639943
181.000000000000,1086.000000000000,1080.959064136164,0.004158105172,0.000217917058,0.004134641473,-0.003606055960
181.500000000000,1089.000000000000,1084.049453745527,0.006222907501,0.000489753442,0.006215228326,-0.003515060625
182.000000000000,1092.000000000000,1087.184614421851,0.008270653273,0.000869280687,0.008287782275,-0.003311222820
182.500000000000,1095.000000000000,1090.358771413414,0.010295729760,0.001355458537,0.010345958769,-0.002993641400
183.000000000000,1098.000000000000,1093.564733644198,0.012292586366,0.001946954412,0.012383257376,-0.002562021443
183.500000000000,1101.000000000000,1096.794188048187,0.014255749849,0.002642147062,0.014393105669,-0.002016731339
184.000000000000,1104.000000000000,1100.038032940675,0.016179839311,0.003439131012,0.016368953785,-0.001358837044
184.500000000000,1107.000000000000,1103.286737137303,0.018059580959,0.004335721786,0.018304373888,-0.000590111288
185.000000000000,1110.000000000000,1106.530710723054,0.019889822551,0.005329461890,0.020193158250,0.000286982801
185.500000000000,1113.000000000000,1109.760673115650,0.021665547521,0.006417627551,0.022029409743,0.001269332448
186.000000000000,1116.000000000000,1112.968004363267,0.023381888732,0.007597236184,0.023807619059,0.002353237485
186.500000000000,1119.000000000000,1116.145066446466,0.025034141811,0.008865054563,0.025522724034,0.003534489900
187.000000000000,1122.000000000000,1119.285482679865,0.026617778047,0.010217607685,0.027170147852,0.004808465406
187.500000000000,1125.000000000000,1122.384365072831,0.028128456804,0.011651188297,0.028745814503,0.006170221274
188.000000000000,1128.000000000000,1125.438481637133,0.029562037416,0.013161867054,0.030246141579,0.007614594529
188.500000000000,1131.000000000000,1128.446358036451,0.030914590538,0.014745503290,0.031668012025,0.009136295052
189.000000000000,1134.000000000000,1131.408310562182,0.032182408917,0.016397756369,0.033008727842,0.010729988786
189.500000000000,1137.000000000000,1134.326410090368,0.033362017550,0.018114097580,0.034265949778,0.012390367302
190.000000000000,1140.000000000000,1137.204379322483,0.034450183211,0.019889822551,0.035437627680,0.014112201079
190.500000000000,1143.000000000000,1140.047428137182,0.035443923315,0.021720064142,0.036521926549,0.015890375039
191.000000000000,1146.000000000000,1142.862034185856,0.036340514089,0.023599805790,0.037517153258,0.017719906026
191.500000000000,1149.000000000000,1145.655677866581,0.037137498039,0.025523895253,0.038421688627,0.019595942924
192.000000000000,1152.000000000000,1148.436542436212,0.037832690689,0.027487058735,0.039233928988,0.021513750999
192.500000000000,1155.000000000000,1151.213191211761,0.038424186564,0.029483915341,0.039952240675,0.023468682782
193.000000000000,1158.000000000000,1153.994234529881,0.038910364414,0.031508991828,0.040574930073,0.025456138391
193.500000000000,1161.000000000000,1156.787999356275,0.039289891659,0.033556737600,0.041100230974,0.027471518607
194.000000000000,1164.000000000000,1159.602214163032,0.039561728043,0.035621539929,0.041526310054,0.029510174336
194.500000000000,1167.000000000000,1162.443720938568,0.039725128480,0.037697739336,0.041851290384,0.031567356231
195.000000000000,1170.000000000000,1165.318224997127,0.039779645101,0.039779645101,0.042073291913,0.033638168286
195.500000000000,1173.000000000000,1168.230091664598,0.039725128480,0.041861550866,0.042190487021,0.035717529036
196.000000000000,1176.000000000000,1171.182197000816,0.039561728043,0.043937750273,0.042201168322,0.037800143683
196.500000000000,1179.000000000000,1174.175837553309,0.039289891659,0.046002552602,0.042103825223,0.039880489951
197.000000000000,1182.000000000000,1177.210701809894,0.038910364414,0.048050298374,0.041897225068,0.041952819688
197.500000000000,1185.000000000000,1180.284903618911,0.038424186564,0.050075374861,0.041580494324,0.044011177385
198.000000000000,1188.000000000000,1183.395075469030,0.037832690689,0.052072231468,0.041153195088,0.046049435623
198.500000000000,1191.000000000000,1186.536517256208,0.037137498039,0.054035394950,0.040615392296,0.048061346370
199.000000000000,1194.000000000000,1189.703394098740,0.036340514089,0.055959484412,0.039967707488,0.050040605847
199.500000000000,1197.000000000000,1192.888974968932,0.035443923315,0.057839226060,0.039211355702,0.051980929638
200.000000000000,1200.000000000000,1196.085902456707,0.034450183211,0.059669467652,0.038348163115,0.053876133867
