t,x,y,psi_ref,u,delta
0,0,0,0,0,0
0.08,0.36,0,0,0,0
0.16,0.72,0,0,0,0
0.24,1.08,0,0,0,0
0.32,1.44,0,0,0,0
0.4,1.8,0,0,0,0
0.48,2.16,0,0,0,0
0.56,2.52,0,0,0,0
0.64,2.88,0,0,0,0
0.72,3.24,0,0,0,0
0.8,3.6,0,0,0,0
0.88,3.96,0,0,0,0
0.96,4.32,0,0,0,0
1.04,4.68,0,0,0,0
1.12,5.04,0,0,0,0
1.2,5.4,0,0,0,0
1.28,5.76,0,0,0,0
1.36,6.12,0,0,0,0
1.44,6.48,0,0,0,0
1.52,6.84,0,0,0,0
1.6,7.2,0,0,0,0
1.68,7.56,0,0,0,0
1.76,7.92,0,0,0,0
1.84,8.28,0,0,0,0
1.92,8.64,0,0,0,0
2,9,0,0,0,0
2.08,9.36,0,0,0,0
2.16,9.72,0,0,0,0
2.24,10.08,0,0,0,0
2.32,10.44,0,0,0,0
2.4,10.8,0,0,0,0
2.48,11.16,0,0,0,0
2.56,11.52,0,0,0,0
2.64,11.88,0,0,0,0
2.72,12.24,0,0,0,0
2.8,12.6,0,0,0,0
2.88,12.96,0,0,0,0
2.96,13.32,0,0,0,0
3.04,13.68,0,0,0,0
3.12,14.04,0,0,0,0
3.2,14.4,0,0,0,0
3.28,14.76,0,0,0,0
3.36,15.12,0,0,0,0
3.44,15.48,0,0,0,0
3.52,15.84,0,0,0,0
3.6,16.2,0,0,0,0
3.68,16.56,0,0,0,0
3.76,16.92,0,0,0,0
3.84,17.28,0,0,0,0
3.92,17.64,0,0,0,0
4,18,0,0,0,0
4.08,18.36,0,0,0,0
4.16,18.72,0,0,0,0
4.24,19.08,0,0,0,0
4.32,19.44,0,0,0,0
4.4,19.8,0,0,0,0
4.48,20.16,0,0,0,0
4.56,20.52,0,0,0,0
4.64,20.88,0,0,0,0
4.72,21.24,0,0,0,0
4.8,21.6,0,0,0,0
4.88,21.96,0,0,0,0
4.96,22.32,0,0,0,0
5.04,22.68,0,0,0,0
5.12,23.04,0,0,0,0
5.2,23.4,0,0,0,0
5.28,23.76,0,0,0,0
5.36,24.12,0,0,0,0
5.44,24.48,0,0,0,0
5.52,24.84,0,0,0,0
5.6,25.2,0,0,0,0
5.68,25.56,0,0,0,0
5.76,25.92,0,0,0,0
5.84,26.28,0,0,0,0
5.92,26.64,0,0,0,0
6,27,0,0,0,0
6.08,27.36,0,0,0,0
6.16,27.72,0,0,0,0
6.24,28.08,0,0,0,0
6.32,28.44,0,0,0,0
6.4,28.8,0,0,0,0
6.48,29.16,0,0,0,0
6.56,29.52,0,0,0,0
6.64,29.88,0,0,0,0
6.72,30.24,0,0,0,0
6.8,30.6,0,0,0,0
6.88,30.96,0,0,0,0
6.96,31.32,0,0,0,0
7.04,31.68,0,0,0,0
7.12,32.04,0,0,0,0
7.2,32.4,0,0,0,0
7.28,32.76,0,0,0,0
7.36,33.12,0,0,0,0
7.44,33.48,0,0,0,0
7.52,33.84,0,0,0,0
7.6,34.2,0,0,0,0
7.68,34.56,0,0,0,0
7.76,34.92,0,0,0,0
7.84,35.28,0,0,0,0
7.92,35.64,0,0,0,0
8,36,0,0,0,0
8.08,36.36,0,0,0,0
8.16,36.72,0,0,0,0
8.24,37.08,0,0,0,0
8.32,37.44,0,0,0,0
8.4,37.8,0,0,0,0
8.48,38.16,0,0,0,0
8.56,38.52,0,0,0,0
8.64,38.88,0,0,0,0
8.72,39.24,0,0,0,0
8.8,39.6,0,0,0,0
8.88,39.96,0,0,0,0
8.96,40.32,0,0,0,0
9.04,40.68,0,0,0,0
9.12,41.04,0,0,0,0
9.2,41.4,0,0,0,0
9.28,41.76,0,0,0,0
9.36,42.12,0,0,0,0
9.44,42.48,0,0,0,0
9.52,42.84,0,0,0,0
9.6,43.2,0,0,0,0
9.68,43.56,0,0,0,0
9.76,43.92,0,0,0,0
9.84,44.28,0,0,0,0
9.92,44.64,0,0,0,0
10,45,0,0,0,0
10.08,45.36,0,0,0,0
10.16,45.72,0,0,0,0
10.24,46.08,0,0,0,0
10.32,46.44,0,0,0,0
10.4,46.8,0,0,0,0
10.48,47.16,0,0,0,0
10.56,47.52,0,0,0,0
10.64,47.88,0,0,0,0
10.72,48.24,0,0,0,0
10.8,48.6,0,0,0,0
10.88,48.96,0,0,0,0
10.96,49.32,0,0,0,0
11.04,49.68,0,0,0,0
11.12,50.04,0,0,0,0
11.2,50.4,0,0,0,0
11.28,50.76,0,0,0,0
11.36,51.12,0,0,0,0
11.44,51.48,0,0,0,0
11.52,51.84,0,0,0,0
11.6,52.2,0,0,0,0
11.68,52.56,0,0,0,0
11.76,52.92,0,0,0,0
11.84,53.28,0,0,0,0
11.92,53.64,0,0,0,0
12,54,0,0,0,0
12.08,54.36,0,0,0,0
12.16,54.72,0,0,0,0
12.24,55.08,0,0,0,0
12.32,55.44,0,0,0,0
12.4,55.8,0,0,0,0
12.48,56.16,0,0,0,0
12.56,56.52,0,0,0,0
12.64,56.88,0,0,0,0
12.72,57.24,0,0,0,0
12.8,57.6,0,0,0,0
12.88,57.96,0,0,0,0
12.96,58.32,0,0,0,0
13.04,58.68,0,0,0,0
13.12,59.04,0,0,0,0
13.2,59.4,0,0,0,0
13.28,59.76,0,0,0,0
13.36,60.12,0,0,0,0
13.44,60.48,0,0,0,0
13.52,60.84,0,0,0,0
13.6,61.2,0,0,0,0
13.68,61.56,0,0,0,0
13.76,61.92,0,0,0,0
13.84,62.28,0,0,0,0
13.92,62.64,0,0,0,0
14,63,0,0,0,0
14.08,63.36,0,0,0,0
14.16,63.72,0,0,0,0
14.24,64.08,0,0,0,0
14.32,64.44,0,0,0,0
14.4,64.8,0,0,0,0
14.48,65.16,0,0,0,0
14.56,65.52,0,0,0,0
14.64,65.88,0,0,0,0
14.72,66.24,0,0,0,0
14.8,66.6,0,0,0,0
14.88,66.96,0,0,0,0
14.96,67.32,0,0,0,0
15.04,67.68,0,0,0,0
15.12,68.04,0,0,0,0
15.2,68.4,0,0,0,0
15.28,68.76,0,0,0,0
15.36,69.12,0,0,0,0
15.44,69.48,0,0,0,0
15.52,69.84,0,0,0,0
15.6,70.2,0,0,0,0
15.68,70.56,0,0,0,0
15.76,70.92,0,0,0,0
15.84,71.28,0,0,0,0
15.92,71.64,0,0,0,0
16,72,0,0,0,0
16.08,72.36,0,0,0,0
16.16,72.72,0,0,0,0
16.24,73.08,0,0,0,0
16.32,73.44,0,0,0,0
16.4,73.8,0,0,0,0
16.48,74.16,0,0,0,0
16.56,74.52,0,0,0,0
16.64,74.88,0,0,0,0
16.72,75.24,0,0,0,0
16.8,75.6,0,0,0,0
16.88,75.96,0,0,0,0
16.96,76.32,0,0,0,0
17.04,76.68,0,0,0,0
17.12,77.04,0,0,0,0
17.2,77.4,0,0,0,0
17.28,77.76,0,0,0,0
17.36,78.12,0,0,0,0
17.44,78.48,0,0,0,0
17.52,78.84,0,0,0,0
17.6,79.2,0,0,0,0
17.68,79.56,0,0,0,0
17.76,79.92,0,0,0,0
17.84,80.28,0,0,0,0
17.92,80.64,0,0,0,0
18,81,0,15.524111,148.64336,3.36
18.08,81.36,0.2,29.054604,210.17932,6.72
18.16,81.72,0.4,29.054604,150.78235,10.08
18.24,82.08,0.6,29.054604,150.48075,13.44
18.32,82.44,0.8,29.054604,150.07863,16.8
18.4,82.8,1,29.054604,149.57597,20.16
18.48,83.16,1.2,29.054604,148.97279,23.52
18.56,83.52,1.4,29.054604,148.26907,26.88
18.64,83.88,1.6,29.054604,147.46482,30
18.72,84.24,1.8,29.054604,146.60767,30
18.8,84.6,2,29.054604,145.75053,30
18.88,84.96,2.2,29.054604,144.89338,30
18.96,85.32,2.4,29.054604,144.03624,30
19.04,85.68,2.6,29.054604,143.17909,30
19.12,86.04,2.8,29.054604,142.32195,30
19.2,86.4,3,29.054604,141.4648,30
19.28,86.76,3.2,29.054604,140.60766,30
19.36,87.12,3.4,29.054604,139.75051,30
19.44,87.48,3.6,29.054604,138.89337,30
19.52,87.84,3.8,29.054604,138.03622,30
19.6,88.2,4,29.054604,137.17908,30
19.68,88.56,4.2,29.054604,136.32193,30
19.76,88.92,4.4,29.054604,135.46479,30
19.84,89.28,4.6,29.054604,134.60765,30
19.92,89.64,4.8,29.054604,133.7505,30
20,90,5,29.054604,132.89336,30
20.08,90.36,5.2,29.054604,132.03621,30
20.16,90.72,5.4,29.054604,131.17907,30
20.24,91.08,5.6,29.054604,130.32192,30
20.32,91.44,5.8,29.054604,129.46478,30
20.4,91.8,6,29.054604,128.60763,30
20.48,92.16,6.2,29.054604,127.75049,30
20.56,92.52,6.4,29.054604,126.89334,30
20.64,92.88,6.6,29.054604,126.0362,30
20.72,93.24,6.8,29.054604,125.17905,30
20.8,93.6,7,29.054604,124.32191,30
20.88,93.96,7.2,29.054604,123.46476,30
20.96,94.32,7.4,29.054604,122.60762,30
21.04,94.68,7.6,29.054604,121.75047,30
21.12,95.04,7.8,29.054604,120.89333,30
21.2,95.4,8,29.054604,120.03618,30
21.28,95.76,8.2,29.054604,119.17904,30
21.36,96.12,8.4,29.054604,118.32189,30
21.44,96.48,8.6,29.054604,117.46475,30
21.52,96.84,8.8,29.054604,116.6076,30
21.6,97.2,9,29.054604,115.75046,30
21.68,97.56,9.2,29.054604,114.89331,30
21.76,97.92,9.4,29.054604,114.03617,30
21.84,98.28,9.6,29.054604,113.17902,30
21.92,98.64,9.8,29.054604,112.32188,30
22,99,10,29.054604,111.46473,30
22.08,99.36,10.2,29.054604,110.60759,30
22.16,99.72,10.4,29.054604,109.75044,30
22.24,100.08,10.6,29.054604,108.8933,30
22.32,100.44,10.8,29.054604,108.03615,30
22.4,100.8,11,29.054604,107.17901,30
22.48,101.16,11.2,29.054604,106.32186,30
22.56,101.52,11.4,29.054604,105.46472,30
22.64,101.88,11.6,29.054604,104.60758,30
22.72,102.24,11.8,29.054604,103.75043,30
22.8,102.6,12,29.054604,102.89329,30
22.88,102.96,12.2,29.054604,102.03614,30
22.96,103.32,12.4,29.054604,101.179,30
23.04,103.68,12.6,29.054604,100.32185,30
23.12,104.04,12.8,29.054604,99.464706,30
23.2,104.4,13,29.054604,98.607561,30
23.28,104.76,13.2,29.054604,97.750416,30
23.36,105.12,13.4,29.054604,96.893271,30
23.44,105.48,13.6,29.054604,96.036126,30
23.52,105.84,13.8,29.054604,95.178982,30
23.6,106.2,14,29.054604,94.321837,30
23.68,106.56,14.2,29.054604,93.464692,30
23.76,106.92,14.4,29.054604,92.607547,30
23.84,107.28,14.6,29.054604,91.750402,30
23.92,107.64,14.8,29.054604,90.893257,30
24,108,15,29.054604,90.036112,30
24.08,108.36,15.2,29.054604,89.178968,30
24.16,108.72,15.4,29.054604,88.321823,30
24.24,109.08,15.6,29.054604,87.464678,30
24.32,109.44,15.8,29.054604,86.607533,30
24.4,109.8,16,29.054604,85.750388,30
24.48,110.16,16.2,29.054604,84.893243,30
24.56,110.52,16.4,29.054604,84.036098,30
24.64,110.88,16.6,29.054604,83.178954,30
24.72,111.24,16.8,29.054604,82.321809,30
24.8,111.6,17,29.054604,81.464664,30
24.88,111.96,17.2,29.054604,80.607519,30
24.96,112.32,17.4,29.054604,79.750374,30
25.04,112.68,17.6,29.054604,78.893229,30
25.12,113.04,17.8,29.054604,78.036084,30
25.2,113.4,18,29.054604,77.178939,30
25.28,113.76,18.2,29.054604,76.321795,30
25.36,114.12,18.4,29.054604,75.46465,30
25.44,114.48,18.6,29.054604,74.607505,30
25.52,114.84,18.8,29.054604,73.75036,30
25.6,115.2,19,29.054604,72.893215,30
25.68,115.56,19.2,29.054604,72.03607,30
25.76,115.92,19.4,29.054604,71.178925,30
25.84,116.28,19.6,29.054604,70.321781,30
25.92,116.64,19.8,29.054604,69.464636,30
26,117,20,29.054604,68.607491,30
26.08,117.36,20.2,29.054604,67.750346,30
26.16,117.72,20.4,29.054604,66.893201,30
26.24,118.08,20.6,29.054604,66.036056,30
26.32,118.44,20.8,29.054604,65.178911,30
26.4,118.8,21,29.054604,64.321767,30
26.48,119.16,21.2,29.054604,63.464622,30
26.56,119.52,21.4,29.054604,62.607477,30
26.64,119.88,21.6,29.054604,61.750332,30
26.72,120.24,21.8,29.054604,60.893187,30
26.8,120.6,22,29.054604,60.036042,30
26.88,120.96,22.2,29.054604,59.178897,30
26.96,121.32,22.4,29.054604,58.321753,30
27.04,121.68,22.6,29.054604,57.464608,30
27.12,122.04,22.8,29.054604,56.607463,30
27.2,122.4,23,29.054604,55.750318,30
27.28,122.76,23.2,29.054604,54.893173,30
27.36,123.12,23.4,29.054604,54.036028,30
27.44,123.48,23.6,29.054604,53.178883,30
27.52,123.84,23.8,29.054604,52.321738,30
27.6,124.2,24,29.054604,51.464594,30
27.68,124.56,24.2,29.054604,50.607449,30
27.76,124.92,24.4,29.054604,49.750304,30
27.84,125.28,24.6,29.054604,48.893159,30
27.92,125.64,24.8,29.054604,48.036014,30
28,126,25,29.054604,47.178869,30
28.08,126.36,25.2,29.054604,46.321724,30
28.16,126.72,25.4,29.054604,45.46458,30
28.24,127.08,25.6,29.054604,44.607435,30
28.32,127.44,25.8,29.054604,43.75029,30
28.4,127.8,26,29.054604,42.893145,30
28.48,128.16,26.2,29.054604,42.036,30
28.56,128.52,26.4,29.054604,41.178855,30
28.64,128.88,26.6,29.054604,40.32171,30
28.72,129.24,26.8,29.054604,39.464566,30
28.8,129.6,27,29.054604,38.607421,30
28.88,129.96,27.2,29.054604,37.750276,30
28.96,130.32,27.4,29.054604,36.893131,30
29.04,130.68,27.6,29.054604,36.035986,30
29.12,131.04,27.8,29.054604,35.178841,30
29.2,131.4,28,29.054604,34.321696,30
29.28,131.76,28.2,29.054604,33.464552,30
29.36,132.12,28.4,29.054604,32.607407,30
29.44,132.48,28.6,29.054604,31.750262,30
29.52,132.84,28.8,29.054604,30.893117,30
29.6,133.2,29,29.054604,30.035972,30
29.68,133.56,29.2,29.054604,29.178827,29.178827
29.76,133.92,29.4,29.054604,28.321682,28.321682
29.84,134.28,29.6,29.054604,27.474298,27.474298
29.92,134.64,29.8,29.054604,26.652267,26.652267
30,135,30,15.524111,-103.69964,23.292267
30.08,135.36,30,0,-193.844,19.932267
30.16,135.72,30,0,-126.52239,16.572267
30.24,136.08,30,0,-127.01823,13.212267
30.32,136.44,30,0,-127.41354,9.8522666
30.4,136.8,30,0,-127.70832,6.4922666
30.48,137.16,30,0,-127.90257,3.1322666
30.56,137.52,30,0,-127.99629,-0.22773336
30.64,137.88,30,0,-127.98947,-3.5877334
30.72,138.24,30,0,-127.88213,-6.9477334
30.8,138.6,30,0,-127.67425,-10.307733
30.88,138.96,30,0,-127.36585,-13.667733
30.96,139.32,30,0,-126.95691,-17.027733
31.04,139.68,30,0,-126.44744,-20.387733
31.12,140.04,30,0,-125.83744,-23.747733
31.2,140.4,30,0,-125.1269,-27.107733
31.28,140.76,30,0,-124.31584,-30
31.36,141.12,30,0,-123.4587,-30
31.44,141.48,30,0,-122.60155,-30
31.52,141.84,30,0,-121.74441,-30
31.6,142.2,30,0,-120.88726,-30
31.68,142.56,30,0,-120.03012,-30
31.76,142.92,30,0,-119.17297,-30
31.84,143.28,30,0,-118.31583,-30
31.92,143.64,30,0,-117.45868,-30
32,144,30,0,-116.60154,-30
32.08,144.36,30,0,-115.74439,-30
32.16,144.72,30,0,-114.88725,-30
32.24,145.08,30,0,-114.0301,-30
32.32,145.44,30,0,-113.17296,-30
32.4,145.8,30,0,-112.31581,-30
32.48,146.16,30,0,-111.45867,-30
32.56,146.52,30,0,-110.60152,-30
32.64,146.88,30,0,-109.74438,-30
32.72,147.24,30,0,-108.88723,-30
32.8,147.6,30,0,-108.03009,-30
32.88,147.96,30,0,-107.17294,-30
32.96,148.32,30,0,-106.3158,-30
33.04,148.68,30,0,-105.45865,-30
33.12,149.04,30,0,-104.60151,-30
33.2,149.4,30,0,-103.74436,-30
33.28,149.76,30,0,-102.88722,-30
33.36,150.12,30,0,-102.03007,-30
33.44,150.48,30,0,-101.17293,-30
33.52,150.84,30,0,-100.31578,-30
33.6,151.2,30,0,-99.458639,-30
33.68,151.56,30,0,-98.601495,-30
33.76,151.92,30,0,-97.74435,-30
33.84,152.28,30,0,-96.887205,-30
33.92,152.64,30,0,-96.03006,-30
34,153,30,0,-95.172915,-30
34.08,153.36,30,0,-94.31577,-30
34.16,153.72,30,0,-93.458625,-30
34.24,154.08,30,0,-92.601481,-30
34.32,154.44,30,0,-91.744336,-30
34.4,154.8,30,0,-90.887191,-30
34.48,155.16,30,0,-90.030046,-30
34.56,155.52,30,0,-89.172901,-30
34.64,155.88,30,0,-88.315756,-30
34.72,156.24,30,0,-87.458611,-30
34.8,156.6,30,0,-86.601466,-30
34.88,156.96,30,0,-85.744322,-30
34.96,157.32,30,0,-84.887177,-30
35.04,157.68,30,0,-84.030032,-30
35.12,158.04,30,0,-83.172887,-30
35.2,158.4,30,0,-82.315742,-30
35.28,158.76,30,0,-81.458597,-30
35.36,159.12,30,0,-80.601452,-30
35.44,159.48,30,0,-79.744308,-30
35.52,159.84,30,0,-78.887163,-30
35.6,160.2,30,0,-78.030018,-30
35.68,160.56,30,0,-77.172873,-30
35.76,160.92,30,0,-76.315728,-30
35.84,161.28,30,0,-75.458583,-30
35.92,161.64,30,0,-74.601438,-30
36,162,30,0,-73.744294,-30
36.08,162.36,30,0,-72.887149,-30
36.16,162.72,30,0,-72.030004,-30
36.24,163.08,30,0,-71.172859,-30
36.32,163.44,30,0,-70.315714,-30
36.4,163.8,30,0,-69.458569,-30
36.48,164.16,30,0,-68.601424,-30
36.56,164.52,30,0,-67.74428,-30
36.64,164.88,30,0,-66.887135,-30
36.72,165.24,30,0,-66.02999,-30
36.8,165.6,30,0,-65.172845,-30
36.88,165.96,30,0,-64.3157,-30
36.96,166.32,30,0,-63.458555,-30
37.04,166.68,30,0,-62.60141,-30
37.12,167.04,30,0,-61.744265,-30
37.2,167.4,30,0,-60.887121,-30
37.28,167.76,30,0,-60.029976,-30
37.36,168.12,30,0,-59.172831,-30
37.44,168.48,30,0,-58.315686,-30
37.52,168.84,30,0,-57.458541,-30
37.6,169.2,30,0,-56.601396,-30
37.68,169.56,30,0,-55.744251,-30
37.76,169.92,30,0,-54.887107,-30
37.84,170.28,30,0,-54.029962,-30
37.92,170.64,30,0,-53.172817,-30
38,171,30,0,-52.315672,-30
38.08,171.36,30,0,-51.458527,-30
38.16,171.72,30,0,-50.601382,-30
38.24,172.08,30,0,-49.744237,-30
38.32,172.44,30,0,-48.887093,-30
38.4,172.8,30,0,-48.029948,-30
38.48,173.16,30,0,-47.172803,-30
38.56,173.52,30,0,-46.315658,-30
38.64,173.88,30,0,-45.458513,-30
38.72,174.24,30,0,-44.601368,-30
38.8,174.6,30,0,-43.744223,-30
38.88,174.96,30,0,-42.887079,-30
38.96,175.32,30,0,-42.029934,-30
39.04,175.68,30,0,-41.172789,-30
39.12,176.04,30,0,-40.315644,-30
39.2,176.4,30,0,-39.458499,-30
39.28,176.76,30,0,-38.601354,-30
39.36,177.12,30,0,-37.744209,-30
39.44,177.48,30,0,-36.887065,-30
39.52,177.84,30,0,-36.02992,-30
39.6,178.2,30,0,-35.172775,-30
39.68,178.56,30,0,-34.31563,-30
39.76,178.92,30,0,-33.458485,-30
39.84,179.28,30,0,-32.60134,-30
39.92,179.64,30,0,-31.744195,-30
40,180,30,0,-30.88705,-30
40.08,180.36,30,0,-30.029906,-30
40.16,180.72,30,0,-29.172761,-29.172761
40.24,181.08,30,0,-28.315616,-28.315616
40.32,181.44,30,0,-27.468413,-27.468413
40.4,181.8,30,0,-26.646558,-26.646558
40.48,182.16,30,0,-25.849293,-25.849293
40.56,182.52,30,0,-25.075882,-25.075882
40.64,182.88,30,0,-24.325612,-24.325612
40.72,183.24,30,0,-23.597789,-23.597789
40.8,183.6,30,0,-22.891743,-22.891743
40.88,183.96,30,0,-22.206822,-22.206822
40.96,184.32,30,0,-21.542394,-21.542394
41.04,184.68,30,0,-20.897846,-20.897846
41.12,185.04,30,0,-20.272582,-20.272582
41.2,185.4,30,0,-19.666027,-19.666027
41.28,185.76,30,0,-19.077619,-19.077619
41.36,186.12,30,0,-18.506817,-18.506817
41.44,186.48,30,0,-17.953093,-17.953093
41.52,186.84,30,0,-17.415936,-17.415936
41.6,187.2,30,0,-16.894851,-16.894851
41.68,187.56,30,0,-16.389357,-16.389357
41.76,187.92,30,0,-15.898988,-15.898988
41.84,188.28,30,0,-15.42329,-15.42329
41.92,188.64,30,0,-14.961825,-14.961825
42,189,30,0,-14.514168,-14.514168
42.08,189.36,30,0,-14.079904,-14.079904
42.16,189.72,30,0,-13.658633,-13.658633
42.24,190.08,30,0,-13.249967,-13.249967
42.32,190.44,30,0,-12.853528,-12.853528
42.4,190.8,30,0,-12.46895,-12.46895
42.48,191.16,30,0,-12.095879,-12.095879
42.56,191.52,30,0,-11.73397,-11.73397
42.64,191.88,30,0,-11.38289,-11.38289
42.72,192.24,30,0,-11.042314,-11.042314
42.8,192.6,30,0,-10.711928,-10.711928
42.88,192.96,30,0,-10.391427,-10.391427
42.96,193.32,30,0,-10.080516,-10.080516
43.04,193.68,30,0,-9.7789065,-9.7789065
43.12,194.04,30,0,-9.4863216,-9.4863216
43.2,194.4,30,0,-9.2024909,-9.2024909
43.28,194.76,30,0,-8.9271523,-8.9271523
43.36,195.12,30,0,-8.6600519,-8.6600519
43.44,195.48,30,0,-8.4009432,-8.4009432
43.52,195.84,30,0,-8.149587,-8.149587
43.6,196.2,30,0,-7.9057513,-7.9057513
43.68,196.56,30,0,-7.6692112,-7.6692112
43.76,196.92,30,0,-7.4397484,-7.4397484
43.84,197.28,30,0,-7.2171512,-7.2171512
43.92,197.64,30,0,-7.001214,-7.001214
44,198,30,0,-6.7917377,-6.7917377
44.08,198.36,30,0,-6.5885289,-6.5885289
44.16,198.72,30,0,-6.3914001,-6.3914001
44.24,199.08,30,0,-6.2001694,-6.2001694
44.32,199.44,30,0,-6.0146604,-6.0146604
44.4,199.8,30,0,-5.8347017,-5.8347017
44.48,200.16,30,0,-5.6601274,-5.6601274
44.56,200.52,30,0,-5.4907764,-5.4907764
44.64,200.88,30,0,-5.3264924,-5.3264924
44.72,201.24,30,0,-5.1671237,-5.1671237
44.8,201.6,30,0,-5.0125234,-5.0125234
44.88,201.96,30,0,-4.8625487,-4.8625487
44.96,202.32,30,0,-4.7170612,-4.7170612
45.04,202.68,30,0,-4.5759268,-4.5759268
45.12,203.04,30,0,-4.439015,-4.439015
45.2,203.4,30,0,-4.3061997,-4.3061997
45.28,203.76,30,0,-4.1773582,-4.1773582
45.36,204.12,30,0,-4.0523717,-4.0523717
45.44,204.48,30,0,-3.9311247,-3.9311247
45.52,204.84,30,0,-3.8135054,-3.8135054
45.6,205.2,30,0,-3.6994054,-3.6994054
45.68,205.56,30,0,-3.5887192,-3.5887192
45.76,205.92,30,0,-3.4813447,-3.4813447
45.84,206.28,30,0,-3.3771828,-3.3771828
45.92,206.64,30,0,-3.2761375,-3.2761375
46,207,30,-26.565051,-257.53848,-6.6361375
46.08,207.36,29.64,-45,-317.63246,-9.9961375
46.16,207.72,29.28,-45,-236.68048,-13.356138
46.24,208.08,28.92,-45,-236.28086,-16.716138
46.32,208.44,28.56,-45,-235.78072,-20.076138
46.4,208.8,28.2,-45,-235.18004,-23.436138
46.48,209.16,27.84,-45,-234.47883,-26.796138
46.56,209.52,27.48,-45,-233.67709,-30
46.64,209.88,27.12,-45,-232.81994,-30
46.72,210.24,26.76,-45,-231.9628,-30
46.8,210.6,26.4,-45,-231.10565,-30
46.88,210.96,26.04,-45,-230.24851,-30
46.96,211.32,25.68,-45,-229.39136,-30
47.04,211.68,25.32,-45,-228.53422,-30
47.12,212.04,24.96,-45,-227.67707,-30
47.2,212.4,24.6,-45,-226.81993,-30
47.28,212.76,24.24,-45,-225.96278,-30
47.36,213.12,23.88,-45,-225.10564,-30
47.44,213.48,23.52,-45,-224.24849,-30
47.52,213.84,23.16,-45,-223.39135,-30
47.6,214.2,22.8,-45,-222.5342,-30
47.68,214.56,22.44,-45,-221.67706,-30
47.76,214.92,22.08,-45,-220.81991,-30
47.84,215.28,21.72,-45,-219.96277,-30
47.92,215.64,21.36,-45,-219.10563,-30
48,216,21,-45,-218.24848,-30
48.08,216.36,20.64,-45,-217.39134,-30
48.16,216.72,20.28,-45,-216.53419,-30
48.24,217.08,19.92,-45,-215.67705,-30
48.32,217.44,19.56,-45,-214.8199,-30
48.4,217.8,19.2,-45,-213.96276,-30
48.48,218.16,18.84,-45,-213.10561,-30
48.56,218.52,18.48,-45,-212.24847,-30
48.64,218.88,18.12,-45,-211.39132,-30
48.72,219.24,17.76,-45,-210.53418,-30
48.8,219.6,17.4,-45,-209.67703,-30
48.88,219.96,17.04,-45,-208.81989,-30
48.96,220.32,16.68,-45,-207.96274,-30
49.04,220.68,16.32,-45,-207.1056,-30
49.12,221.04,15.96,-45,-206.24845,-30
49.2,221.4,15.6,-45,-205.39131,-30
49.28,221.76,15.24,-45,-204.53416,-30
49.36,222.12,14.88,-45,-203.67702,-30
49.44,222.48,14.52,-45,-202.81987,-30
49.52,222.84,14.16,-45,-201.96273,-30
49.6,223.2,13.8,-45,-201.10558,-30
49.68,223.56,13.44,-45,-200.24844,-30
49.76,223.92,13.08,-45,-199.39129,-30
49.84,224.28,12.72,-45,-198.53415,-30
49.92,224.64,12.36,-45,-197.677,-30
50,225,12,-45,-196.81986,-30
50.08,225.36,11.64,-45,-195.96271,-30
50.16,225.72,11.28,-45,-195.10557,-30
50.24,226.08,10.92,-45,-194.24842,-30
50.32,226.44,10.56,-45,-193.39128,-30
50.4,226.8,10.2,-45,-192.53413,-30
50.48,227.16,9.84,-45,-191.67699,-30
50.56,227.52,9.48,-45,-190.81984,-30
50.64,227.88,9.12,-45,-189.9627,-30
50.72,228.24,8.76,-45,-189.10555,-30
50.8,228.6,8.4,-45,-188.24841,-30
50.88,228.96,8.04,-45,-187.39127,-30
50.96,229.32,7.68,-45,-186.53412,-30
51.04,229.68,7.32,-45,-185.67698,-30
51.12,230.04,6.96,-45,-184.81983,-30
51.2,230.4,6.6,-45,-183.96269,-30
51.28,230.76,6.24,-45,-183.10554,-30
51.36,231.12,5.88,-45,-182.2484,-30
51.44,231.48,5.52,-45,-181.39125,-30
51.52,231.84,5.16,-45,-180.53411,-30
51.6,232.2,4.8,-45,-179.67696,-30
51.68,232.56,4.44,-45,-178.81982,-30
51.76,232.92,4.08,-45,-177.96267,-30
51.84,233.28,3.72,-45,-177.10553,-30
51.92,233.64,3.36,-45,-176.24838,-30
52,234,3,-45,-175.39124,-30
52.08,234.36,2.64,-45,-174.53409,-30
52.16,234.72,2.28,-45,-173.67695,-30
52.24,235.08,1.92,-45,-172.8198,-30
52.32,235.44,1.56,-45,-171.96266,-30
52.4,235.8,1.2,-45,-171.10551,-30
52.48,236.16,0.84,-45,-170.24837,-30
52.56,236.52,0.48,-45,-169.39122,-30
52.64,236.88,0.12,-45,-168.53408,-30
52.72,237.24,-0.24,-45,-167.67693,-30
52.8,237.6,-0.6,-45,-166.81979,-30
52.88,237.96,-0.96,-45,-165.96264,-30
52.96,238.32,-1.32,-45,-165.1055,-30
53.04,238.68,-1.68,-45,-164.24835,-30
53.12,239.04,-2.04,-45,-163.39121,-30
53.2,239.4,-2.4,-45,-162.53406,-30
53.28,239.76,-2.76,-45,-161.67692,-30
53.36,240.12,-3.12,-45,-160.81977,-30
53.44,240.48,-3.48,-45,-159.96263,-30
53.52,240.84,-3.84,-45,-159.10548,-30
53.6,241.2,-4.2,-45,-158.24834,-30
53.68,241.56,-4.56,-45,-157.39119,-30
53.76,241.92,-4.92,-45,-156.53405,-30
53.84,242.28,-5.28,-45,-155.67691,-30
53.92,242.64,-5.64,-45,-154.81976,-30
54,243,-6,-45,-153.96262,-30
54.08,243.36,-6.36,-45,-153.10547,-30
54.16,243.72,-6.72,-45,-152.24833,-30
54.24,244.08,-7.08,-45,-151.39118,-30
54.32,244.44,-7.44,-45,-150.53404,-30
54.4,244.8,-7.8,-45,-149.67689,-30
54.48,245.16,-8.16,-45,-148.81975,-30
54.56,245.52,-8.52,-45,-147.9626,-30
54.64,245.88,-8.88,-45,-147.10546,-30
54.72,246.24,-9.24,-45,-146.24831,-30
54.8,246.6,-9.6,-45,-145.39117,-30
54.88,246.96,-9.96,-45,-144.53402,-30
54.96,247.32,-10.32,-45,-143.67688,-30
55.04,247.68,-10.68,-45,-142.81973,-30
55.12,248.04,-11.04,-45,-141.96259,-30
55.2,248.4,-11.4,-45,-141.10544,-30
55.28,248.76,-11.76,-45,-140.2483,-30
55.36,249.12,-12.12,-45,-139.39115,-30
55.44,249.48,-12.48,-45,-138.53401,-30
55.52,249.84,-12.84,-45,-137.67686,-30
55.6,250.2,-13.2,-45,-136.81972,-30
55.68,250.56,-13.56,-45,-135.96257,-30
55.76,250.92,-13.92,-45,-135.10543,-30
55.84,251.28,-14.28,-45,-134.24828,-30
55.92,251.64,-14.64,-45,-133.39114,-30
56,252,-15,-45,-132.53399,-30
56.08,252.36,-15.36,-45,-131.67685,-30
56.16,252.72,-15.72,-45,-130.8197,-30
56.24,253.08,-16.08,-45,-129.96256,-30
56.32,253.44,-16.44,-45,-129.10541,-30
56.4,253.8,-16.8,-45,-128.24827,-30
56.48,254.16,-17.16,-45,-127.39112,-30
56.56,254.52,-17.52,-45,-126.53398,-30
56.64,254.88,-17.88,-45,-125.67684,-30
56.72,255.24,-18.24,-45,-124.81969,-30
56.8,255.6,-18.6,-45,-123.96255,-30
56.88,255.96,-18.96,-45,-123.1054,-30
56.96,256.32,-19.32,-45,-122.24826,-30
57.04,256.68,-19.68,-45,-121.39111,-30
57.12,257.04,-20.04,-45,-120.53397,-30
57.2,257.4,-20.4,-45,-119.67682,-30
57.28,257.76,-20.76,-45,-118.81968,-30
57.36,258.12,-21.12,-45,-117.96253,-30
57.44,258.48,-21.48,-45,-117.10539,-30
57.52,258.84,-21.84,-45,-116.24824,-30
57.6,259.2,-22.2,-45,-115.3911,-30
57.68,259.56,-22.56,-45,-114.53395,-30
57.76,259.92,-22.92,-45,-113.67681,-30
57.84,260.28,-23.28,-45,-112.81966,-30
57.92,260.64,-23.64,-45,-111.96252,-30
58,261,-24,-11.003541,214.41072,-26.64
58.08,261.36,-23.78,31.429566,472.77028,-23.28
58.16,261.72,-23.56,31.429566,287.82198,-19.92
58.24,262.08,-23.34,31.429566,288.41798,-16.56
58.32,262.44,-23.12,31.429566,288.91346,-13.2
58.4,262.8,-22.9,31.429566,289.3084,-9.84
58.48,263.16,-22.68,31.429566,289.60281,-6.48
58.56,263.52,-22.46,31.429566,289.7967,-3.12
58.64,263.88,-22.24,31.429566,289.89005,0.24
58.72,264.24,-22.02,31.429566,289.88286,3.6
58.8,264.6,-21.8,31.429566,289.77515,6.96
58.88,264.96,-21.58,31.429566,289.56691,10.32
58.96,265.32,-21.36,31.429566,289.25814,13.68
59.04,265.68,-21.14,31.429566,288.84883,17.04
59.12,266.04,-20.92,31.429566,288.33899,20.4
59.2,266.4,-20.7,31.429566,287.72862,23.76
59.28,266.76,-20.48,31.429566,287.01773,27.12
59.36,267.12,-20.26,31.429566,286.2063,30
59.44,267.48,-20.04,31.429566,285.34915,30
59.52,267.84,-19.82,31.429566,284.49201,30
59.6,268.2,-19.6,31.429566,283.63486,30
59.68,268.56,-19.38,31.429566,282.77772,30
59.76,268.92,-19.16,31.429566,281.92057,30
59.84,269.28,-18.94,31.429566,281.06343,30
59.92,269.64,-18.72,31.429566,280.20628,30
60,270,-18.5,31.429566,279.34914,30
60.08,270.36,-18.28,31.429566,278.49199,30
60.16,270.72,-18.06,31.429566,277.63485,30
60.24,271.08,-17.84,31.429566,276.7777,30
60.32,271.44,-17.62,31.429566,275.92056,30
60.4,271.8,-17.4,31.429566,275.06341,30
60.48,272.16,-17.18,31.429566,274.20627,30
60.56,272.52,-16.96,31.429566,273.34912,30
60.64,272.88,-16.74,31.429566,272.49198,30
60.72,273.24,-16.52,31.429566,271.63483,30
60.8,273.6,-16.3,31.429566,270.77769,30
60.88,273.96,-16.08,31.429566,269.92054,30
60.96,274.32,-15.86,31.429566,269.0634,30
61.04,274.68,-15.64,31.429566,268.20625,30
61.12,275.04,-15.42,31.429566,267.34911,30
61.2,275.4,-15.2,31.429566,266.49196,30
61.28,275.76,-14.98,31.429566,265.63482,30
61.36,276.12,-14.76,31.429566,264.77767,30
61.44,276.48,-14.54,31.429566,263.92053,30
61.52,276.84,-14.32,31.429566,263.06338,30
61.6,277.2,-14.1,31.429566,262.20624,30
61.68,277.56,-13.88,31.429566,261.34909,30
61.76,277.92,-13.66,31.429566,260.49195,30
61.84,278.28,-13.44,31.429566,259.6348,30
61.92,278.64,-13.22,31.429566,258.77766,30
62,279,-13,31.429566,257.92051,30
62.08,279.36,-12.78,31.429566,257.06337,30
62.16,279.72,-12.56,31.429566,256.20622,30
62.24,280.08,-12.34,31.429566,255.34908,30
62.32,280.44,-12.12,31.429566,254.49194,30
62.4,280.8,-11.9,31.429566,253.63479,30
62.48,281.16,-11.68,31.429566,252.77765,30
62.56,281.52,-11.46,31.429566,251.9205,30
62.64,281.88,-11.24,31.429566,251.06336,30
62.72,282.24,-11.02,31.429566,250.20621,30
62.8,282.6,-10.8,31.429566,249.34907,30
62.88,282.96,-10.58,31.429566,248.49192,30
62.96,283.32,-10.36,31.429566,247.63478,30
63.04,283.68,-10.14,31.429566,246.77763,30
63.12,284.04,-9.92,31.429566,245.92049,30
63.2,284.4,-9.7,31.429566,245.06334,30
63.28,284.76,-9.48,31.429566,244.2062,30
63.36,285.12,-9.26,31.429566,243.34905,30
63.44,285.48,-9.04,31.429566,242.49191,30
63.52,285.84,-8.82,31.429566,241.63476,30
63.6,286.2,-8.6,31.429566,240.77762,30
63.68,286.56,-8.38,31.429566,239.92047,30
63.76,286.92,-8.16,31.429566,239.06333,30
63.84,287.28,-7.94,31.429566,238.20618,30
63.92,287.64,-7.72,31.429566,237.34904,30
64,288,-7.5,31.429566,236.49189,30
64.08,288.36,-7.28,31.429566,235.63475,30
64.16,288.72,-7.06,31.429566,234.7776,30
64.24,289.08,-6.84,31.429566,233.92046,30
64.32,289.44,-6.62,31.429566,233.06331,30
64.4,289.8,-6.4,31.429566,232.20617,30
64.48,290.16,-6.18,31.429566,231.34902,30
64.56,290.52,-5.96,31.429566,230.49188,30
64.64,290.88,-5.74,31.429566,229.63473,30
64.72,291.24,-5.52,31.429566,228.77759,30
64.8,291.6,-5.3,31.429566,227.92044,30
64.88,291.96,-5.08,31.429566,227.0633,30
64.96,292.32,-4.86,31.429566,226.20615,30
65.04,292.68,-4.64,31.429566,225.34901,30
65.12,293.04,-4.42,31.429566,224.49187,30
65.2,293.4,-4.2,31.429566,223.63472,30
65.28,293.76,-3.98,31.429566,222.77758,30
65.36,294.12,-3.76,31.429566,221.92043,30
65.44,294.48,-3.54,31.429566,221.06329,30
65.52,294.84,-3.32,31.429566,220.20614,30
65.6,295.2,-3.1,31.429566,219.349,30
65.68,295.56,-2.88,31.429566,218.49185,30
65.76,295.92,-2.66,31.429566,217.63471,30
65.84,296.28,-2.44,31.429566,216.77756,30
65.92,296.64,-2.22,31.429566,215.92042,30
66,297,-2,31.429566,215.06327,30
66.08,297.36,-1.78,31.429566,214.20613,30
66.16,297.72,-1.56,31.429566,213.34898,30
66.24,298.08,-1.34,31.429566,212.49184,30
66.32,298.44,-1.12,31.429566,211.63469,30
66.4,298.8,-0.9,31.429566,210.77755,30
66.48,299.16,-0.68,31.429566,209.9204,30
66.56,299.52,-0.46,31.429566,209.06326,30
66.64,299.88,-0.24,31.429566,208.20611,30
66.72,300.24,-0.02,31.429566,207.34897,30
66.8,300.6,0.2,31.429566,206.49182,30
66.88,300.96,0.42,31.429566,205.63468,30
66.96,301.32,0.64,31.429566,204.77753,30
67.04,301.68,0.86,31.429566,203.92039,30
67.12,302.04,1.08,31.429566,203.06324,30
67.2,302.4,1.3,31.429566,202.2061,30
67.28,302.76,1.52,31.429566,201.34895,30
67.36,303.12,1.74,31.429566,200.49181,30
67.44,303.48,1.96,31.429566,199.63466,30
67.52,303.84,2.18,31.429566,198.77752,30
67.6,304.2,2.4,31.429566,197.92037,30
67.68,304.56,2.62,31.429566,197.06323,30
67.76,304.92,2.84,31.429566,196.20608,30
67.84,305.28,3.06,31.429566,195.34894,30
67.92,305.64,3.28,31.429566,194.49179,30
68,306,3.5,31.429566,193.63465,30
68.08,306.36,3.72,31.429566,192.77751,30
68.16,306.72,3.94,31.429566,191.92036,30
68.24,307.08,4.16,31.429566,191.06322,30
68.32,307.44,4.38,31.429566,190.20607,30
68.4,307.8,4.6,31.429566,189.34893,30
68.48,308.16,4.82,31.429566,188.49178,30
68.56,308.52,5.04,31.429566,187.63464,30
68.64,308.88,5.26,31.429566,186.77749,30
68.72,309.24,5.48,31.429566,185.92035,30
68.8,309.6,5.7,31.429566,185.0632,30
68.88,309.96,5.92,31.429566,184.20606,30
68.96,310.32,6.14,31.429566,183.34891,30
69.04,310.68,6.36,31.429566,182.49177,30
69.12,311.04,6.58,31.429566,181.63462,30
69.2,311.4,6.8,31.429566,180.77748,30
69.28,311.76,7.02,31.429566,179.92033,30
69.36,312.12,7.24,31.429566,179.06319,30
69.44,312.48,7.46,31.429566,178.20604,30
69.52,312.84,7.68,31.429566,177.3489,30
69.6,313.2,7.9,31.429566,176.49175,30
69.68,313.56,8.12,31.429566,175.63461,30
69.76,313.92,8.34,31.429566,174.77746,30
69.84,314.28,8.56,31.429566,173.92032,30
69.92,314.64,8.78,31.429566,173.06317,30
70,315,9,16.990823,33.955071,30
70.08,315.36,9,0,-66.419709,26.64
70.16,315.72,9,0,7.1180737,23.28
70.24,316.08,9,0,6.4215361,19.92
70.32,316.44,9,0,5.8255297,16.56
70.4,316.8,9,0,5.3300545,13.2
70.48,317.16,9,0,4.9351105,9.84
70.56,317.52,9,0,4.6406977,6.48
70.64,317.88,9,0,4.4468161,4.4468161
70.72,318.24,9,0,4.3137674,4.3137674
70.8,318.6,9,0,4.1846994,4.1846994
70.88,318.96,9,0,4.0594932,4.0594932
70.96,319.32,9,0,3.9380332,3.9380332
71.04,319.68,9,0,3.8202072,3.8202072
71.12,320.04,9,0,3.7059066,3.7059066
71.2,320.4,9,0,3.5950259,3.5950259
71.28,320.76,9,0,3.4874627,3.4874627
71.36,321.12,9,0,3.3831179,3.3831179
71.44,321.48,9,0,3.281895,3.281895
71.52,321.84,9,0,3.1837007,3.1837007
71.6,322.2,9,0,3.0884443,3.0884443
71.68,322.56,9,0,2.9960381,2.9960381
71.76,322.92,9,0,2.9063966,2.9063966
71.84,323.28,9,0,2.8194372,2.8194372
71.92,323.64,9,0,2.7350797,2.7350797
72,324,9,0,2.6532461,2.6532461
72.08,324.36,9,0,2.573861,2.573861
72.16,324.72,9,0,2.4968511,2.4968511
72.24,325.08,9,0,2.4221453,2.4221453
72.32,325.44,9,0,2.3496747,2.3496747
72.4,325.8,9,0,2.2793724,2.2793724
72.48,326.16,9,0,2.2111736,2.2111736
72.56,326.52,9,0,2.1450153,2.1450153
72.64,326.88,9,0,2.0808364,2.0808364
72.72,327.24,9,0,2.0185778,2.0185778
72.8,327.6,9,0,1.958182,1.958182
72.88,327.96,9,0,1.8995931,1.8995931
72.96,328.32,9,0,1.8427573,1.8427573
73.04,328.68,9,0,1.787622,1.787622
73.12,329.04,9,0,1.7341364,1.7341364
73.2,329.4,9,0,1.682251,1.682251
73.28,329.76,9,0,1.6319181,1.6319181
73.36,330.12,9,0,1.5830911,1.5830911
73.44,330.48,9,0,1.535725,1.535725
73.52,330.84,9,0,1.4897761,1.4897761
73.6,331.2,9,0,1.445202,1.445202
73.68,331.56,9,0,1.4019616,1.4019616
73.76,331.92,9,0,1.3600149,1.3600149
73.84,332.28,9,0,1.3193232,1.3193232
73.92,332.64,9,0,1.2798491,1.2798491
74,333,9,0,1.241556,1.241556
74.08,333.36,9,0,1.2044086,1.2044086
74.16,333.72,9,0,1.1683727,1.1683727
74.24,334.08,9,0,1.133415,1.133415
74.32,334.44,9,0,1.0995032,1.0995032
74.4,334.8,9,0,1.0666061,1.0666061
74.48,335.16,9,0,1.0346932,1.0346932
74.56,335.52,9,0,1.0037352,1.0037352
74.64,335.88,9,0,0.97370346,0.97370346
74.72,336.24,9,0,0.94457025,0.94457025
74.8,336.6,9,0,0.91630871,0.91630871
74.88,336.96,9,0,0.88889276,0.88889276
74.96,337.32,9,0,0.86229708,0.86229708
75.04,337.68,9,0,0.83649716,0.83649716
75.12,338.04,9,0,0.81146916,0.81146916
75.2,338.4,9,0,0.78719,0.78719
75.28,338.76,9,0,0.76363728,0.76363728
75.36,339.12,9,0,0.74078925,0.74078925
75.44,339.48,9,0,0.71862484,0.71862484
75.52,339.84,9,0,0.69712358,0.69712358
75.6,340.2,9,0,0.67626564,0.67626564
75.68,340.56,9,0,0.65603178,0.65603178
75.76,340.92,9,0,0.6364033,0.6364033
75.84,341.28,9,0,0.61736212,0.61736212
75.92,341.64,9,0,0.59889064,0.59889064
76,342,9,0,0.58097184,0.58097184
76.08,342.36,9,0,0.56358916,0.56358916
76.16,342.72,9,0,0.54672657,0.54672657
76.24,343.08,9,0,0.53036851,0.53036851
76.32,343.44,9,0,0.51449989,0.51449989
76.4,343.8,9,0,0.49910605,0.49910605
76.48,344.16,9,0,0.4841728,0.4841728
76.56,344.52,9,0,0.46968635,0.46968635
76.64,344.88,9,0,0.45563333,0.45563333
76.72,345.24,9,0,0.44200078,0.44200078
76.8,345.6,9,0,0.42877612,0.42877612
76.88,345.96,9,0,0.41594714,0.41594714
76.96,346.32,9,0,0.403502,0.403502
77.04,346.68,9,0,0.39142922,0.39142922
77.12,347.04,9,0,0.37971766,0.37971766
77.2,347.4,9,0,0.3683565,0.3683565
77.28,347.76,9,0,0.35733528,0.35733528
77.36,348.12,9,0,0.34664381,0.34664381
77.44,348.48,9,0,0.33627222,0.33627222
77.52,348.84,9,0,0.32621096,0.32621096
77.6,349.2,9,0,0.31645073,0.31645073
77.68,349.56,9,0,0.30698252,0.30698252
77.76,349.92,9,0,0.2977976,0.2977976
77.84,350.28,9,0,0.2888875,0.2888875
77.92,350.64,9,0,0.28024399,0.28024399
78,351,9,0,0.27185909,0.27185909
78.08,351.36,9,0,0.26372506,0.26372506
78.16,351.72,9,0,0.25583441,0.25583441
78.24,352.08,9,0,0.24817984,0.24817984
78.32,352.44,9,0,0.2407543,0.2407543
78.4,352.8,9,0,0.23355093,0.23355093
78.48,353.16,9,0,0.22656309,0.22656309
78.56,353.52,9,0,0.21978432,0.21978432
78.64,353.88,9,0,0.21320837,0.21320837
78.72,354.24,9,0,0.20682918,0.20682918
78.8,354.6,9,0,0.20064085,0.20064085
78.88,354.96,9,0,0.19463768,0.19463768
78.96,355.32,9,0,0.18881412,0.18881412
79.04,355.68,9,0,0.1831648,0.1831648
79.12,356.04,9,0,0.17768451,0.17768451
79.2,356.4,9,0,0.17236819,0.17236819
79.28,356.76,9,0,0.16721093,0.16721093
79.36,357.12,9,0,0.16220798,0.16220798
79.44,357.48,9,0,0.15735472,0.15735472
79.52,357.84,9,0,0.15264666,0.15264666
79.6,358.2,9,0,0.14807948,0.14807948
79.68,358.56,9,0,0.14364894,0.14364894
79.76,358.92,9,0,0.13935096,0.13935096
79.84,359.28,9,0,0.13518158,0.13518158
79.92,359.64,9,0,0.13113695,0.13113695
80,360,9,0,0.12721333,0.12721333
