t,delta,psi,x,y,R,delta_needed
0,0,0,0,0,140,13.650419
0.06,0.20187051,0.0014249742,0.24,5.9689181e-06,140,13.650419
0.12,0.21226871,0.0029233485,0.48,1.8214212e-05,140,13.650419
0.18,0.22319363,0.0044988409,0.72,3.7058912e-05,140,13.650419
0.24,0.234671,0.0061553513,0.96,6.2842387e-05,140,13.650419
0.3,0.24672773,0.0078969696,1.2,9.5921136e-05,140,13.650419
0.36,0.25939193,0.0097279839,1.44,0.00013666962,140,13.650419
0.42,0.27269293,0.01165289,1.68,0.00018548113,140,13.650419
0.48,0.28666139,0.013676399,1.92,0.00024276869,140,13.650419
0.54,0.30132924,0.015803448,2.16,0.00030896602,140,13.650419
0.6,0.31672983,0.018039211,2.4,0.00038452849,140,13.650419
0.66,0.3328979,0.020389105,2.6399999,0.00046993417,140,13.650419
0.72,0.34986964,0.022858804,2.8799999,0.00056568491,140,13.650419
0.78,0.36768274,0.025454247,3.1199999,0.0006723074,140,13.650419
0.84,0.38637643,0.028181651,3.3599999,0.00079035442,140,13.650419
0.9,0.40599149,0.031047522,3.5999998,0.00092040597,140,13.650419
0.96,0.42657031,0.034058662,3.8399998,0.0010630706,140,13.650419
1.02,0.44815694,0.037222187,4.0799997,0.0012189865,140,13.650419
1.08,0.47079706,0.040545535,4.3199997,0.0013888232,140,13.650419
1.14,0.49453809,0.044036479,4.5599996,0.0015732828,140,13.650419
1.2,0.51942912,0.047703138,4.7999995,0.0017731012,140,13.650419
1.26,0.54552102,0.051553991,5.0399994,0.00198905,140,13.650419
1.32,0.57286639,0.055597888,5.2799993,0.0022219378,140,13.650419
1.38,0.60151958,0.059844065,5.5199992,0.002472612,140,13.650419
1.44,0.63153671,0.064302152,5.759999,0.0027419602,140,13.650419
1.5,0.66297566,0.068982189,5.9999989,0.003030912,140,13.650419
1.56,0.69589604,0.073894638,6.2399987,0.0033404411,140,13.650419
1.62,0.73035916,0.079050393,6.4799984,0.0036715665,140,13.650419
1.68,0.76642804,0.084460796,6.7199982,0.0040253549,140,13.650419
1.74,0.80416732,0.090137644,6.9599979,0.0044029225,140,13.650419
1.8,0.84364322,0.096093203,7.1999975,0.0048054365,140,13.650419
1.86,0.88492346,0.10234022,7.4399972,0.005234118,140,13.650419
1.92,0.92807721,0.10889192,7.6799967,0.0056902432,140,13.650419
1.98,0.97317495,0.11576206,7.9199962,0.0061751458,140,13.650419
2.04,1.0202884,0.12296485,8.1599957,0.0066902194,140,13.650419
2.1,1.0694902,0.13051507,8.3999951,0.0072369192,140,13.650419
2.16,1.1208542,0.13842799,8.6399944,0.0078167644,140,13.650419
2.22,1.1744547,0.14671942,8.8799936,0.0084313406,140,13.650419
2.28,1.2303667,0.1554057,9.1199927,0.0090823017,140,13.650419
2.34,1.2886657,0.1645037,9.3599917,0.0097713722,140,13.650419
2.4,1.3494268,0.17403083,9.5999906,0.01050035,140,13.650419
2.46,1.4127255,0.18400503,9.8399894,0.011271107,140,13.650419
2.52,1.4786365,0.19444478,10.079988,0.012085594,140,13.650419
2.58,1.5472338,0.20536908,10.319986,0.01294584,140,13.650419
2.64,1.6185902,0.21679747,10.559985,0.013853957,140,13.650419
2.7,1.6927773,0.22874996,10.799983,0.01481214,140,13.650419
2.76,1.7698645,0.2412471,11.039981,0.01582267,140,13.650419
2.82,1.8499191,0.25430989,11.279978,0.016887918,140,13.650419
2.88,1.9330056,0.26795981,11.519976,0.018010341,140,13.650419
2.94,2.0191852,0.28221879,11.759973,0.019192491,140,13.650419
3,2.1085156,0.29710915,11.99997,0.020437014,140,13.650419
3.06,2.2010502,0.31265362,12.239966,0.021746648,140,13.650419
3.12,2.2968377,0.32887529,12.479962,0.02312423,140,13.650419
3.18,2.3959213,0.34579754,12.719958,0.024572694,140,13.650419
3.24,2.4983389,0.36344406,12.959953,0.026095075,140,13.650419
3.3,2.6041214,0.38183876,13.199947,0.027694506,140,13.650419
3.36,2.7132931,0.40100574,13.439942,0.029374221,140,13.650419
3.42,2.8258708,0.42096926,13.679935,0.031137557,140,13.650419
3.48,2.941863,0.44175362,13.919928,0.032987952,140,13.650419
3.54,3.0612699,0.46338317,14.15992,0.034928945,140,13.650419
3.6,3.1840822,0.48588221,14.399912,0.03696418,140,13.650419
3.66,3.3102814,0.50927493,14.639902,0.039097397,140,13.650419
3.72,3.4398384,0.53358536,14.879892,0.041332442,140,13.650419
3.78,3.5727141,0.55883726,15.11988,0.043673257,140,13.650419
3.84,3.7088581,0.58505406,15.359868,0.046123883,140,13.650419
3.9,3.8482091,0.61225881,15.599854,0.048688458,140,13.650419
3.96,3.9906941,0.64047405,15.839839,0.051371214,140,13.650419
4.02,4.1362287,0.66972179,16.079823,0.054176474,140,13.650419
4.08,4.2847164,0.70002335,16.319805,0.057108652,140,13.650419
4.14,4.4360494,0.73139936,16.559785,0.060172247,140,13.650419
4.2,4.5901077,0.76386962,16.799764,0.063371842,140,13.650419
4.26,4.7467602,0.79745303,17.039741,0.066712098,140,13.650419
4.32,4.905864,0.83216753,17.279715,0.07019775,140,13.650419
4.38,5.0672658,0.86803002,17.519688,0.073833607,140,13.650419
4.44,5.2308012,0.90505624,17.759658,0.07762454,140,13.650419
4.5,5.3962962,0.94326078,17.999625,0.081575483,140,13.650419
4.56,5.5635673,0.98265692,18.23959,0.085691425,140,13.650419
4.62,5.7324225,1.0232566,18.479552,0.089977404,140,13.650419
4.68,5.9026619,1.0650705,18.71951,0.094438504,140,13.650419
4.74,6.0740786,1.1081077,18.959465,0.099079846,140,13.650419
4.8,6.2464599,1.1523759,19.199417,0.10390658,140,13.650419
4.86,6.4195882,1.1978812,19.439364,0.10892389,140,13.650419
4.92,6.5932418,1.2446283,19.679308,0.11413697,140,13.650419
4.98,6.7671967,1.2926201,19.919247,0.11955102,140,13.650419
5.04,6.941227,1.3418581,20.159181,0.12517127,140,13.650419
5.1,7.1151065,1.3923422,20.39911,0.13100292,140,13.650419
5.16,7.2886098,1.4440705,20.639034,0.13705119,140,13.650419
5.22,7.4615135,1.4970398,20.878952,0.14332126,140,13.650419
5.28,7.6335972,1.5512451,21.118864,0.14981831,140,13.650419
5.34,7.8046449,1.60668,21.35877,0.15654747,140,13.650419
5.4,7.9744455,1.6633365,21.598668,0.16351386,140,13.650419
5.46,8.1427945,1.7212052,21.83856,0.17072255,140,13.650419
5.52,8.3094945,1.7802752,22.078444,0.17817855,140,13.650419
5.58,8.4743563,1.8405342,22.31832,0.18588683,140,13.650419
5.64,8.6371993,1.9019687,22.558188,0.19385232,140,13.650419
5.7,8.7978528,1.964564,22.798047,0.20207985,140,13.650419
5.76,8.9561561,2.0283039,23.037897,0.21057422,140,13.650419
5.82,9.1119592,2.0931714,23.277737,0.21934012,140,13.650419
5.88,9.2651231,2.1591483,23.517566,0.2283822,140,13.650419
5.94,9.4155203,2.2262157,23.757385,0.237705,140,13.650419
6,9.5630351,2.2943533,23.997193,0.247313,140,13.650419
6.06,9.7075633,2.3635406,24.236989,0.25721057,140,13.650419
6.12,9.8490124,2.433756,24.476772,0.267402,140,13.650419
6.18,9.9873019,2.5049774,24.716543,0.27789148,140,13.650419
6.24,10.122363,2.5771822,24.9563,0.28868311,140,13.650419
6.3,10.254137,2.6503471,25.196043,0.2997809,140,13.650419
6.36,10.382579,2.7244488,25.435772,0.31118875,140,13.650419
6.42,10.507652,2.7994633,25.675486,0.32291045,140,13.650419
6.48,10.629331,2.8753667,25.915183,0.3349497,140,13.650419
6.54,10.7476,2.9521346,26.154865,0.3473101,140,13.650419
6.6,10.862453,3.0297428,26.394529,0.35999515,140,13.650419
6.66,10.973894,3.1081669,26.634176,0.37300822,140,13.650419
6.72,11.081934,3.1873826,26.873805,0.38635261,140,13.650419
6.78,11.186592,3.2673657,27.113415,0.40003151,140,13.650419
6.84,11.287894,3.3480921,27.353005,0.41404798,140,13.650419
6.9,11.385875,3.4295379,27.592576,0.42840502,140,13.650419
6.96,11.480573,3.5116795,27.832125,0.4431055,140,13.650419
7.02,11.572034,3.5944936,28.071653,0.4581522,140,13.650419
7.08,11.660308,3.6779571,28.311158,0.47354782,140,13.650419
7.14,11.74545,3.7620474,28.550641,0.48929492,140,13.650419
7.2,11.827519,3.8467422,28.790101,0.50539602,140,13.650419
7.26,11.906577,3.9320198,29.029536,0.5218535,140,13.650419
7.32,11.98269,4.0178586,29.268946,0.53866967,140,13.650419
7.38,12.055925,4.1042378,29.50833,0.55584677,140,13.650419
7.44,12.126354,4.191137,29.747688,0.57338691,140,13.650419
7.5,12.194048,4.2785363,29.98702,0.59129215,140,13.650419
7.56,12.25908,4.3664161,30.226323,0.60956445,140,13.650419
7.62,12.321524,4.4547576,30.465598,0.6282057,140,13.650419
7.68,12.381456,4.5435425,30.704844,0.64721771,140,13.650419
7.74,12.438951,4.6327528,30.94406,0.6666022,140,13.650419
7.8,12.494084,4.7223714,31.183245,0.68636083,140,13.650419
7.86,12.546931,4.8123814,31.422399,0.70649519,140,13.650419
7.92,12.597566,4.9027666,31.661521,0.7270068,140,13.650419
7.98,12.646064,4.9935112,31.90061,0.7478971,140,13.650419
8.04,12.692497,5.0846003,32.139665,0.76916748,140,13.650419
8.1,12.736939,5.176019,32.378687,0.79081926,140,13.650419
8.16,12.77946,5.2677532,32.617673,0.8128537,140,13.650419
8.22,12.820132,5.3597894,32.856624,0.83527201,140,13.650419
8.28,12.859021,5.4521143,33.095538,0.85807532,140,13.650419
8.34,12.896196,5.5447153,33.334415,0.88126473,140,13.650419
8.4,12.931723,5.6375803,33.573254,0.90484129,140,13.650419
8.46,12.965665,5.7306976,33.812055,0.92880598,140,13.650419
8.52,12.998085,5.8240559,34.050816,0.95315973,140,13.650419
8.58,13.029043,5.9176444,34.289537,0.97790346,140,13.650419
8.64,13.058599,6.0114527,34.528217,1.003038,140,13.650419
8.7,13.08681,6.1054708,34.766856,1.0285642,140,13.650419
8.76,13.113732,6.1996894,35.005452,1.0544827,140,13.650419
8.82,13.139418,6.294099,35.244006,1.0807944,140,13.650419
8.88,13.16392,6.3886911,35.482515,1.1074998,140,13.650419
8.94,13.187289,6.4834572,35.72098,1.1345998,140,13.650419
9,13.209573,6.5783892,35.9594,1.1620948,140,13.650419
9.06,13.230818,6.6734795,36.197774,1.1899854,140,13.650419
9.12,13.251071,6.7687206,36.436101,1.2182723,140,13.650419
9.18,13.270374,6.8641056,36.674381,1.2469558,140,13.650419
9.24,13.28877,6.9596277,36.912613,1.2760366,140,13.650419
9.3,13.306298,7.0552804,37.150795,1.3055151,140,13.650419
9.36,13.322998,7.1510575,37.388929,1.3353916,140,13.650419
9.42,13.338906,7.2469533,37.627011,1.3656667,140,13.650419
9.48,13.354059,7.3429621,37.865043,1.3963407,140,13.650419
9.54,13.36849,7.4390784,38.103023,1.427414,140,13.650419
9.6,13.382232,7.5352973,38.34095,1.4588869,140,13.650419
9.66,13.395318,7.6316138,38.578825,1.4907597,140,13.650419
9.72,13.407776,7.7280232,38.816645,1.5230327,140,13.650419
9.78,13.419637,7.824521,39.05441,1.5557062,140,13.650419
9.84,13.430927,7.9211032,39.29212,1.5887804,140,13.650419
9.9,13.441674,8.0177655,39.529774,1.6222556,140,13.650419
9.96,13.451902,8.1145041,39.767372,1.6561321,140,13.650419
10.02,13.461636,8.2113154,40.004911,1.6904099,140,13.650419
10.08,13.470899,8.3081958,40.242392,1.7250894,140,13.650419
10.14,13.479713,8.405142,40.479815,1.7601706,140,13.650419
10.2,13.4881,8.5021508,40.717177,1.7956538,140,13.650419
10.26,13.49608,8.5992192,40.954479,1.831539,140,13.650419
10.32,13.503671,8.6963442,41.19172,1.8678265,140,13.650419
10.38,13.510893,8.7935232,41.428899,1.9045163,140,13.650419
10.44,13.517763,8.8907535,41.666015,1.9416085,140,13.650419
10.5,13.524298,8.9880325,41.903068,1.9791033,140,13.650419
10.56,13.530514,9.085358,42.140057,2.0170007,140,13.650419
10.62,13.536426,9.1827277,42.376981,2.0553007,140,13.650419
10.68,13.542049,9.2801393,42.61384,2.0940035,140,13.650419
10.74,13.547396,9.3775908,42.850633,2.1331092,140,13.650419
10.8,13.552482,9.4750804,43.087359,2.1726176,140,13.650419
10.86,13.557318,9.572606,43.324017,2.212529,140,13.650419
10.92,13.561917,9.6701661,43.560607,2.2528432,140,13.650419
10.98,13.566291,9.7677588,43.797128,2.2935604,140,13.650419
11.04,13.570449,9.8653825,44.033579,2.3346806,140,13.650419
11.1,13.574403,9.9630358,44.269959,2.3762036,140,13.650419
11.16,13.578163,10.060717,44.506269,2.4181296,140,13.650419
11.22,13.581738,10.158425,44.742507,2.4604586,140,13.650419
11.28,13.585136,10.256159,44.978672,2.5031904,140,13.650419
11.34,13.588367,10.353916,45.214764,2.5463251,140,13.650419
11.4,13.591439,10.451697,45.450782,2.5898627,140,13.650419
11.46,13.59436,10.549499,45.686725,2.6338031,140,13.650419
11.52,13.597136,10.647322,45.922593,2.6781462,140,13.650419
11.58,13.599776,10.745165,46.158385,2.7228921,140,13.650419
11.64,13.602285,10.843027,46.3941,2.7680406,140,13.650419
11.7,13.60467,10.940906,46.629738,2.8135918,140,13.650419
11.76,13.606938,11.038803,46.865297,2.8595455,140,13.650419
11.82,13.609093,11.136715,47.100778,2.9059017,140,13.650419
11.88,13.611142,11.234643,47.336179,2.9526603,140,13.650419
11.94,13.613089,11.332585,47.571499,2.9998212,140,13.650419
12,13.614941,11.430541,47.806739,3.0473843,140,13.650419
12.06,13.6167,11.528511,48.041897,3.0953497,140,13.650419
12.12,13.618373,11.626493,48.276973,3.1437171,140,13.650419
12.18,13.619963,11.724486,48.511966,3.1924864,140,13.650419
12.24,13.621474,11.822491,48.746874,3.2416577,140,13.650419
12.3,13.62291,11.920507,48.981699,3.2912308,140,13.650419
12.36,13.624275,12.018533,49.216438,3.3412055,140,13.650419
12.42,13.625573,12.116569,49.451092,3.3915818,140,13.650419
12.48,13.626806,12.214613,49.685658,3.4423596,140,13.650419
12.54,13.627978,12.312667,49.920138,3.4935387,140,13.650419
12.6,13.629092,12.410729,50.15453,3.5451191,140,13.650419
12.66,13.630151,12.508799,50.388833,3.5971006,140,13.650419
12.72,13.631158,12.606876,50.623047,3.6494831,140,13.650419
12.78,13.632114,12.704961,50.85717,3.7022664,140,13.650419
12.84,13.633023,12.803052,51.091203,3.7554505,140,13.650419
12.9,13.633887,12.90115,51.325145,3.8090353,140,13.650419
12.96,13.634708,12.999254,51.558994,3.8630205,140,13.650419
13.02,13.635488,13.097363,51.792751,3.917406,140,13.650419
13.08,13.63623,13.195479,52.026414,3.9721918,140,13.650419
13.14,13.636935,13.293599,52.259984,4.0273776,140,13.650419
13.2,13.637604,13.391725,52.493458,4.0829634,140,13.650419
13.26,13.638241,13.489855,52.726836,4.138949,140,13.650419
13.32,13.638846,13.58799,52.960119,4.1953342,140,13.650419
13.38,13.639421,13.686129,53.193304,4.2521189,140,13.650419
13.44,13.639967,13.784272,53.426392,4.3093029,140,13.650419
13.5,13.640487,13.882419,53.659382,4.3668862,140,13.650419
13.56,13.64098,13.98057,53.892273,4.4248685,140,13.650419
13.62,13.641449,14.078724,54.125064,4.4832496,140,13.650419
13.68,13.641895,14.176882,54.357754,4.5420295,140,13.650419
13.74,13.642319,14.275043,54.590344,4.601208,140,13.650419
13.8,13.642721,14.373207,54.822832,4.6607848,140,13.650419
13.86,13.643104,14.471373,55.055217,4.7207599,140,13.650419
13.92,13.643467,14.569543,55.287499,4.7811331,140,13.650419
13.98,13.643813,14.667715,55.519678,4.8419042,140,13.650419
14.04,13.644141,14.765889,55.751752,4.903073,140,13.650419
14.1,13.644453,14.864066,55.983721,4.9646394,140,13.650419
14.16,13.64475,14.962245,56.215584,5.0266032,140,13.650419
14.22,13.645031,15.060426,56.447341,5.0889642,140,13.650419
14.28,13.645299,15.158609,56.67899,5.1517223,140,13.650419
14.34,13.645554,15.256794,56.910531,5.2148773,140,13.650419
14.4,13.645795,15.35498,57.141964,5.2784289,140,13.650419
14.46,13.646025,15.453169,57.373288,5.3423771,140,13.650419
14.52,13.646244,15.551359,57.604502,5.4067216,140,13.650419
14.58,13.646451,15.649551,57.835605,5.4714622,140,13.650419
14.64,13.646648,15.747744,58.066597,5.5365988,140,13.650419
14.7,13.646836,15.845938,58.297477,5.6021312,140,13.650419
14.76,13.647014,15.944134,58.528244,5.6680592,140,13.650419
14.82,13.647183,16.042332,58.758898,5.7343826,140,13.650419
14.88,13.647344,16.14053,58.989437,5.8011012,140,13.650419
14.94,13.647497,16.238729,59.219863,5.8682148,140,13.650419
15,13.647642,16.33693,59.450172,5.9357233,140,13.650419
15.06,13.64778,16.435132,59.680366,6.0036264,140,13.650419
15.12,13.647911,16.533334,59.910443,6.071924,140,13.650419
15.18,13.648036,16.631538,60.140403,6.1406158,140,13.650419
15.24,13.648155,16.729742,60.370244,6.2097016,140,13.650419
15.3,13.648267,16.827947,60.599967,6.2791813,140,13.650419
15.36,13.648374,16.926153,60.829571,6.3490546,140,13.650419
15.42,13.648476,17.02436,61.059054,6.4193214,140,13.650419
15.48,13.648572,17.122568,61.288416,6.4899814,140,13.650419
15.54,13.648664,17.220776,61.517657,6.5610345,140,13.650419
15.6,13.648751,17.318985,61.746776,6.6324804,140,13.650419
15.66,13.648834,17.417194,61.975773,6.7043189,140,13.650419
15.72,13.648913,17.515404,62.204645,6.7765498,140,13.650419
15.78,13.648988,17.613615,62.433394,6.849173,140,13.650419
15.84,13.649059,17.711826,62.662017,6.9221881,140,13.650419
15.9,13.649127,17.810038,62.890516,6.995595,140,13.650419
15.96,13.649191,17.90825,63.118888,7.0693935,140,13.650419
16.02,13.649252,18.006463,63.347133,7.1435833,140,13.650419
16.08,13.64931,18.104676,63.575251,7.2181643,140,13.650419
16.14,13.649365,18.202889,63.80324,7.2931361,140,13.650419
16.2,13.649417,18.301103,64.031101,7.3684987,140,13.650419
16.26,13.649467,18.399317,64.258832,7.4442518,140,13.650419
16.32,13.649515,18.497532,64.486433,7.5203951,140,13.650419
16.38,13.64956,18.595747,64.713903,7.5969284,140,13.650419
16.44,13.649602,18.693962,64.941241,7.6738516,140,13.650419
16.5,13.649643,18.792177,65.168448,7.7511643,140,13.650419
16.56,13.649681,18.890393,65.395521,7.8288664,140,13.650419
16.62,13.649718,18.988609,65.622461,7.9069577,140,13.650419
16.68,13.649753,19.086826,65.849267,7.9854378,140,13.650419
16.74,13.649786,19.185042,66.075938,8.0643067,140,13.650419
16.8,13.649817,19.283259,66.302473,8.1435639,140,13.650419
16.86,13.649847,19.381476,66.528873,8.2232094,140,13.650419
16.92,13.649876,19.479693,66.755135,8.3032429,140,13.650419
16.98,13.649903,19.577911,66.98126,8.3836641,140,13.650419
17.04,13.649928,19.676129,67.207246,8.4644728,140,13.650419
17.1,13.649953,19.774346,67.433094,8.5456688,140,13.650419
17.16,13.649976,19.872564,67.658802,8.6272518,140,13.650419
17.22,13.649998,19.970783,67.88437,8.7092216,140,13.650419
17.28,13.650019,20.069001,68.109798,8.791578,140,13.650419
17.34,13.650039,20.16722,68.335083,8.8743207,140,13.650419
17.4,13.650058,20.265438,68.560227,8.9574494,140,13.650419
17.46,13.650076,20.363657,68.785228,9.040964,140,13.650419
17.52,13.650093,20.461876,69.010085,9.1248642,140,13.650419
17.58,13.650109,20.560095,69.234798,9.2091497,140,13.650419
17.64,13.650124,20.658314,69.459366,9.2938203,140,13.650419
17.7,13.650139,20.756533,69.683789,9.3788757,140,13.650419
17.76,13.650153,20.854753,69.908065,9.4643158,140,13.650419
17.82,13.650166,20.952972,70.132195,9.5501402,140,13.650419
17.88,13.650178,21.051192,70.356178,9.6363486,140,13.650419
17.94,13.65019,21.149411,70.580012,9.7229409,140,13.650419
18,13.650202,21.247631,70.803697,9.8099168,140,13.650419
18.06,13.650212,21.345851,71.027233,9.897276,140,13.650419
18.12,13.650223,21.444071,71.250619,9.9850183,140,13.650419
18.18,13.650232,21.54229,71.473855,10.073143,140,13.650419
18.24,13.650242,21.64051,71.696939,10.161651,140,13.650419
18.3,13.65025,21.738731,71.91987,10.250541,140,13.650419
18.36,13.650259,21.836951,72.142649,10.339813,140,13.650419
18.42,13.650267,21.935171,72.365275,10.429467,140,13.650419
18.48,13.650274,22.033391,72.587747,10.519502,140,13.650419
18.54,13.650281,22.131611,72.810064,10.609918,140,13.650419
18.6,13.650288,22.229832,73.032225,10.700716,140,13.650419
18.66,13.650295,22.328052,73.254231,10.791894,140,13.650419
18.72,13.650301,22.426273,73.47608,10.883453,140,13.650419
18.78,13.650307,22.524493,73.697772,10.975391,140,13.650419
18.84,13.650312,22.622714,73.919306,11.06771,140,13.650419
18.9,13.650317,22.720934,74.140681,11.160409,140,13.650419
18.96,13.650322,22.819155,74.361897,11.253486,140,13.650419
19.02,13.650327,22.917376,74.582953,11.346943,140,13.650419
19.08,13.650332,23.015596,74.803849,11.440779,140,13.650419
19.14,13.650336,23.113817,75.024584,11.534993,140,13.650419
19.2,13.65034,23.212038,75.245156,11.629585,140,13.650419
19.26,13.650344,23.310258,75.465566,11.724556,140,13.650419
19.32,13.650347,23.408479,75.685813,11.819904,140,13.650419
19.38,13.650351,23.5067,75.905897,11.915629,140,13.650419
19.44,13.650354,23.604921,76.125815,12.011732,140,13.650419
19.5,13.650357,23.703142,76.345569,12.108211,140,13.650419
19.56,13.65036,23.801363,76.565157,12.205067,140,13.650419
19.62,13.650363,23.899584,76.784579,12.3023,140,13.650419
19.68,13.650366,23.997805,77.003833,12.399908,140,13.650419
19.74,13.650368,24.096025,77.22292,12.497892,140,13.650419
19.8,13.650371,24.194246,77.441839,12.596252,140,13.650419
19.86,13.650373,24.292467,77.660589,12.694987,140,13.650419
19.92,13.650375,24.390688,77.879169,12.794096,140,13.650419
19.98,13.650377,24.488909,78.097579,12.89358,140,13.650419
20.04,13.650379,24.587131,78.315818,12.993439,140,13.650419
20.1,13.650381,24.685352,78.533886,13.093671,140,13.650419
20.16,13.650383,24.783573,78.751781,13.194277,140,13.650419
20.22,13.650384,24.881794,78.969504,13.295256,140,13.650419
20.28,13.650386,24.980015,79.187053,13.396609,140,13.650419
20.34,13.650388,25.078236,79.404428,13.498334,140,13.650419
20.4,13.650389,25.176457,79.621629,13.600432,140,13.650419
20.46,13.65039,25.274678,79.838654,13.702902,140,13.650419
20.52,13.650392,25.372899,80.055503,13.805744,140,13.650419
20.58,13.650393,25.47112,80.272175,13.908957,140,13.650419
20.64,13.650394,25.569342,80.488671,14.012542,140,13.650419
20.7,13.650395,25.667563,80.704988,14.116498,140,13.650419
20.76,13.650396,25.765784,80.921127,14.220824,140,13.650419
20.82,13.650397,25.864005,81.137087,14.325521,140,13.650419
20.88,13.650398,25.962226,81.352867,14.430588,140,13.650419
20.94,13.650399,26.060447,81.568466,14.536024,140,13.650419
21,13.650399,26.158669,81.783884,14.64183,140,13.650419
21.06,13.6504,26.25689,81.999121,14.748006,140,13.650419
21.12,13.650401,26.355111,82.214175,14.85455,140,13.650419
21.18,13.650402,26.453332,82.429047,14.961462,140,13.650419
21.24,13.650402,26.551553,82.643735,15.068743,140,13.650419
21.3,13.650403,26.649775,82.858238,15.176391,140,13.650419
21.36,13.650403,26.747996,83.072557,15.284407,140,13.650419
21.42,13.650404,26.846217,83.28669,15.392791,140,13.650419
21.48,13.650404,26.944438,83.500637,15.501541,140,13.650419
21.54,13.650405,27.04266,83.714398,15.610658,140,13.650419
21.6,13.650405,27.140881,83.927971,15.720141,140,13.650419
21.66,13.650405,27.239102,84.141356,15.82999,140,13.650419
21.72,13.650406,27.337323,84.354552,15.940205,140,13.650419
21.78,13.650406,27.435544,84.567559,16.050785,140,13.650419
21.84,13.650406,27.533766,84.780376,16.16173,140,13.650419
21.9,13.650407,27.631987,84.993003,16.27304,140,13.650419
21.96,13.650407,27.730208,85.205439,16.384714,140,13.650419
22.02,13.650407,27.828429,85.417683,16.496752,140,13.650419
22.08,13.650407,27.926651,85.629734,16.609154,140,13.650419
22.14,13.650407,28.024872,85.841593,16.721919,140,13.650419
22.2,13.650408,28.123093,86.053258,16.835048,140,13.650419
22.26,13.650408,28.221314,86.264728,16.948538,140,13.650419
22.32,13.650408,28.319536,86.476004,17.062392,140,13.650419
22.38,13.650408,28.417757,86.687084,17.176607,140,13.650419
22.44,13.650408,28.515978,86.897968,17.291184,140,13.650419
22.5,13.650408,28.614199,87.108656,17.406122,140,13.650419
22.56,13.650408,28.712421,87.319146,17.521421,140,13.650419
22.62,13.650408,28.810642,87.529438,17.637081,140,13.650419
22.68,13.650408,28.908863,87.739532,17.753102,140,13.650419
22.74,13.650408,29.007084,87.949426,17.869482,140,13.650419
22.8,13.650408,29.105306,88.15912,17.986222,140,13.650419
22.86,13.650408,29.203527,88.368615,18.103321,140,13.650419
22.92,13.650408,29.301748,88.577908,18.220779,140,13.650419
22.98,13.650408,29.399969,88.786999,18.338596,140,13.650419
23.04,13.650408,29.498191,88.995888,18.456771,140,13.650419
23.1,13.650407,29.596412,89.204574,18.575304,140,13.650419
23.16,13.650407,29.694633,89.413057,18.694194,140,13.650419
23.22,13.650407,29.792854,89.621336,18.813442,140,13.650419
23.28,13.650407,29.891076,89.829409,18.933047,140,13.650419
23.34,13.650407,29.989297,90.037278,19.053008,140,13.650419
23.4,13.650406,30.087518,90.24494,19.173325,140,13.650419
23.46,13.650406,30.185739,90.452396,19.293999,140,13.650419
23.52,13.650406,30.283961,90.659645,19.415027,140,13.650419
23.58,13.650406,30.382182,90.866686,19.536411,140,13.650419
23.64,13.650405,30.480403,91.073519,19.658149,140,13.650419
23.7,13.650405,30.578624,91.280143,19.780242,140,13.650419
23.76,13.650405,30.676846,91.486557,19.902689,140,13.650419
23.82,13.650404,30.775067,91.69276,20.02549,140,13.650419
23.88,13.650404,30.873288,91.898753,20.148644,140,13.650419
23.94,13.650404,30.971509,92.104535,20.27215,140,13.650419
24,13.650403,31.06973,92.310105,20.39601,140,13.650419
24.06,13.650403,31.167952,92.515462,20.520221,140,13.650419
24.12,13.650402,31.266173,92.720605,20.644785,140,13.650419
24.18,13.650402,31.364394,92.925535,20.7697,140,13.650419
24.24,13.650401,31.462615,93.130251,20.894966,140,13.650419
24.3,13.650401,31.560837,93.334751,21.020583,140,13.650419
24.36,13.6504,31.659058,93.539036,21.14655,140,13.650419
24.42,13.6504,31.757279,93.743104,21.272867,140,13.650419
24.48,13.650399,31.8555,93.946956,21.399534,140,13.650419
24.54,13.650399,31.953721,94.15059,21.52655,140,13.650419
24.6,13.650398,32.051942,94.354006,21.653916,140,13.650419
24.66,13.650397,32.150164,94.557204,21.781629,140,13.650419
24.72,13.650397,32.248385,94.760182,21.909691,140,13.650419
24.78,13.650396,32.346606,94.96294,22.0381,140,13.650419
24.84,13.650395,32.444827,95.165478,22.166857,140,13.650419
24.9,13.650395,32.543048,95.367795,22.295961,140,13.650419
24.96,13.650394,32.641269,95.569891,22.425412,140,13.650419
25.02,13.650393,32.739491,95.771764,22.555209,140,13.650419
25.08,13.650392,32.837712,95.973414,22.685352,140,13.650419
25.14,13.650391,32.935933,96.174841,22.81584,140,13.650419
25.2,13.65039,33.034154,96.376044,22.946673,140,13.650419
25.26,13.65039,33.132375,96.577023,23.077851,140,13.650419
25.32,13.650389,33.230596,96.777776,23.209374,140,13.650419
25.38,13.650388,33.328817,96.978303,23.34124,140,13.650419
25.44,13.650387,33.427038,97.178605,23.47345,140,13.650419
25.5,13.650386,33.525259,97.378679,23.606003,140,13.650419
25.56,13.650384,33.623481,97.578525,23.738899,140,13.650419
25.62,13.650383,33.721702,97.778144,23.872137,140,13.650419
25.68,13.650382,33.819923,97.977534,24.005717,140,13.650419
25.74,13.650381,33.918144,98.176694,24.139639,140,13.650419
25.8,13.65038,34.016365,98.375625,24.273902,140,13.650419
25.86,13.650378,34.114586,98.574325,24.408506,140,13.650419
25.92,13.650377,34.212807,98.772794,24.543451,140,13.650419
25.98,13.650376,34.311028,98.971032,24.678735,140,13.650419
26.04,13.650374,34.409249,99.169037,24.814359,140,13.650419
26.1,13.650373,34.50747,99.36681,24.950322,140,13.650419
26.16,13.650371,34.605691,99.564349,25.086625,140,13.650419
26.22,13.65037,34.703912,99.761654,25.223265,140,13.650419
26.28,13.650368,34.802133,99.958725,25.360244,140,13.650419
26.34,13.650366,34.900354,100.15556,25.49756,140,13.650419
26.4,13.650364,34.998575,100.35216,25.635213,140,13.650419
26.46,13.650363,35.096795,100.54852,25.773204,140,13.650419
26.52,13.650361,35.195016,100.74465,25.91153,140,13.650419
26.58,13.650359,35.293237,100.94054,26.050193,140,13.650419
26.64,13.650357,35.391458,101.13619,26.189191,140,13.650419
26.7,13.650355,35.489679,101.3316,26.328525,140,13.650419
26.76,13.650353,35.5879,101.52678,26.468193,140,13.650419
26.82,13.65035,35.686121,101.72171,26.608196,140,13.650419
26.88,13.650348,35.784341,101.91641,26.748532,140,13.650419
26.94,13.650346,35.882562,102.11086,26.889203,140,13.650419
27,13.650343,35.980783,102.30507,27.030206,140,13.650419
27.06,13.650341,36.079004,102.49904,27.171542,140,13.650419
27.12,13.650338,36.177224,102.69277,27.31321,140,13.650419
27.18,13.650335,36.275445,102.88625,27.455211,140,13.650419
27.24,13.650332,36.373666,103.07949,27.597542,140,13.650419
27.3,13.65033,36.471887,103.27249,27.740205,140,13.650419
27.36,13.650327,36.570107,103.46524,27.883199,140,13.650419
27.42,13.650323,36.668328,103.65774,28.026522,140,13.650419
27.48,13.65032,36.766548,103.85,28.170176,140,13.650419
27.54,13.650317,36.864769,104.04201,28.314159,140,13.650419
27.6,13.650314,36.96299,104.23378,28.45847,140,13.650419
27.66,13.65031,37.06121,104.4253,28.603111,140,13.650419
27.72,13.650306,37.159431,104.61657,28.748079,140,13.650419
27.78,13.650303,37.257651,104.80759,28.893375,140,13.650419
27.84,13.650299,37.355871,104.99836,29.038998,140,13.650419
27.9,13.650295,37.454092,105.18888,29.184948,140,13.650419
27.96,13.65029,37.552312,105.37915,29.331225,140,13.650419
28.02,13.650286,37.650533,105.56917,29.477827,140,13.650419
28.08,13.650282,37.748753,105.75894,29.624756,140,13.650419
28.14,13.650277,37.846973,105.94846,29.772009,140,13.650419
28.2,13.650272,37.945193,106.13772,29.919586,140,13.650419
28.26,13.650267,38.043414,106.32673,30.067488,140,13.650419
28.32,13.650262,38.141634,106.51549,30.215714,140,13.650419
28.38,13.650257,38.239854,106.70399,30.364263,140,13.650419
28.44,13.650252,38.338074,106.89224,30.513135,140,13.650419
28.5,13.650246,38.436294,107.08023,30.66233,140,13.650419
28.56,13.65024,38.534514,107.26797,30.811847,140,13.650419
28.62,13.650234,38.632734,107.45545,30.961685,140,13.650419
28.68,13.650228,38.730954,107.64267,31.111844,140,13.650419
28.74,13.650222,38.829174,107.82963,31.262324,140,13.650419
28.8,13.650215,38.927394,108.01634,31.413125,140,13.650419
28.86,13.650208,39.025613,108.20279,31.564245,140,13.650419
28.92,13.650201,39.123833,108.38898,31.715685,140,13.650419
28.98,13.650194,39.222053,108.5749,31.867443,140,13.650419
29.04,13.650186,39.320272,108.76057,32.019521,140,13.650419
29.1,13.650178,39.418492,108.94598,32.171916,140,13.650419
29.16,13.65017,39.516711,109.13112,32.324628,140,13.650419
29.22,13.650162,39.614931,109.31601,32.477658,140,13.650419
29.28,13.650153,39.71315,109.50063,32.631005,140,13.650419
29.34,13.650144,39.811369,109.68499,32.784668,140,13.650419
29.4,13.650135,39.909588,109.86908,32.938647,140,13.650419
29.46,13.650126,40.007808,110.05291,33.092941,140,13.650419
29.52,13.650116,40.106027,110.23647,33.24755,140,13.650419
29.58,13.650105,40.204246,110.41977,33.402473,140,13.650419
29.64,13.650095,40.302465,110.60281,33.557711,140,13.650419
29.7,13.650084,40.400683,110.78558,33.713262,140,13.650419
29.76,13.650073,40.498902,110.96808,33.869126,140,13.650419
29.82,13.650061,40.597121,111.15031,34.025302,140,13.650419
29.88,13.650049,40.695339,111.33227,34.181791,140,13.650419
29.94,13.650037,40.793558,111.51397,34.338592,140,13.650419
30,13.650024,40.891776,111.6954,34.495703,140,13.650419
30.06,13.650011,40.989995,111.87656,34.653126,140,13.650419
30.12,13.649997,41.088213,112.05744,34.810859,140,13.650419
30.18,13.649983,41.186431,112.23806,34.968901,140,13.650419
30.24,13.649968,41.284649,112.41841,35.127254,140,13.650419
30.3,13.649953,41.382867,112.59848,35.285915,140,13.650419
30.36,13.649937,41.481084,112.77828,35.444884,140,13.650419
30.42,13.649921,41.579302,112.95781,35.604161,140,13.650419
30.48,13.649905,41.677519,113.13707,35.763746,140,13.650419
30.54,13.649887,41.775737,113.31605,35.923638,140,13.650419
30.6,13.64987,41.873954,113.49476,36.083837,140,13.650419
30.66,13.649851,41.972171,113.67319,36.244342,140,13.650419
30.72,13.649832,42.070388,113.85135,36.405152,140,13.650419
30.78,13.649812,42.168605,114.02923,36.566268,140,13.650419
30.84,13.649792,42.266822,114.20683,36.727688,140,13.650419
30.9,13.649771,42.365038,114.38416,36.889412,140,13.650419
30.96,13.649749,42.463254,114.56121,37.05144,140,13.650419
31.02,13.649727,42.561471,114.73798,37.213772,140,13.650419
31.08,13.649703,42.659687,114.91448,37.376406,140,13.650419
31.14,13.649679,42.757902,115.09069,37.539342,140,13.650419
31.2,13.649655,42.856118,115.26663,37.702581,140,13.650419
31.26,13.649629,42.954333,115.44228,37.86612,140,13.650419
31.32,13.649602,43.052549,115.61766,38.029961,140,13.650419
31.38,13.649575,43.150764,115.79275,38.194102,140,13.650419
31.44,13.649547,43.248978,115.96756,38.358542,140,13.650419
31.5,13.649517,43.347193,116.14209,38.523283,140,13.650419
31.56,13.649487,43.445407,116.31634,38.688322,140,13.650419
31.62,13.649456,43.543622,116.4903,38.853659,140,13.650419
31.68,13.649424,43.641835,116.66398,39.019295,140,13.650419
31.74,13.64939,43.740049,116.83738,39.185228,140,13.650419
31.8,13.649356,43.838262,117.01049,39.351458,140,13.650419
31.86,13.64932,43.936476,117.18332,39.517985,140,13.650419
31.92,13.649283,44.034688,117.35586,39.684807,140,13.650419
31.98,13.649245,44.132901,117.52811,39.851925,140,13.650419
32.04,13.649206,44.231113,117.70008,40.019338,140,13.650419
32.1,13.649165,44.329325,117.87176,40.187046,140,13.650419
32.16,13.649123,44.427537,118.04315,40.355047,140,13.650419
32.22,13.649079,44.525748,118.21426,40.523342,140,13.650419
32.28,13.649035,44.623959,118.38507,40.691931,140,13.650419
32.34,13.648988,44.72217,118.5556,40.860811,140,13.650419
32.4,13.64894,44.82038,118.72584,41.029984,140,13.650419
32.46,13.64889,44.91859,118.89578,41.199448,140,13.650419
32.52,13.648839,45.0168,119.06544,41.369204,140,13.650419
32.58,13.648786,45.115009,119.23481,41.53925,140,13.650419
32.64,13.648731,45.213217,119.40388,41.709586,140,13.650419
32.7,13.648675,45.311426,119.57266,41.880211,140,13.650419
32.76,13.648616,45.409634,119.74115,42.051126,140,13.650419
32.82,13.648556,45.507841,119.90934,42.222329,140,13.650419
32.88,13.648493,45.606048,120.07724,42.39382,140,13.650419
32.94,13.648429,45.704254,120.24485,42.565599,140,13.650419
33,13.648362,45.80246,120.41216,42.737664,140,13.650419
33.06,13.648293,45.900666,120.57918,42.910017,140,13.650419
33.12,13.648222,45.998871,120.7459,43.082655,140,13.650419
33.18,13.648148,46.097075,120.91233,43.255579,140,13.650419
33.24,13.648072,46.195279,121.07845,43.428788,140,13.650419
33.3,13.647993,46.293482,121.24429,43.602281,140,13.650419
33.36,13.647911,46.391685,121.40982,43.776058,140,13.650419
33.42,13.647827,46.489887,121.57506,43.950119,140,13.650419
33.48,13.64774,46.588088,121.73999,44.124462,140,13.650419
33.54,13.647651,46.686289,121.90463,44.299088,140,13.650419
33.6,13.647558,46.784488,122.06897,44.473996,140,13.650419
33.66,13.647462,46.882688,122.23301,44.649186,140,13.650419
33.72,13.647363,46.980886,122.39675,44.824656,140,13.650419
33.78,13.64726,47.079084,122.56018,45.000407,140,13.650419
33.84,13.647154,47.177281,122.72332,45.176437,140,13.650419
33.9,13.647045,47.275477,122.88615,45.352747,140,13.650419
33.96,13.646931,47.373672,123.04868,45.529336,140,13.650419
34.02,13.646814,47.471867,123.21091,45.706203,140,13.650419
34.08,13.646693,47.57006,123.37284,45.883347,140,13.650419
34.14,13.646568,47.668253,123.53446,46.060769,140,13.650419
34.2,13.646439,47.766444,123.69578,46.238468,140,13.650419
34.26,13.646306,47.864635,123.85679,46.416443,140,13.650419
34.32,13.646168,47.962824,124.0175,46.594693,140,13.650419
34.38,13.646025,48.061013,124.1779,46.773219,140,13.650419
34.44,13.645878,48.1592,124.33799,46.952019,140,13.650419
34.5,13.645726,48.257387,124.49778,47.131094,140,13.650419
34.56,13.645568,48.355572,124.65726,47.310441,140,13.650419
34.62,13.645406,48.453755,124.81644,47.490062,140,13.650419
34.68,13.645237,48.551938,124.9753,47.669956,140,13.650419
34.74,13.645064,48.650119,125.13386,47.850121,140,13.650419
34.8,13.644884,48.748299,125.29211,48.030558,140,13.650419
34.86,13.644698,48.846478,125.45005,48.211266,140,13.650419
34.92,13.644506,48.944655,125.60768,48.392244,140,13.650419
34.98,13.644308,49.042831,125.76499,48.573492,140,13.650419
35.04,13.644103,49.141005,125.922,48.755009,140,13.650419
35.1,13.643891,49.239177,126.0787,48.936795,140,13.650419
35.16,13.643673,49.337348,126.23508,49.118849,140,13.650419
35.22,13.643446,49.435517,126.39116,49.301171,140,13.650419
35.28,13.643213,49.533685,126.54692,49.48376,140,13.650419
35.34,13.642971,49.631851,126.70236,49.666616,140,13.650419
35.4,13.642721,49.730014,126.8575,49.849738,140,13.650419
35.46,13.642463,49.828176,127.01232,50.033125,140,13.650419
35.52,13.642196,49.926336,127.16682,50.216777,140,13.650419
35.58,13.641921,50.024494,127.32101,50.400694,140,13.650419
35.64,13.641636,50.12265,127.47489,50.584874,140,13.650419
35.7,13.641341,50.220803,127.62845,50.769318,140,13.650419
35.76,13.641037,50.318954,127.78169,50.954025,140,13.650419
35.82,13.640722,50.417103,127.93462,51.138993,140,13.650419
35.88,13.640397,50.51525,128.08723,51.324224,140,13.650419
35.94,13.640061,50.613393,128.23952,51.509716,140,13.650419
36,13.639714,50.711535,128.39149,51.695468,140,13.650419
36.06,13.639355,50.809673,128.54315,51.88148,140,13.650419
36.12,13.638984,50.907809,128.69449,52.067752,140,13.650419
36.18,13.638601,51.005942,128.8455,52.254283,140,13.650419
36.24,13.638205,51.104072,128.9962,52.441072,140,13.650419
36.3,13.637795,51.202199,129.14658,52.628119,140,13.650419
36.36,13.637372,51.300323,129.29664,52.815423,140,13.650419
36.42,13.636935,51.398444,129.44637,53.002984,140,13.650419
36.48,13.636483,51.496561,129.59579,53.190801,140,13.650419
36.54,13.636016,51.594675,129.74488,53.378873,140,13.650419
36.6,13.635533,51.692785,129.89365,53.567201,140,13.650419
36.66,13.635034,51.790891,130.0421,53.755783,140,13.650419
36.72,13.634518,51.888993,130.19022,53.944619,140,13.650419
36.78,13.633986,51.987092,130.33802,54.133708,140,13.650419
36.84,13.633435,52.085186,130.4855,54.32305,140,13.650419
36.9,13.632866,52.183276,130.63265,54.512644,140,13.650419
36.96,13.632278,52.281362,130.77948,54.70249,140,13.650419
37.02,13.63167,52.379443,130.92599,54.892587,140,13.650419
37.08,13.631042,52.47752,131.07216,55.082935,140,13.650419
37.14,13.630393,52.575591,131.21801,55.273532,140,13.650419
37.2,13.629722,52.673658,131.36354,55.464379,140,13.650419
37.26,13.629028,52.77172,131.50874,55.655474,140,13.650419
37.32,13.628312,52.869776,131.65361,55.846818,140,13.650419
37.38,13.627571,52.967826,131.79815,56.038409,140,13.650419
37.44,13.626806,53.065871,131.94237,56.230248,140,13.650419
37.5,13.626015,53.16391,132.08625,56.422333,140,13.650419
37.56,13.625198,53.261943,132.22981,56.614664,140,13.650419
37.62,13.624354,53.359969,132.37304,56.80724,140,13.650419
37.68,13.623481,53.457989,132.51594,57.000061,140,13.650419
37.74,13.622579,53.556003,132.65851,57.193126,140,13.650419
37.8,13.621647,53.654009,132.80075,57.386435,140,13.650419
37.86,13.620684,53.752008,132.94265,57.579986,140,13.650419
37.92,13.619688,53.85,133.08423,57.77378,140,13.650419
37.98,13.618659,53.947984,133.22547,57.967816,140,13.650419
38.04,13.617597,54.04596,133.36639,58.162093,140,13.650419
38.1,13.616498,54.143927,133.50697,58.356611,140,13.650419
38.16,13.615363,54.241887,133.64722,58.551369,140,13.650419
38.22,13.61419,54.339837,133.78713,58.746367,140,13.650419
38.28,13.612978,54.437779,133.92671,58.941603,140,13.650419
38.34,13.611725,54.535711,134.06596,59.137077,140,13.650419
38.4,13.610431,54.633633,134.20487,59.33279,140,13.650419
38.46,13.609093,54.731546,134.34345,59.528739,140,13.650419
38.52,13.607711,54.829448,134.48169,59.724925,140,13.650419
38.58,13.606283,54.927339,134.6196,59.921347,140,13.650419
38.64,13.604807,55.02522,134.75717,60.118004,140,13.650419
38.7,13.603282,55.123089,134.89441,60.314895,140,13.650419
38.76,13.601706,55.220946,135.03131,60.512021,140,13.650419
38.82,13.600078,55.318791,135.16787,60.709381,140,13.650419
38.88,13.598395,55.416624,135.30409,60.906973,140,13.650419
38.94,13.596656,55.514443,135.43998,61.104797,140,13.650419
39,13.59486,55.61225,135.57553,61.302854,140,13.650419
39.06,13.593004,55.710042,135.71074,61.501141,140,13.650419
39.12,13.591086,55.80782,135.84561,61.699659,140,13.650419
39.18,13.589104,55.905583,135.98015,61.898406,140,13.650419
39.24,13.587057,56.003331,136.11434,62.097383,140,13.650419
39.3,13.584941,56.101063,136.2482,62.296589,140,13.650419
39.36,13.582755,56.198778,136.38171,62.496022,140,13.650419
39.42,13.580496,56.296477,136.51489,62.695683,140,13.650419
39.48,13.578163,56.394159,136.64772,62.89557,140,13.650419
39.54,13.575752,56.491822,136.78022,63.095684,140,13.650419
39.6,13.573261,56.589467,136.91237,63.296023,140,13.650419
39.66,13.570687,56.687092,137.04418,63.496587,140,13.650419
39.72,13.568029,56.784698,137.17565,63.697376,140,13.650419
39.78,13.565282,56.882283,137.30677,63.898388,140,13.650419
39.84,13.562444,56.979847,137.43756,64.099623,140,13.650419
39.9,13.559512,57.077389,137.568,64.30108,140,13.650419
39.96,13.556483,57.174908,137.6981,64.502759,140,13.650419
40.02,13.553353,57.272404,137.82785,64.704659,140,13.650419
40.08,13.550121,57.369876,137.95726,64.90678,140,13.650419
40.14,13.546781,57.467323,138.08633,65.10912,140,13.650419
40.2,13.543331,57.564745,138.21506,65.311679,140,13.650419
40.26,13.539768,57.662139,138.34343,65.514457,140,13.650419
40.32,13.536086,57.759506,138.47147,65.717453,140,13.650419
40.38,13.532283,57.856845,138.59916,65.920667,140,13.650419
40.44,13.528355,57.954154,138.7265,66.124096,140,13.650419
40.5,13.524298,58.051433,138.8535,66.327742,140,13.650419
40.56,13.520107,58.148681,138.98015,66.531603,140,13.650419
40.62,13.515778,58.245897,139.10646,66.735678,140,13.650419
40.68,13.511307,58.343079,139.23242,66.939968,140,13.650419
40.74,13.506689,58.440226,139.35803,67.14447,140,13.650419
40.8,13.501919,58.537338,139.48329,67.349186,140,13.650419
40.86,13.496993,58.634413,139.60821,67.554113,140,13.650419
40.92,13.491905,58.731451,139.73279,67.759252,140,13.650419
40.98,13.48665,58.828449,139.85701,67.964601,140,13.650419
41.04,13.481224,58.925406,139.98089,68.17016,140,13.650419
41.1,13.47562,59.022322,140.10442,68.375928,140,13.650419
41.16,13.469833,59.119194,140.2276,68.581905,140,13.650419
41.22,13.463857,59.216022,140.35043,68.78809,140,13.650419
41.28,13.457686,59.312804,140.47291,68.994481,140,13.650419
41.34,13.451314,59.409538,140.59505,69.20108,140,13.650419
41.4,13.444735,59.506223,140.71684,69.407884,140,13.650419
41.46,13.437941,59.602858,140.83827,69.614893,140,13.650419
41.52,13.430927,59.69944,140.95936,69.822107,140,13.650419
41.58,13.423685,59.795968,141.0801,70.029525,140,13.650419
41.64,13.416209,59.89244,141.20049,70.237145,140,13.650419
41.7,13.40849,59.988855,141.32053,70.444968,140,13.650419
41.76,13.400522,60.08521,141.44022,70.652992,140,13.650419
41.82,13.392296,60.181504,141.55956,70.861217,140,13.650419
41.88,13.383805,60.277735,141.67856,71.069643,140,13.650419
41.94,13.375041,60.3739,141.7972,71.278268,140,13.650419
42,13.365994,60.469998,141.91549,71.487091,140,13.650419
42.06,13.356657,60.566026,142.03343,71.696112,140,13.650419
42.12,13.34702,60.661982,142.15102,71.905331,140,13.650419
42.18,13.337075,60.757864,142.26826,72.114746,140,13.650419
42.24,13.326811,60.85367,142.38515,72.324357,140,13.650419
42.3,13.31622,60.949396,142.50169,72.534163,140,13.650419
42.36,13.305291,61.045042,142.61788,72.744163,140,13.650419
42.42,13.294014,61.140603,142.73372,72.954357,140,13.650419
42.48,13.282378,61.236077,142.84921,73.164743,140,13.650419
42.54,13.270374,61.331462,142.96434,73.375321,140,13.650419
42.6,13.25799,61.426755,143.07913,73.586091,140,13.650419
42.66,13.245215,61.521952,143.19357,73.797051,140,13.650419
42.72,13.232037,61.617052,143.30766,74.008201,140,13.650419
42.78,13.218444,61.71205,143.42139,74.219539,140,13.650419
42.84,13.204424,61.806944,143.53478,74.431066,140,13.650419
42.9,13.189966,61.90173,143.64782,74.642779,140,13.650419
42.96,13.175055,61.996405,143.7605,74.85468,140,13.650419
43.02,13.15968,62.090965,143.87284,75.066766,140,13.650419
43.08,13.143826,62.185408,143.98482,75.279037,140,13.650419
43.14,13.127481,62.279728,144.09646,75.491492,140,13.650419
43.2,13.11063,62.373924,144.20775,75.70413,140,13.650419
43.26,13.093259,62.46799,144.31869,75.916951,140,13.650419
43.32,13.075353,62.561923,144.42928,76.129953,140,13.650419
43.38,13.056899,62.655719,144.53952,76.343136,140,13.650419
43.44,13.037879,62.749373,144.64941,76.556499,140,13.650419
43.5,13.01828,62.842881,144.75895,76.770041,140,13.650419
43.56,12.998085,62.936239,144.86815,76.983761,140,13.650419
43.62,12.977278,63.029443,144.977,77.197658,140,13.650419
43.68,12.955843,63.122487,145.0855,77.411732,140,13.650419
43.74,12.933763,63.215367,145.19365,77.625982,140,13.650419
43.8,12.911021,63.308079,145.30146,77.840406,140,13.650419
43.86,12.8876,63.400616,145.40892,78.055005,140,13.650419
43.92,12.863482,63.492974,145.51603,78.269776,140,13.650419
43.98,12.83865,63.585148,145.6228,78.484719,140,13.650419
44.04,12.813086,63.677131,145.72922,78.699833,140,13.650419
44.1,12.78677,63.76892,145.8353,78.915118,140,13.650419
44.16,12.759685,63.860507,145.94103,79.130571,140,13.650419
44.22,12.731812,63.951888,146.04643,79.346194,140,13.650419
44.28,12.703131,64.043056,146.15147,79.561983,140,13.650419
44.34,12.673623,64.134005,146.25618,79.777939,140,13.650419
44.4,12.643269,64.224729,146.36054,79.994061,140,13.650419
44.46,12.612049,64.315221,146.46456,80.210347,140,13.650419
44.52,12.579943,64.405476,146.56824,80.426797,140,13.650419
44.58,12.546931,64.495486,146.67158,80.643409,140,13.650419
44.64,12.512993,64.585245,146.77458,80.860183,140,13.650419
44.7,12.478109,64.674745,146.87724,81.077117,140,13.650419
44.76,12.442259,64.76398,146.97956,81.294212,140,13.650419
44.82,12.405422,64.852942,147.08155,81.511465,140,13.650419
44.88,12.367577,64.941624,147.1832,81.728875,140,13.650419
44.94,12.328704,65.030019,147.28451,81.946442,140,13.650419
45,12.288783,65.118118,147.38549,82.164164,140,13.650419
45.06,12.247794,65.205915,147.48614,82.382041,140,13.650419
45.12,12.205715,65.2934,147.58645,82.600072,140,13.650419
45.18,12.162528,65.380566,147.68644,82.818255,140,13.650419
45.24,12.118212,65.467405,147.78609,83.036589,140,13.650419
45.3,12.072747,65.553909,147.88541,83.255073,140,13.650419
45.36,12.026114,65.640068,147.9844,83.473706,140,13.650419
45.42,11.978293,65.725874,148.08306,83.692488,140,13.650419
45.48,11.929266,65.811319,148.1814,83.911416,140,13.650419
45.54,11.879014,65.896394,148.27941,84.13049,140,13.650419
45.6,11.827519,65.981088,148.3771,84.349709,140,13.650419
45.66,11.774763,66.065395,148.47447,84.569071,140,13.650419
45.72,11.72073,66.149303,148.57152,84.788575,140,13.650419
45.78,11.665402,66.232804,148.66824,85.008221,140,13.650419
45.84,11.608765,66.315888,148.76465,85.228007,140,13.650419
45.9,11.550802,66.398546,148.86074,85.447931,140,13.650419
45.96,11.4915,66.480768,148.95651,85.667994,140,13.650419
46.02,11.430845,66.562544,149.05197,85.888192,140,13.650419
46.08,11.368824,66.643865,149.14712,86.108526,140,13.650419
46.14,11.305425,66.72472,149.24195,86.328995,140,13.650419
46.2,11.240639,66.805099,149.33648,86.549595,140,13.650419
46.26,11.174454,66.884993,149.4307,86.770328,140,13.650419
46.32,11.106863,66.964392,149.52461,86.991191,140,13.650419
46.38,11.037858,67.043285,149.61822,87.212183,140,13.650419
46.44,10.967433,67.121661,149.71153,87.433302,140,13.650419
46.5,10.895584,67.199512,149.80453,87.654549,140,13.650419
46.56,10.822307,67.276826,149.89724,87.875921,140,13.650419
46.62,10.7476,67.353594,149.98965,88.097416,140,13.650419
46.68,10.671462,67.429806,150.08176,88.319035,140,13.650419
46.74,10.593896,67.50545,150.17359,88.540774,140,13.650419
46.8,10.514904,67.580518,150.26512,88.762634,140,13.650419
46.86,10.434489,67.654998,150.35636,88.984613,140,13.650419
46.92,10.352659,67.728881,150.44732,89.206709,140,13.650419
46.98,10.269422,67.802158,150.53799,89.428922,140,13.650419
47.04,10.184787,67.874817,150.62839,89.651249,140,13.650419
47.1,10.098766,67.94685,150.7185,89.873689,140,13.650419
47.16,10.011373,68.018247,150.80833,90.096242,140,13.650419
47.22,9.9226228,68.088998,150.89789,90.318906,140,13.650419
47.28,9.8325339,68.159093,150.98718,90.541679,140,13.650419
47.34,9.7411256,68.228524,151.0762,90.76456,140,13.650419
47.4,9.6484196,68.297282,151.16495,90.987547,140,13.650419
47.46,9.5544395,68.365357,151.25343,91.21064,140,13.650419
47.52,9.4592112,68.432742,151.34165,91.433837,140,13.650419
47.58,9.3627624,68.499426,151.42962,91.657136,140,13.650419
47.64,9.2651231,68.565403,151.51732,91.880537,140,13.650419
47.7,9.1663252,68.630664,151.60477,92.104037,140,13.650419
47.76,9.0664027,68.695202,151.69197,92.327635,140,13.650419
47.82,8.9653916,68.759009,151.77892,92.551331,140,13.650419
47.88,8.86333,68.822077,151.86562,92.775122,140,13.650419
47.94,8.7602577,68.884401,151.95208,92.999008,140,13.650419
48,8.6562166,68.945973,152.0383,93.222986,140,13.650419
48.06,8.5512504,69.006787,152.12429,93.447055,140,13.650419
48.12,8.4454047,69.066837,152.21003,93.671215,140,13.650419
48.18,8.3387266,69.126118,152.29555,93.895463,140,13.650419
48.24,8.2312651,69.184624,152.38083,94.119798,140,13.650419
48.3,8.1230706,69.24235,152.46589,94.344219,140,13.650419
48.36,8.0141951,69.299293,152.55073,94.568725,140,13.650419
48.42,7.9046919,69.355448,152.63535,94.793313,140,13.650419
48.48,7.7946157,69.41081,152.71975,95.017983,140,13.650419
48.54,7.6840225,69.465378,152.80393,95.242734,140,13.650419
48.6,7.5729691,69.519148,152.88791,95.467563,140,13.650419
48.66,7.4615135,69.572117,152.97167,95.69247,140,13.650419
48.72,7.3497145,69.624284,153.05524,95.917453,140,13.650419
48.78,7.2376317,69.675647,153.1386,96.142511,140,13.650419
48.84,7.1253251,69.726204,153.22176,96.367643,140,13.650419
48.9,7.0128555,69.775955,153.30472,96.592846,140,13.650419
48.96,6.9002838,69.8249,153.3875,96.81812,140,13.650419
49.02,6.7876713,69.873038,153.47008,97.043464,140,13.650419
49.08,6.6750792,69.920371,153.55248,97.268876,140,13.650419
49.14,6.5625688,69.966898,153.63469,97.494355,140,13.650419
49.2,6.4502011,70.012623,153.71673,97.719899,140,13.650419
49.26,6.338037,70.057545,153.79859,97.945508,140,13.650419
49.32,6.2261367,70.101668,153.88027,98.171179,140,13.650419
49.38,6.1145601,70.144994,153.96179,98.396913,140,13.650419
49.44,6.0033662,70.187527,154.04313,98.622706,140,13.650419
49.5,5.8926132,70.229269,154.12431,98.848559,140,13.650419
49.56,5.7823584,70.270225,154.20533,99.07447,140,13.650419
49.62,5.6726581,70.310398,154.2862,99.300438,140,13.650419
49.68,5.5635673,70.349794,154.3669,99.526461,140,13.650419
49.74,5.45514,70.388418,154.44746,99.752538,140,13.650419
49.8,5.3474284,70.426275,154.52786,99.978669,140,13.650419
49.86,5.2404837,70.46337,154.60812,100.20485,140,13.650419
49.92,5.1343552,70.49971,154.68824,100.43109,140,13.650419
49.98,5.0290907,70.535301,154.76821,100.65737,140,13.650419
50.04,4.9247363,70.570149,154.84805,100.8837,140,13.650419
50.1,4.8213363,70.604263,154.92775,101.11008,140,13.650419
50.16,4.7189333,70.637648,155.00732,101.33651,140,13.650419
50.22,4.6175677,70.670314,155.08676,101.56298,140,13.650419
50.28,4.5172782,70.702267,155.16607,101.78949,140,13.650419
50.34,4.4181016,70.733515,155.24526,102.01605,140,13.650419
50.4,4.3200724,70.764068,155.32433,102.24265,140,13.650419
50.46,4.2232234,70.793933,155.40329,102.46929,140,13.650419
50.52,4.1275851,70.823119,155.48212,102.69598,140,13.650419
50.58,4.0331859,70.851636,155.56085,102.9227,140,13.650419
50.64,3.9400525,70.879492,155.63946,103.14946,140,13.650419
50.7,3.8482091,70.906697,155.71797,103.37625,140,13.650419
50.76,3.7576782,70.93326,155.79637,103.60309,140,13.650419
50.82,3.6684799,70.95919,155.87466,103.82996,140,13.650419
50.88,3.5806327,70.984498,155.95286,104.05686,140,13.650419
50.94,3.4941527,71.009193,156.03096,104.2838,140,13.650419
51,3.4090542,71.033286,156.10897,104.51077,140,13.650419
51.06,3.3253498,71.056785,156.18688,104.73777,140,13.650419
51.12,3.2430497,71.079702,156.2647,104.9648,140,13.650419
51.18,3.1621627,71.102046,156.34243,105.19186,140,13.650419
51.24,3.0826956,71.123827,156.42008,105.41896,140,13.650419
51.3,3.0046534,71.145056,156.49764,105.64608,140,13.650419
51.36,2.9280396,71.165742,156.57512,105.87323,140,13.650419
51.42,2.8528557,71.185897,156.65252,106.1004,140,13.650419
51.48,2.779102,71.205529,156.72984,106.32761,140,13.650419
51.54,2.7067771,71.22465,156.80708,106.55484,140,13.650419
51.6,2.635878,71.243269,156.88426,106.78209,140,13.650419
51.66,2.5664004,71.261397,156.96136,107.00937,140,13.650419
51.72,2.4983389,71.279044,157.03839,107.23667,140,13.650419
51.78,2.4316863,71.296219,157.11535,107.464,140,13.650419
51.84,2.3664346,71.312933,157.19225,107.69134,140,13.650419
51.9,2.3025745,71.329195,157.26908,107.91871,140,13.650419
51.96,2.2400956,71.345016,157.34585,108.14611,140,13.650419
52.02,2.1789864,71.360404,157.42255,108.37352,140,13.650419
52.08,2.1192347,71.37537,157.4992,108.60095,140,13.650419
52.14,2.0608272,71.389923,157.57579,108.8284,140,13.650419
52.2,2.0037497,71.404073,157.65232,109.05587,140,13.650419
52.26,1.9479873,71.417829,157.7288,109.28336,140,13.650419
52.32,1.8935244,71.4312,157.80523,109.51086,140,13.650419
52.38,1.8403448,71.444195,157.88161,109.73839,140,13.650419
52.44,1.7884315,71.456823,157.95793,109.96593,140,13.650419
52.5,1.7377671,71.469094,158.03421,110.19348,140,13.650419
52.56,1.6883338,71.481015,158.11043,110.42106,140,13.650419
52.62,1.640113,71.492595,158.18662,110.64864,140,13.650419
52.68,1.593086,71.503844,158.26275,110.87625,140,13.650419
52.74,1.5472338,71.514768,158.33885,111.10386,140,13.650419
52.8,1.5025368,71.525376,158.4149,111.3315,140,13.650419
52.86,1.4589754,71.535677,158.49091,111.55914,140,13.650419
52.92,1.4165296,71.545678,158.56688,111.7868,140,13.650419
52.98,1.3751794,71.555387,158.64282,112.01447,140,13.650419
53.04,1.3349046,71.564812,158.71871,112.24215,140,13.650419
53.1,1.2956848,71.57396,158.79457,112.46985,140,13.650419
53.16,1.2574996,71.582837,158.8704,112.69756,140,13.650419
53.22,1.2203286,71.591453,158.94619,112.92528,140,13.650419
53.28,1.1841514,71.599813,159.02194,113.15301,140,13.650419
53.34,1.1489476,71.607924,159.09767,113.38075,140,13.650419
53.4,1.1146967,71.615793,159.17336,113.6085,140,13.650419
53.46,1.0813786,71.623428,159.24902,113.83626,140,13.650419
53.52,1.048973,71.630833,159.32466,114.06403,140,13.650419
53.58,1.0174599,71.638016,159.40026,114.29181,140,13.650419
53.64,0.98681935,71.644982,159.47584,114.5196,140,13.650419
53.7,0.95703165,71.651738,159.55139,114.7474,140,13.650419
53.76,0.92807721,71.65829,159.62691,114.97521,140,13.650419
53.82,0.89993667,71.664643,159.70241,115.20302,140,13.650419
53.88,0.87259086,71.670803,159.77788,115.43084,140,13.650419
53.94,0.84602085,71.676775,159.85334,115.65868,140,13.650419
54,0.82020796,71.682566,159.92876,115.88652,140,13.650419
54.06,0.79513374,71.688179,160.00417,116.11436,140,13.650419
54.12,0.77077999,71.69362,160.07955,116.34222,140,13.650419
54.18,0.74712882,71.698894,160.15491,116.57008,140,13.650419
54.24,0.72416257,71.704006,160.23026,116.79794,140,13.650419
54.3,0.70186389,71.70896,160.30558,117.02582,140,13.650419
54.36,0.68021571,71.713762,160.38088,117.2537,140,13.650419
54.42,0.65920124,71.718416,160.45617,117.48158,140,13.650419
54.48,0.63880402,71.722925,160.53143,117.70948,140,13.650419
54.54,0.61900786,71.727295,160.60668,117.93737,140,13.650419
54.6,0.5997969,71.731529,160.68192,118.16528,140,13.650419
54.66,0.58115556,71.735631,160.75713,118.39319,140,13.650419
54.72,0.56306858,71.739606,160.83233,118.6211,140,13.650419
54.78,0.54552102,71.743457,160.90752,118.84902,140,13.650419
54.84,0.52849823,71.747187,160.98269,119.07694,140,13.650419
54.9,0.51198588,71.750801,161.05785,119.30487,140,13.650419
54.96,0.49596994,71.754303,161.13299,119.53281,140,13.650419
55.02,0.48043669,71.757694,161.20812,119.76074,140,13.650419
55.08,0.46537271,71.760979,161.28323,119.98869,140,13.650419
55.14,0.4507649,71.764161,161.35834,120.21663,140,13.650419
55.2,0.43660043,71.767243,161.43343,120.44458,140,13.650419
55.26,0.4228668,71.770228,161.50851,120.67254,140,13.650419
55.32,0.40955178,71.773119,161.58357,120.9005,140,13.650419
55.38,0.39664344,71.775919,161.65863,121.12846,140,13.650419
55.44,0.38413015,71.77863,161.73367,121.35642,140,13.650419
55.5,0.37200055,71.781256,161.80871,121.58439,140,13.650419
55.56,0.36024356,71.783799,161.88373,121.81236,140,13.650419
55.62,0.34884839,71.786262,161.95875,122.04034,140,13.650419
55.68,0.3378045,71.788646,162.03375,122.26832,140,13.650419
55.74,0.32710165,71.790955,162.10875,122.4963,140,13.650419
55.8,0.31672983,71.793191,162.18374,122.72428,140,13.650419
55.86,0.30667932,71.795356,162.25872,122.95227,140,13.650419
55.92,0.29694062,71.797452,162.33369,123.18026,140,13.650419
55.98,0.28750452,71.799481,162.40865,123.40825,140,13.650419
56.04,0.27836203,71.801446,162.4836,123.63625,140,13.650419
56.1,0.26950439,71.803349,162.55855,123.86425,140,13.650419
56.16,0.26092312,71.80519,162.63349,124.09225,140,13.650419
56.22,0.25260992,71.806974,162.70842,124.32025,140,13.650419
56.28,0.24455675,71.8087,162.78335,124.54825,140,13.650419
56.34,0.23675577,71.810371,162.85827,124.77626,140,13.650419
56.4,0.22919938,71.811989,162.93318,125.00427,140,13.650419
56.46,0.22188018,71.813555,163.00809,125.23228,140,13.650419
56.52,0.21479096,71.815071,163.08299,125.46029,140,13.650419
56.58,0.20792474,71.816539,163.15788,125.68831,140,13.650419
56.64,0.20127473,71.81796,163.23277,125.91632,140,13.650419
56.7,0.19483431,71.819335,163.30766,126.14434,140,13.650419
56.76,0.18859709,71.820666,163.38253,126.37236,140,13.650419
56.82,0.18255684,71.821955,163.45741,126.60039,140,13.650419
56.88,0.17670749,71.823202,163.53227,126.82841,140,13.650419
56.94,0.17104319,71.82441,163.60714,127.05643,140,13.650419
57,0.16555822,71.825578,163.682,127.28446,140,13.650419
57.06,0.16024705,71.82671,163.75685,127.51249,140,13.650419
57.12,0.15510431,71.827804,163.8317,127.74052,140,13.650419
57.18,0.15012477,71.828864,163.90655,127.96855,140,13.650419
57.24,0.14530338,71.82989,163.98139,128.19658,140,13.650419
57.3,0.14063522,71.830883,164.05622,128.42462,140,13.650419
57.36,0.13611552,71.831843,164.13106,128.65265,140,13.650419
57.42,0.13173966,71.832773,164.20589,128.88069,140,13.650419
57.48,0.12750314,71.833673,164.28071,129.10872,140,13.650419
57.54,0.12340162,71.834544,164.35554,129.33676,140,13.650419
57.6,0.11943088,71.835387,164.43036,129.5648,140,13.650419
57.66,0.11558681,71.836203,164.50517,129.79284,140,13.650419
57.72,0.11186544,71.836993,164.57999,130.02088,140,13.650419
57.78,0.10826293,71.837757,164.6548,130.24893,140,13.650419
57.84,0.10477553,71.838497,164.7296,130.47697,140,13.650419
57.9,0.10139963,71.839213,164.80441,130.70502,140,13.650419
57.96,0.098131717,71.839905,164.87921,130.93306,140,13.650419
58.02,0.094968382,71.840576,164.95401,131.16111,140,13.650419
58.08,0.091906328,71.841224,165.02881,131.38915,140,13.650419
58.14,0.088942355,71.841852,165.1036,131.6172,140,13.650419
58.2,0.086073363,71.84246,165.17839,131.84525,140,13.650419
58.26,0.083296348,71.843048,165.25318,132.0733,140,13.650419
58.32,0.080608395,71.843617,165.32797,132.30135,140,13.650419
58.38,0.078006684,71.844167,165.40275,132.5294,140,13.650419
58.44,0.075488478,71.8447,165.47753,132.75745,140,13.650419
58.5,0.073051127,71.845216,165.55231,132.98551,140,13.650419
58.56,0.070692063,71.845715,165.62709,133.21356,140,13.650419
58.62,0.068408797,71.846198,165.70187,133.44161,140,13.650419
58.68,0.066198918,71.846665,165.77664,133.66967,140,13.650419
58.74,0.064060091,71.847117,165.85142,133.89772,140,13.650419
58.8,0.061990051,71.847555,165.92619,134.12578,140,13.650419
58.86,0.059986608,71.847978,166.00096,134.35383,140,13.650419
58.92,0.058047637,71.848388,166.07572,134.58189,140,13.650419
58.98,0.056171081,71.848784,166.15049,134.80995,140,13.650419
59.04,0.054354947,71.849168,166.22526,135.038,140,13.650419
59.1,0.052597306,71.849539,166.30002,135.26606,140,13.650419
59.16,0.050896288,71.849899,166.37478,135.49412,140,13.650419
59.22,0.049250082,71.850246,166.44954,135.72218,140,13.650419
59.28,0.047656935,71.850583,166.5243,135.95024,140,13.650419
59.34,0.046115148,71.850908,166.59906,136.1783,140,13.650419
59.4,0.044623078,71.851223,166.67381,136.40636,140,13.650419
59.46,0.04317913,71.851528,166.74857,136.63442,140,13.650419
59.52,0.041781764,71.851823,166.82332,136.86248,140,13.650419
59.58,0.040429485,71.852108,166.89808,137.09054,140,13.650419
59.64,0.039120846,71.852385,166.97283,137.3186,140,13.650419
59.7,0.037854449,71.852652,167.04758,137.54667,140,13.650419
59.76,0.036628937,71.85291,167.12233,137.77473,140,13.650419
59.82,0.035442996,71.85316,167.19708,138.00279,140,13.650419
59.88,0.034295356,71.853403,167.27183,138.23085,140,13.650419
59.94,0.033184785,71.853637,167.34657,138.45892,140,13.650419
60,0.032110093,71.853863,167.42132,138.68698,140,13.650419
60.06,0.031070126,71.854083,167.49606,138.91505,140,13.650419
60.12,0.030063766,71.854295,167.57081,139.14311,140,13.650419
60.18,0.029089933,71.8545,167.64555,139.37117,140,13.650419
60.24,0.028147579,71.854699,167.72029,139.59924,140,13.650419
60.3,0.027235691,71.854891,167.79504,139.8273,140,13.650419
60.36,0.026353288,71.855077,167.86978,140.05537,140,13.650419
60.42,0.025499421,71.855257,167.94452,140.28343,140,13.650419
60.48,0.024673169,71.855431,168.01926,140.5115,140,13.650419
60.54,0.023873643,71.8556,168.094,140.73957,140,13.650419
60.6,0.023099982,71.855763,168.16874,140.96763,140,13.650419
60.66,0.022351351,71.855921,168.24347,141.1957,140,13.650419
60.72,0.021626943,71.856073,168.31821,141.42377,140,13.650419
60.78,0.020925978,71.856221,168.39295,141.65183,140,13.650419
60.84,0.020247698,71.856364,168.46768,141.8799,140,13.650419
60.9,0.019591372,71.856502,168.54242,142.10797,140,13.650419
60.96,0.018956291,71.856636,168.61715,142.33603,140,13.650419
61.02,0.018341769,71.856766,168.69189,142.5641,140,13.650419
61.08,0.017747143,71.856891,168.76662,142.79217,140,13.650419
61.14,0.01717177,71.857012,168.84136,143.02024,140,13.650419
61.2,0.016615028,71.857129,168.91609,143.2483,140,13.650419
61.26,0.016076315,71.857243,168.99082,143.47637,140,13.650419
61.32,0.01555505,71.857353,169.06555,143.70444,140,13.650419
61.38,0.015050667,71.857459,169.14028,143.93251,140,13.650419
61.44,0.014562622,71.857562,169.21502,144.16058,140,13.650419
61.5,0.014090386,71.857661,169.28975,144.38865,140,13.650419
61.56,0.013633449,71.857757,169.36448,144.61671,140,13.650419
61.62,0.013191315,71.857851,169.43921,144.84478,140,13.650419
61.68,0.012763506,71.857941,169.51394,145.07285,140,13.650419
61.74,0.01234956,71.858028,169.58867,145.30092,140,13.650419
61.8,0.011949026,71.858112,169.6634,145.52899,140,13.650419
61.86,0.011561472,71.858194,169.73812,145.75706,140,13.650419
61.92,0.011186477,71.858273,169.81285,145.98513,140,13.650419
61.98,0.010823636,71.858349,169.88758,146.2132,140,13.650419
62.04,0.010472555,71.858423,169.96231,146.44127,140,13.650419
62.1,0.010132853,71.858495,170.03704,146.66934,140,13.650419
62.16,0.0098041623,71.858564,170.11176,146.89741,140,13.650419
62.22,0.0094861262,71.858631,170.18649,147.12548,140,13.650419
62.28,0.0091783999,71.858696,170.26122,147.35355,140,13.650419
62.34,0.0088806497,71.858758,170.33594,147.58162,140,13.650419
62.4,0.0085925525,71.858819,170.41067,147.80969,140,13.650419
62.46,0.0083137957,71.858878,170.4854,148.03776,140,13.650419
62.52,0.008044077,71.858934,170.56012,148.26583,140,13.650419
62.58,0.0077831035,71.858989,170.63485,148.4939,140,13.650419
62.64,0.0075305922,71.859042,170.70957,148.72197,140,13.650419
62.7,0.0072862688,71.859094,170.7843,148.95004,140,13.650419
62.76,0.0070498682,71.859144,170.85902,149.17811,140,13.650419
62.82,0.0068211336,71.859192,170.93375,149.40618,140,13.650419
62.88,0.0065998169,71.859238,171.00847,149.63425,140,13.650419
62.94,0.0063856775,71.859283,171.0832,149.86232,140,13.650419
63,0.0061784831,71.859327,171.15792,150.09039,140,13.650419
63.06,0.0059780084,71.859369,171.23265,150.31846,140,13.650419
63.12,0.0057840359,71.85941,171.30737,150.54653,140,13.650419
63.18,0.0055963547,71.85945,171.38209,150.77461,140,13.650419
63.24,0.0054147611,71.859488,171.45682,151.00268,140,13.650419
63.3,0.0052390576,71.859525,171.53154,151.23075,140,13.650419
63.36,0.0050690534,71.859561,171.60626,151.45882,140,13.650419
63.42,0.0049045637,71.859595,171.68099,151.68689,140,13.650419
63.48,0.0047454099,71.859629,171.75571,151.91496,140,13.650419
63.54,0.0045914188,71.859661,171.83043,152.14303,140,13.650419
63.6,0.0044424233,71.859693,171.90516,152.3711,140,13.650419
63.66,0.0042982612,71.859723,171.97988,152.59918,140,13.650419
63.72,0.004158776,71.859752,172.0546,152.82725,140,13.650419
63.78,0.0040238159,71.859781,172.12932,153.05532,140,13.650419
63.84,0.0038932343,71.859808,172.20405,153.28339,140,13.650419
63.9,0.0037668892,71.859835,172.27877,153.51146,140,13.650419
63.96,0.0036446432,71.85986,172.35349,153.73953,140,13.650419
64.02,0.0035263634,71.859885,172.42821,153.9676,140,13.650419
64.08,0.0034119212,71.859909,172.50293,154.19568,140,13.650419
64.14,0.0033011921,71.859933,172.57766,154.42375,140,13.650419
64.2,0.0031940557,71.859955,172.65238,154.65182,140,13.650419
64.26,0.0030903955,71.859977,172.7271,154.87989,140,13.650419
64.32,0.0029900988,71.859998,172.80182,155.10796,140,13.650419
64.38,0.0028930565,71.860019,172.87654,155.33603,140,13.650419
64.44,0.0027991629,71.860038,172.95126,155.56411,140,13.650419
64.5,0.0027083161,71.860057,173.02599,155.79218,140,13.650419
64.56,0.0026204171,71.860076,173.10071,156.02025,140,13.650419
64.62,0.0025353704,71.860094,173.17543,156.24832,140,13.650419
64.68,0.0024530834,71.860111,173.25015,156.47639,140,13.650419
64.74,0.0023734667,71.860128,173.32487,156.70446,140,13.650419
64.8,0.0022964335,71.860144,173.39959,156.93254,140,13.650419
64.86,0.0022219001,71.86016,173.47431,157.16061,140,13.650419
64.92,0.0021497854,71.860175,173.54903,157.38868,140,13.650419
64.98,0.0020800109,71.86019,173.62375,157.61675,140,13.650419
65.04,0.0020125007,71.860204,173.69847,157.84482,140,13.650419
65.1,0.0019471813,71.860218,173.7732,158.0729,140,13.650419
65.16,0.0018839817,71.860231,173.84792,158.30097,140,13.650419
65.22,0.0018228331,71.860244,173.92264,158.52904,140,13.650419
65.28,0.001763669,71.860256,173.99736,158.75711,140,13.650419
65.34,0.0017064249,71.860268,174.07208,158.98518,140,13.650419
65.4,0.0016510386,71.86028,174.1468,159.21326,140,13.650419
65.46,0.0015974498,71.860291,174.22152,159.44133,140,13.650419
65.52,0.0015456001,71.860302,174.29624,159.6694,140,13.650419
65.58,0.0014954332,71.860313,174.37096,159.89747,140,13.650419
65.64,0.0014468945,71.860323,174.44568,160.12554,140,13.650419
65.7,0.001399931,71.860333,174.5204,160.35362,140,13.650419
65.76,0.0013544917,71.860342,174.59512,160.58169,140,13.650419
65.82,0.0013105272,71.860352,174.66984,160.80976,140,13.650419
65.88,0.0012679895,71.860361,174.74456,161.03783,140,13.650419
65.94,0.0012268325,71.860369,174.81928,161.2659,140,13.650419
66,0.0011870112,71.860378,174.894,161.49398,140,13.650419
66.06,0.0011484823,71.860386,174.96872,161.72205,140,13.650419
66.12,0.001111204,71.860394,175.04344,161.95012,140,13.650419
66.18,0.0010751355,71.860401,175.11816,162.17819,140,13.650419
66.24,0.0010402378,71.860408,175.19288,162.40627,140,13.650419
66.3,0.0010064726,71.860416,175.2676,162.63434,140,13.650419
66.36,0.00097380341,71.860422,175.34232,162.86241,140,13.650419
66.42,0.00094219453,71.860429,175.41704,163.09048,140,13.650419
66.48,0.00091161158,71.860436,175.49176,163.31855,140,13.650419
66.54,0.00088202127,71.860442,175.56648,163.54663,140,13.650419
66.6,0.00085339138,71.860448,175.6412,163.7747,140,13.650419
66.66,0.00082569074,71.860454,175.71592,164.00277,140,13.650419
66.72,0.0007988892,71.860459,175.79064,164.23084,140,13.650419
66.78,0.00077295757,71.860465,175.86536,164.45892,140,13.650419
66.84,0.00074786763,71.86047,175.94008,164.68699,140,13.650419
66.9,0.00072359206,71.860475,176.0148,164.91506,140,13.650419
66.96,0.00070010442,71.86048,176.08952,165.14313,140,13.650419
67.02,0.00067737915,71.860485,176.16424,165.3712,140,13.650419
67.08,0.0006553915,71.860489,176.23896,165.59928,140,13.650419
67.14,0.00063411754,71.860494,176.31368,165.82735,140,13.650419
67.2,0.0006135341,71.860498,176.3884,166.05542,140,13.650419
67.26,0.00059361876,71.860502,176.46312,166.28349,140,13.650419
67.32,0.00057434985,71.860506,176.53784,166.51157,140,13.650419
67.38,0.00055570639,71.86051,176.61256,166.73964,140,13.650419
67.44,0.00053766807,71.860514,176.68728,166.96771,140,13.650419
67.5,0.00052021525,71.860518,176.76199,167.19578,140,13.650419
67.56,0.00050332894,71.860521,176.83671,167.42386,140,13.650419
67.62,0.00048699074,71.860525,176.91143,167.65193,140,13.650419
67.68,0.00047118286,71.860528,176.98615,167.88,140,13.650419
67.74,0.0004558881,71.860531,177.06087,168.10807,140,13.650419
67.8,0.00044108979,71.860535,177.13559,168.33614,140,13.650419
67.86,0.00042677183,71.860538,177.21031,168.56422,140,13.650419
67.92,0.00041291862,71.86054,177.28503,168.79229,140,13.650419
67.98,0.00039951508,71.860543,177.35975,169.02036,140,13.650419
68.04,0.00038654661,71.860546,177.43447,169.24843,140,13.650419
68.1,0.0003739991,71.860549,177.50919,169.47651,140,13.650419
68.16,0.00036185887,71.860551,177.58391,169.70458,140,13.650419
68.22,0.00035011271,71.860554,177.65863,169.93265,140,13.650419
68.28,0.00033874783,71.860556,177.73335,170.16072,140,13.650419
68.34,0.00032775185,71.860558,177.80807,170.3888,140,13.650419
68.4,0.0003171128,71.860561,177.88279,170.61687,140,13.650419
68.46,0.0003068191,71.860563,177.95751,170.84494,140,13.650419
68.52,0.00029685952,71.860565,178.03222,171.07301,140,13.650419
68.58,0.00028722324,71.860567,178.10694,171.30109,140,13.650419
68.64,0.00027789975,71.860569,178.18166,171.52916,140,13.650419
68.7,0.0002688789,71.860571,178.25638,171.75723,140,13.650419
68.76,0.00026015087,71.860573,178.3311,171.9853,140,13.650419
68.82,0.00025170615,71.860574,178.40582,172.21338,140,13.650419
68.88,0.00024353555,71.860576,178.48054,172.44145,140,13.650419
68.94,0.00023563018,71.860578,178.55526,172.66952,140,13.650419
69,0.00022798141,71.860579,178.62998,172.89759,140,13.650419
69.06,0.00022058092,71.860581,178.7047,173.12567,140,13.650419
69.12,0.00021342066,71.860582,178.77942,173.35374,140,13.650419
69.18,0.00020649282,71.860584,178.85414,173.58181,140,13.650419
69.24,0.00019978987,71.860585,178.92886,173.80988,140,13.650419
69.3,0.00019330449,71.860587,179.00358,174.03796,140,13.650419
69.36,0.00018702964,71.860588,179.07829,174.26603,140,13.650419
69.42,0.00018095846,71.860589,179.15301,174.4941,140,13.650419
69.48,0.00017508437,71.86059,179.22773,174.72217,140,13.650419
69.54,0.00016940095,71.860592,179.30245,174.95024,140,13.650419
69.6,0.00016390201,71.860593,179.37717,175.17832,140,13.650419
69.66,0.00015858158,71.860594,179.45189,175.40639,140,13.650419
69.72,0.00015343385,71.860595,179.52661,175.63446,140,13.650419
69.78,0.00014845322,71.860596,179.60133,175.86253,140,13.650419
69.84,0.00014363427,71.860597,179.67605,176.09061,140,13.650419
69.9,0.00013897174,71.860598,179.75077,176.31868,140,13.650419
69.96,0.00013446056,71.860599,179.82549,176.54675,140,13.650419
70.02,0.00013009582,71.8606,179.90021,176.77482,140,13.650419
70.08,0.00012587276,71.860601,179.97493,177.0029,140,13.650419
70.14,0.00012178679,71.860602,180.04964,177.23097,140,13.650419
70.2,0.00011783345,71.860603,180.12436,177.45904,140,13.650419
70.26,0.00011400843,71.860603,180.19908,177.68711,140,13.650419
70.32,0.00011030759,71.860604,180.2738,177.91519,140,13.650419
70.38,0.00010672687,71.860605,180.34852,178.14326,140,13.650419
70.44,0.00010326239,71.860606,180.42324,178.37133,140,13.650419
70.5,9.9910368e-05,71.860606,180.49796,178.5994,140,13.650419
70.56,9.6667157e-05,71.860607,180.57268,178.82748,140,13.650419
70.62,9.3529223e-05,71.860608,180.6474,179.05555,140,13.650419
70.68,9.049315e-05,71.860608,180.72212,179.28362,140,13.650419
70.74,8.7555631e-05,71.860609,180.79684,179.51169,140,13.650419
70.8,8.4713466e-05,71.860609,180.87156,179.73977,140,13.650419
70.86,8.1963562e-05,71.86061,180.94627,179.96784,140,13.650419
70.92,7.9302922e-05,71.860611,181.02099,180.19591,140,13.650419
70.98,7.6728649e-05,71.860611,181.09571,180.42398,140,13.650419
71.04,7.423794e-05,71.860612,181.17043,180.65206,140,13.650419
71.1,7.1828083e-05,71.860612,181.24515,180.88013,140,13.650419
71.16,6.9496452e-05,71.860613,181.31987,181.1082,140,13.650419
71.22,6.7240508e-05,71.860613,181.39459,181.33627,140,13.650419
71.28,6.5057794e-05,71.860614,181.46931,181.56435,140,13.650419
71.34,6.2945934e-05,71.860614,181.54403,181.79242,140,13.650419
71.4,6.0902628e-05,71.860615,181.61875,182.02049,140,13.650419
71.46,5.8925649e-05,71.860615,181.69347,182.24856,140,13.650419
71.52,5.7012846e-05,71.860615,181.76819,182.47664,140,13.650419
71.58,5.5162134e-05,71.860616,181.8429,182.70471,140,13.650419
71.64,5.3371499e-05,71.860616,181.91762,182.93278,140,13.650419
71.7,5.163899e-05,71.860616,181.99234,183.16085,140,13.650419
71.76,4.996272e-05,71.860617,182.06706,183.38893,140,13.650419
71.82,4.8340864e-05,71.860617,182.14178,183.617,140,13.650419
71.88,4.6771655e-05,71.860617,182.2165,183.84507,140,13.650419
71.94,4.5253385e-05,71.860618,182.29122,184.07314,140,13.650419
72,4.3784399e-05,71.860618,182.36594,184.30122,140,13.650419
72.06,4.2363099e-05,71.860618,182.44066,184.52929,140,13.650419
72.12,4.0987936e-05,71.860619,182.51538,184.75736,140,13.650419
72.18,3.9657413e-05,71.860619,182.5901,184.98543,140,13.650419
72.24,3.8370079e-05,71.860619,182.66481,185.21351,140,13.650419
72.3,3.7124535e-05,71.86062,182.73953,185.44158,140,13.650419
72.36,3.5919422e-05,71.86062,182.81425,185.66965,140,13.650419
72.42,3.4753429e-05,71.86062,182.88897,185.89772,140,13.650419
72.48,3.3625285e-05,71.86062,182.96369,186.1258,140,13.650419
72.54,3.2533763e-05,71.86062,183.03841,186.35387,140,13.650419
72.6,3.1477672e-05,71.860621,183.11313,186.58194,140,13.650419
72.66,3.0455864e-05,71.860621,183.18785,186.81001,140,13.650419
72.72,2.9467225e-05,71.860621,183.26257,187.03809,140,13.650419
72.78,2.8510678e-05,71.860621,183.33729,187.26616,140,13.650419
72.84,2.7585183e-05,71.860622,183.41201,187.49423,140,13.650419
72.9,2.668973e-05,71.860622,183.48673,187.7223,140,13.650419
72.96,2.5823344e-05,71.860622,183.56144,187.95038,140,13.650419
73.02,2.4985083e-05,71.860622,183.63616,188.17845,140,13.650419
73.08,2.4174032e-05,71.860622,183.71088,188.40652,140,13.650419
73.14,2.338931e-05,71.860622,183.7856,188.63459,140,13.650419
73.2,2.263006e-05,71.860623,183.86032,188.86267,140,13.650419
73.26,2.1895457e-05,71.860623,183.93504,189.09074,140,13.650419
73.32,2.11847e-05,71.860623,184.00976,189.31881,140,13.650419
73.38,2.0497015e-05,71.860623,184.08448,189.54688,140,13.650419
73.44,1.9831654e-05,71.860623,184.1592,189.77495,140,13.650419
73.5,1.9187891e-05,71.860623,184.23392,190.00303,140,13.650419
73.56,1.8565025e-05,71.860623,184.30864,190.2311,140,13.650419
73.62,1.7962378e-05,71.860624,184.38335,190.45917,140,13.650419
73.68,1.7379294e-05,71.860624,184.45807,190.68724,140,13.650419
73.74,1.6815138e-05,71.860624,184.53279,190.91532,140,13.650419
73.8,1.6269295e-05,71.860624,184.60751,191.14339,140,13.650419
73.86,1.5741171e-05,71.860624,184.68223,191.37146,140,13.650419
73.92,1.523019e-05,71.860624,184.75695,191.59953,140,13.650419
73.98,1.4735797e-05,71.860624,184.83167,191.82761,140,13.650419
74.04,1.4257452e-05,71.860624,184.90639,192.05568,140,13.650419
74.1,1.3794635e-05,71.860624,184.98111,192.28375,140,13.650419
74.16,1.3346842e-05,71.860625,185.05583,192.51182,140,13.650419
74.22,1.2913585e-05,71.860625,185.13055,192.7399,140,13.650419
74.28,1.2494392e-05,71.860625,185.20526,192.96797,140,13.650419
74.34,1.2088806e-05,71.860625,185.27998,193.19604,140,13.650419
74.4,1.1696386e-05,71.860625,185.3547,193.42411,140,13.650419
74.46,1.1316705e-05,71.860625,185.42942,193.65219,140,13.650419
74.52,1.0949349e-05,71.860625,185.50414,193.88026,140,13.650419
74.58,1.0593917e-05,71.860625,185.57886,194.10833,140,13.650419
74.64,1.0250024e-05,71.860625,185.65358,194.3364,140,13.650419
74.7,9.9172936e-06,71.860625,185.7283,194.56448,140,13.650419
74.76,9.5953642e-06,71.860625,185.80302,194.79255,140,13.650419
74.82,9.283885e-06,71.860625,185.87774,195.02062,140,13.650419
74.88,8.9825169e-06,71.860625,185.95246,195.24869,140,13.650419
74.94,8.6909317e-06,71.860625,186.02717,195.47677,140,13.650419
75,8.4088117e-06,71.860626,186.10189,195.70484,140,13.650419
75.06,8.1358497e-06,71.860626,186.17661,195.93291,140,13.650419
75.12,7.8717485e-06,71.860626,186.25133,196.16098,140,13.650419
75.18,7.6162203e-06,71.860626,186.32605,196.38906,140,13.650419
75.24,7.368987e-06,71.860626,186.40077,196.61713,140,13.650419
75.3,7.1297792e-06,71.860626,186.47549,196.8452,140,13.650419
75.36,6.8983364e-06,71.860626,186.55021,197.07327,140,13.650419
75.42,6.6744066e-06,71.860626,186.62493,197.30135,140,13.650419
75.48,6.4577458e-06,71.860626,186.69965,197.52942,140,13.650419
75.54,6.2481182e-06,71.860626,186.77437,197.75749,140,13.650419
75.6,6.0452954e-06,71.860626,186.84908,197.98556,140,13.650419
75.66,5.8490564e-06,71.860626,186.9238,198.21364,140,13.650419
75.72,5.6591877e-06,71.860626,186.99852,198.44171,140,13.650419
75.78,5.4754824e-06,71.860626,187.07324,198.66978,140,13.650419
75.84,5.2977404e-06,71.860626,187.14796,198.89785,140,13.650419
75.9,5.1257682e-06,71.860626,187.22268,199.12593,140,13.650419
75.96,4.9593785e-06,71.860626,187.2974,199.354,140,13.650419
76.02,4.7983899e-06,71.860626,187.37212,199.58207,140,13.650419
76.08,4.6426273e-06,71.860626,187.44684,199.81014,140,13.650419
76.14,4.491921e-06,71.860626,187.52156,200.03822,140,13.650419
76.2,4.3461068e-06,71.860626,187.59628,200.26629,140,13.650419
76.26,4.205026e-06,71.860626,187.67099,200.49436,140,13.650419
76.32,4.0685248e-06,71.860626,187.74571,200.72243,140,13.650419
76.38,3.9364547e-06,71.860626,187.82043,200.95051,140,13.650419
76.44,3.8086717e-06,71.860627,187.89515,201.17858,140,13.650419
76.5,3.6850368e-06,71.860627,187.96987,201.40665,140,13.650419
76.56,3.5654152e-06,71.860627,188.04459,201.63472,140,13.650419
76.62,3.4496768e-06,71.860627,188.11931,201.8628,140,13.650419
76.68,3.3376953e-06,71.860627,188.19403,202.09087,140,13.650419
76.74,3.2293489e-06,71.860627,188.26875,202.31894,140,13.650419
76.8,3.1245196e-06,71.860627,188.34347,202.54701,140,13.650419
76.86,3.0230933e-06,71.860627,188.41819,202.77509,140,13.650419
76.92,2.9249593e-06,71.860627,188.4929,203.00316,140,13.650419
76.98,2.8300109e-06,71.860627,188.56762,203.23123,140,13.650419
77.04,2.7381447e-06,71.860627,188.64234,203.4593,140,13.650419
77.1,2.6492606e-06,71.860627,188.71706,203.68738,140,13.650419
77.16,2.5632618e-06,71.860627,188.79178,203.91545,140,13.650419
77.22,2.4800547e-06,71.860627,188.8665,204.14352,140,13.650419
77.28,2.3995485e-06,71.860627,188.94122,204.37159,140,13.650419
77.34,2.3216557e-06,71.860627,189.01594,204.59967,140,13.650419
77.4,2.2462915e-06,71.860627,189.09066,204.82774,140,13.650419
77.46,2.1733736e-06,71.860627,189.16538,205.05581,140,13.650419
77.52,2.1028228e-06,71.860627,189.2401,205.28388,140,13.650419
77.58,2.0345622e-06,71.860627,189.31481,205.51196,140,13.650419
77.64,1.9685173e-06,71.860627,189.38953,205.74003,140,13.650419
77.7,1.9046164e-06,71.860627,189.46425,205.9681,140,13.650419
77.76,1.8427899e-06,71.860627,189.53897,206.19617,140,13.650419
77.82,1.7829703e-06,71.860627,189.61369,206.42425,140,13.650419
77.88,1.7250925e-06,71.860627,189.68841,206.65232,140,13.650419
77.94,1.6690935e-06,71.860627,189.76313,206.88039,140,13.650419
78,1.6149123e-06,71.860627,189.83785,207.10846,140,13.650419
