t,base,lag,pi,lead,lead_lag
0,0,0,0,0,0
0.2002224694,4.628913249e-05,4.630617491e-05,2.394889408e-05,9.239534653e-05,6.412394832e-05
0.4004449388,0.0003341329013,0.0003343837982,0.0001729600091,0.0006619408395,0.0004606318364
0.6006674082,0.001023399106,0.001024572626,0.0005300354172,0.002011797059,0.001403834085
0.8008898776,0.002213197924,0.002216637654,0.001146908273,0.004316356861,0.003020482335
1.001112347,0.003963070653,0.003970886291,0.002054970419,0.007666788684,0.005380574225
1.201334816,0.00630676473,0.006321896577,0.003272380773,0.01210059678,0.008517366674
1.401557286,0.009261190713,0.009287443467,0.004808689573,0.01762081363,0.01244038108
1.601779755,0.01283224812,0.01287430441,0.00666784689,0.02420846648,0.01714385724
1.802002225,0.01701861639,0.01708203685,0.008850160196,0.03183068027,0.02261225139
2.002224694,0.02181422332,0.02190543765,0.01135356836,0.04044594895,0.0288238143
2.202447164,0.02720985407,0.02733614598,0.01417447106,0.05000756893,0.03575292225
2.402669633,0.03319420156,0.0333636894,0.0173082689,0.06046587925,0.04337159757
2.602892102,0.03975455375,0.03997616822,0.02074971555,0.07176972653,0.05165050268
2.803114572,0.04687724496,0.04716070459,0.02449314736,0.0838674259,0.06055959166
3.003337041,0.05454795373,0.05490373877,0.02853263352,0.0967073938,0.070068539
3.203559511,0.06275190097,0.06319122596,0.03286207427,0.1102385669,0.08014702339
3.40378198,0.07147398311,0.07200876855,0.03747526557,0.1244106811,0.09076491684
3.604004449,0.08069886311,0.08134170626,0.04236594172,0.1391744589,0.1018924119
3.804226919,0.09041103394,0.09117517893,0.04752780376,0.1544817358,0.1135001087
4.004449388,0.100594864,0.1014941715,0.05295453856,0.1702855468,0.1255590746
4.204671858,0.1112346312,0.1122835473,0.05863983184,0.1865401861,0.1380408868
4.404894327,0.1223145486,0.1235280736,0.06457737723,0.2032012472,0.1509176631
4.605116796,0.1338187858,0.1352124427,0.07076088279,0.2202256517,0.1641620839
4.805339266,0.1457314865,0.1473212887,0.07718407573,0.2375716673,0.1777474096
5.005561735,0.158036784,0.1598392031,0.08384070618,0.2551989205,0.1916474933
5.205784205,0.1707188146,0.1727507483,0.09072455002,0.2730684031,0.2058367911
5.406006674,0.1837617312,0.1860404702,0.09782941139,0.2911424754,0.2202903701
5.606229143,0.1971497144,0.1996929101,0.1051491248,0.3093848651,0.2349839145
5.806451613,0.2108669846,0.213692616,0.112677557,0.3277606645,0.2498937307
6.006674082,0.2248978125,0.2280241536,0.1204086086,0.3462363246,0.2649967509
6.206896552,0.2392265299,0.2426721168,0.1283362158,0.3647796469,0.2802705358
6.407119021,0.2538375397,0.257621138,0.1364543519,0.3833597737,0.2956932763
6.607341491,0.2687153262,0.2728558981,0.1447570287,0.4019471764,0.3112437946
6.80756396,0.2838444645,0.2883611364,0.1532382978,0.420513642,0.3269015439
7.007786429,0.2992096298,0.30412166,0.1618922521,0.4390322582,0.3426466085
7.208008899,0.3147956067,0.3201223532,0.1707130268,0.4574773971,0.3584597017
7.408231368,0.3305872982,0.3363481865,0.179694801,0.4758246974,0.3743221642
7.608453838,0.3465697339,0.3527842257,0.1888317987,0.4940510458,0.3902159617
7.808676307,0.3627280788,0.3694156406,0.1981182899,0.5121345568,0.4061236813
8.008898776,0.3790476412,0.386227713,0.2075485921,0.5300545516,0.4220285278
8.209121246,0.3955138805,0.4032058456,0.2171170706,0.5477915362,0.4379143196
8.409343715,0.4121124153,0.4203355695,0.2268181407,0.5653271784,0.4537654836
8.609566185,0.4288290299,0.4376025523,0.2366462677,0.5826442842,0.4695670501
8.809788654,0.4456496824,0.4549926053,0.2465959683,0.5997267733,0.4853046468
9.010011123,0.4625605107,0.4724916915,0.2566618117,0.6165596538,0.5009644926
9.210233593,0.4795478397,0.4900859321,0.2668384202,0.633128997,0.5165333909
9.410456062,0.4965981875,0.5077616134,0.2771204705,0.6494219107,0.5319987226
9.610678532,0.5136982712,0.5255051941,0.287502694,0.6654265129,0.5473484387
9.810901001,0.5308350131,0.5433033111,0.2979798782,0.6811319044,0.5625710524
10.01112347,0.5479955465,0.561142786,0.3085468669,0.6965281419,0.5776556309
10.21134594,0.5651672202,0.5790106307,0.3191985617,0.71160621,0.5925917871
10.41156841,0.5823376046,0.596894054,0.3299299219,0.7263579934,0.6073696708
10.61179088,0.5994944959,0.6147804661,0.3407359658,0.7407762488,0.6219799599
10.81201335,0.6166259209,0.6326574846,0.3516117711,0.7548545772,0.6364138508
11.01223582,0.6337201413,0.6505129392,0.3625524757,0.768587395,0.6506630491
11.21245829,0.650765658,0.6683348766,0.373553278,0.7819699066,0.6647197601
11.41268076,0.6677512146,0.6861115654,0.3846094378,0.7949980755,0.6785766785
11.61290323,0.6846658014,0.7038314999,0.3957162766,0.8076685968,0.6922269789
11.8131257,0.7014986584,0.7214834046,0.4068691783,0.8199788689,0.7056643049
12.01334816,0.7182392789,0.7390562383,0.4180635896,0.8319269657,0.7188827596
12.21357063,0.7348774119,0.7565391974,0.4292950203,0.8435116092,0.7318768942
12.4137931,0.7514030651,0.7739217194,0.4405590441,0.8547321419,0.7446416984
12.61401557,0.7678065072,0.7911934864,0.4518512986,0.8655884997,0.7571725889
12.81423804,0.7840782702,0.808344428,0.4631674858,0.8760811853,0.7694653992
13.01446051,0.8002091513,0.8253647241,0.4745033726,0.8862112415,0.7815163685
13.21468298,0.8161902145,0.8422448074,0.485854791,0.8959802248,0.7933221309
13.41490545,0.8320127926,0.8589753659,0.4972176382,0.9053901803,0.8048797049
13.61512792,0.8476684879,0.8755473448,0.5085878772,0.9144436157,0.8161864818
13.81535039,0.8631491737,0.891951949,0.5199615368,0.9231434765,0.8272402155
14.01557286,0.8784469952,0.908180644,0.5313347118,0.9314931218,0.8380390111
14.21579533,0.89355437,0.9242251582,0.5427035634,0.9394962997,0.8485813144
14.4160178,0.9084639884,0.9400774839,0.5540643192,0.9471571243,0.8588659007
14.61624027,0.9231688142,0.9557298782,0.5654132731,0.9544800521,0.8688918642
14.81646274,0.9376620842,0.9711748643,0.576746786,0.9614698599,0.8786586072
15.01668521,0.9519373085,0.9864052318,0.5880612853,0.9681316225,0.8881658293
15.21690768,0.9659882698,1.001414038,0.5993532653,0.974470691,0.8974135171
15.41713014,0.9798090233,1.016194607,0.610619287,0.9804926723,0.9064019331
15.61735261,0.9933938955,1.03074053,0.6218559784,0.9862034083,0.9151316058
15.81757508,1.006737484,1.045045668,0.6330600343,0.9916089561,0.9236033188
16.01779755,1.019834655,1.059104147,0.6442282162,0.9967155688,0.9318181011
16.21802002,1.032680546,1.072910362,0.6553573525,1.001529677,0.9397772164
16.41824249,1.045270557,1.086458972,0.6664443381,1.006057869,0.9474821535
16.61846496,1.057600357,1.099744903,0.6774861348,1.010306877,0.9549346161
16.81868743,1.069665877,1.112763346,0.6884797705,1.014283556,0.9621365131
17.0189099,1.081463312,1.125509755,0.6994223396,1.017994868,0.969089949
17.21913237,1.092989114,1.137979845,0.7103110028,1.02144787,0.9757972145
17.41935484,1.104239995,1.150169596,0.7211429867,1.024649693,0.982260777
17.61957731,1.115212921,1.162075241,0.7319155836,1.027607533,0.9884832712
17.81979978,1.12590511,1.173693277,0.7426261515,1.030328631,0.9944674905
18.02002225,1.136314033,1.185020453,0.7532721139,1.032820265,1.000216378
18.22024472,1.146437406,1.196053772,0.7638509592,1.035089734,1.005733017
18.42046719,1.156273192,1.20679049,0.7743602409,1.037144345,1.011020625
18.62068966,1.165819593,1.217228111,0.7847975768,1.038991402,1.01608254
18.82091212,1.175075051,1.227364387,0.7951606492,1.040638197,1.020922221
19.02113459,1.184038245,1.237197312,0.8054472042,1.042091995,1.025543228
19.22135706,1.192708083,1.246725124,0.8156550517,1.043360026,1.029949228
19.42157953,1.201083703,1.255946298,0.8257820648,1.044449476,1.034143975
19.621802,1.209164469,1.264859547,0.8358261794,1.045367476,1.038131309
19.82202447,1.216949965,1.273463816,0.8457853941,1.046121094,1.04191515
20.02224694,1.224439994,1.281758277,0.8556577698,1.046717326,1.045499484
20.22246941,1.231634572,1.289742333,0.8654414287,1.047163092,1.048888365
20.42269188,1.238533926,1.297415607,0.8751345547,1.047465222,1.0520859
20.62291435,1.245138489,1.304777943,0.8847353924,1.047630456,1.055096249
20.82313682,1.251448896,1.311829399,0.8942422471,1.047665433,1.057923613
21.02335929,1.257465978,1.318570249,0.9036534839,1.047576687,1.060572232
21.22358176,1.263190764,1.325000973,0.9129675273,1.047370643,1.063046378
21.42380423,1.268624468,1.331122256,0.9221828611,1.047053607,1.065350349
21.6240267,1.273768492,1.336934987,0.9312980276,1.046631767,1.067488462
21.82424917,1.278624419,1.342440248,0.9403116269,1.046111187,1.06946505
22.02447164,1.283194008,1.347639318,0.949222317,1.045497801,1.071284454
22.2246941,1.287479188,1.352533662,0.9580288127,1.044797412,1.07295102
22.42491657,1.291482059,1.357124931,0.9667298851,1.044015688,1.074469096
22.62513904,1.295204882,1.361414958,0.9753243616,1.043158158,1.075843022
22.82536151,1.298650077,1.36540575,0.9838111246,1.042230213,1.077077129
23.02558398,1.301820218,1.369099488,0.9921891116,1.041237101,1.078175734
23.22580645,1.304718028,1.37249852,1.000457314,1.040183926,1.079143138
23.42602892,1.307346374,1.375605358,1.008614778,1.039075647,1.079983616
23.62625139,1.309708265,1.378422672,1.0166606,1.037917077,1.080701421
23.82647386,1.311806843,1.380953287,1.024593932,1.03671288,1.081300775
24.02669633,1.313645381,1.383200179,1.032413977,1.035467575,1.081785866
24.2269188,1.315227279,1.385166466,1.040119989,1.034185529,1.082160847
24.42714127,1.316556058,1.386855411,1.047711271,1.032870965,1.08242983
24.62736374,1.317635355,1.388270412,1.055187178,1.031527954,1.082596887
24.82758621,1.318468919,1.389414996,1.062547115,1.030160422,1.082666042
25.02780868,1.319060606,1.390292821,1.069790534,1.028772146,1.082641274
25.22803115,1.319414373,1.390907666,1.076916935,1.02736676,1.082526508
25.42825362,1.319534279,1.391263427,1.083925867,1.025947748,1.082325619
25.62847608,1.319424471,1.391364113,1.090816925,1.024518453,1.082042426
25.82869855,1.319089187,1.391213844,1.09758975,1.023082074,1.08168069
26.02892102,1.318532749,1.390816841,1.104244028,1.021641671,1.081244115
26.22914349,1.317759559,1.390177427,1.110779492,1.020200161,1.080736341
26.42936596,1.31677409,1.389300018,1.117195915,1.018760326,1.080160948
26.62958843,1.315580889,1.388189119,1.123493119,1.017324812,1.07952145
26.8298109,1.314184568,1.386849324,1.129670964,1.015896129,1.078821298
27.03003337,1.312589798,1.385285306,1.135729354,1.014476658,1.078063873
27.23025584,1.310801308,1.383501813,1.141668235,1.01306865,1.077252491
27.43047831,1.30882388,1.381503666,1.147487593,1.01167423,1.076390395
27.63070078,1.306662343,1.379295756,1.153187454,1.010295396,1.075480763
27.83092325,1.30432157,1.376883032,1.158767885,1.008934029,1.074526698
28.03114572,1.301806473,1.374270505,1.164228989,1.007591886,1.073531232
28.23136819,1.299122001,1.37146324,1.169570908,1.006270611,1.072497328
28.43159066,1.296273132,1.368466348,1.174793823,1.004971733,1.071427873
28.63181313,1.29326487,1.365284991,1.17989795,1.003696672,1.070325682
28.8320356,1.290102246,1.361924367,1.184883542,1.002446737,1.069193496
29.03225806,1.286790305,1.358389713,1.189750885,1.001223136,1.068033983
29.23248053,1.28333411,1.354686299,1.194500302,1.000026971,1.066849738
29.432703,1.279738734,1.350819423,1.199132149,0.9988592479,1.06564328
29.63292547,1.276009259,1.346794406,1.203646816,0.997720876,1.064417056
29.83314794,1.272150767,1.342616592,1.208044723,0.9966126712,1.063173438
30.03337041,1.268168342,1.338291338,1.212326325,0.9955353595,1.061914727
30.23359288,1.264067066,1.333824017,1.216492106,0.99448958,1.060643147
30.43381535,1.259852009,1.329220006,1.220542581,0.993475888,1.059360851
30.63403782,1.255528235,1.324484691,1.224478295,0.9924947579,1.058069921
30.83426029,1.25110079,1.319623455,1.228299822,0.9915465859,1.056772364
31.03448276,1.246574706,1.314641681,1.232007764,0.9906316937,1.055470118
31.23470523,1.24195499,1.309544745,1.235602751,0.9897503308,1.054165048
31.4349277,1.237246628,1.304338011,1.23908544,0.9889026777,1.052858949
31.63515017,1.232454578,1.299026831,1.242456515,0.9880888492,1.051553549
31.83537264,1.227583768,1.29361654,1.245716683,0.9873088964,1.050250503
32.03559511,1.222639093,1.288112451,1.24886668,0.9865628105,1.048951401
32.23581758,1.217625411,1.282519856,1.251907264,0.9858505252,1.047657764
32.43604004,1.212547542,1.276844017,1.254839216,0.9851719193,1.046371049
32.63626251,1.207410264,1.271090167,1.257663342,0.9845268197,1.045092644
32.83648498,1.202218311,1.265263506,1.260380469,0.9839150044,1.043823875
33.03670745,1.196976371,1.259369199,1.262991446,0.9833362043,1.042566004
33.23692992,1.191689082,1.253412369,1.265497143,0.9827901068,1.04132023
33.43715239,1.186361029,1.247398098,1.267898451,0.9822763577,1.040087691
33.63737486,1.180996745,1.241331425,1.27019628,0.9817945637,1.038869465
33.83759733,1.175600707,1.235217339,1.27239156,0.9813442954,1.037666569
34.0378198,1.17017733,1.22906078,1.274485239,0.9809250891,1.036479965
34.23804227,1.164730974,1.222866634,1.276478281,0.9805364496,1.035310554
34.43826474,1.159265931,1.216639734,1.278371672,0.980177852,1.034159185
34.63848721,1.153786433,1.210384853,1.28016641,0.9798487445,1.033026651
34.83870968,1.148296643,1.204106705,1.28186351,0.97954855,1.031913689
35.03893215,1.142800656,1.197809942,1.283464005,0.9792766687,1.030820989
35.23915462,1.137302498,1.191499152,1.28496894,0.9790324797,1.029749185
35.43937709,1.131806125,1.185178856,1.286379375,0.9788153435,1.028698864
35.63959956,1.126315417,1.178853506,1.287696385,0.9786246034,1.027670564
35.83982202,1.120834183,1.172527484,1.288921055,0.9784595876,1.026664775
36.04004449,1.115366153,1.166205101,1.290054485,0.9783196112,1.025681943
36.24026696,1.109914983,1.159890592,1.291097787,0.9782039775,1.024722467
36.44048943,1.104484249,1.153588118,1.292052082,0.97811198,1.023786704
36.6407119,1.099077448,1.147301762,1.292918505,0.978042904,1.022874968
36.84093437,1.093697997,1.141035528,1.293698197,0.977996028,1.021987533
37.04115684,1.088349232,1.134793341,1.294392313,0.9779706254,1.021124632
37.24137931,1.083034405,1.128579044,1.295002014,0.9779659656,1.02028646
37.44160178,1.077756688,1.122396395,1.295528471,0.9779813158,1.019473177
37.64182425,1.072519165,1.116249071,1.295972863,0.9780159419,1.018684903
37.84204672,1.06732484,1.110140663,1.296336375,0.9780691102,1.017921727
38.04226919,1.062176629,1.104074674,1.296620201,0.9781400881,1.017183702
38.24249166,1.057077363,1.098054523,1.296825541,0.9782281456,1.016470851
38.44271413,1.052029786,1.092083537,1.296953598,0.9783325564,1.015783165
38.6429366,1.047036558,1.086164957,1.297005586,0.9784525985,1.015120604
38.84315907,1.04210025,1.080301933,1.296982719,0.9785875558,1.0144831
39.04338154,1.037223346,1.074497526,1.296886217,0.9787367185,1.01387056
39.243604,1.032408244,1.068754705,1.296717305,0.9788993842,1.013282861
39.44382647,1.027657253,1.063076348,1.296477211,0.9790748585,1.012719858
39.64404894,1.022972596,1.057465239,1.296167165,0.9792624564,1.012181378
39.84427141,1.018356408,1.051924074,1.295788401,0.979461502,1.01166723
40.04449388,1.013810735,1.046455451,1.295342155,0.97967133,1.011177198
40.24471635,1.009337538,1.041061881,1.294829662,0.9798912861,1.010711045
40.44493882,1.004938691,1.035745777,1.294252163,0.9801207273,1.010268517
40.64516129,1.000615979,1.030509461,1.293610895,0.9803590228,1.009849338
40.84538376,0.9963711014,1.025355162,1.292907099,0.9806055541,1.009453217
41.04560623,0.9922056724,1.020285015,1.292142014,0.980859716,1.009079846
41.2458287,0.9881212192,1.015301062,1.291316878,0.9811209162,1.0087289
41.44605117,0.9841191843,1.010405254,1.290432931,0.9813885766,1.00840004
41.64627364,0.980200925,1.005599445,1.289491409,0.9816621327,1.008092914
41.84649611,0.9763677147,1.000885401,1.288493547,0.9819410347,1.007807157
42.04671858,0.9726207428,0.9962647922,1.287440579,0.9822247471,1.007542391
42.24694105,0.9689611162,0.9917392,1.286333736,0.9825127492,1.007298229
42.44716352,0.9653898593,0.9873101127,1.285174244,0.9828045355,1.007074272
42.64738598,0.9619079149,0.9829789282,1.283963331,0.9830996153,1.006870113
42.84760845,0.9585161455,0.978746954,1.282702216,0.9833975133,1.006685335
43.04783092,0.9552153334,0.974615408,1.281392117,0.9836977695,1.006519515
43.24805339,0.9520061822,0.9705854191,1.280034249,0.9839999392,1.006372223
43.44827586,0.9488893173,0.9666580277,1.278629819,0.9843035931,1.00624302
43.64849833,0.9458652873,0.9628341867,1.277180032,0.9846083175,1.006131467
43.8487208,0.9429345645,0.9591147622,1.275686086,0.9849137137,1.006037115
44.04894327,0.9400975464,0.9555005345,1.274149176,0.9852193987,1.005959514
44.24916574,0.9373545564,0.9519921985,1.272570489,0.9855250045,1.005898209
44.44938821,0.9347058454,0.9485903653,1.270951206,0.9858301785,1.005852745
44.64961068,0.9321515921,0.9452955627,1.269292502,0.986134583,1.005822661
44.84983315,0.9296919053,0.9421082365,1.267595547,0.9864378954,1.005807498
45.05005562,0.927326824,0.9390287513,1.265861502,0.9867398076,1.005806794
45.25027809,0.9250563194,0.9360573919,1.264091521,0.9870400266,1.005820088
45.45050056,0.9228802957,0.9331943641,1.262286751,0.9873382733,1.005846918
45.65072303,0.9207985918,0.9304397961,1.260448332,0.9876342832,1.005886824
45.85094549,0.918810982,0.9277937396,1.258577395,0.9879278059,1.005939347
46.05116796,0.9169171781,0.9252561711,1.256675063,0.9882186045,1.006004028
46.25139043,0.9151168299,0.9228269932,1.254742451,0.988506456,1.006080414
46.4516129,0.9134095273,0.9205060357,1.252780666,0.9887911506,1.00616805
46.65183537,0.9117948013,0.9182930571,1.250790803,0.9890724916,1.006266486
46.85205784,0.9102721253,0.916187746,1.248773951,0.9893502951,1.006375278
47.05228031,0.9088409168,0.9141897222,1.24673119,0.9896243898,1.006493982
47.25250278,0.9075005389,0.9122985383,1.244663588,0.9898946166,1.00662216
47.45272525,0.9062503012,0.9105136813,1.242572205,0.9901608285,1.006759378
47.65294772,0.9050894618,0.9088345737,1.24045809,0.9904228899,1.006905207
47.85317019,0.9040172287,0.907260575,1.238322283,0.9906806771,1.007059224
48.05339266,0.9030327609,0.9057909836,1.236165814,0.9909340768,1.00722101
48.25361513,0.9021351702,0.9044250376,1.233989701,0.9911829871,1.007390153
48.4538376,0.9013235227,0.903161917,1.231794953,0.9914273162,1.007566247
48.65406007,0.9005968402,0.9020007449,1.229582567,0.9916669826,1.007748891
48.85428254,0.8999541017,0.9009405891,1.22735353,0.9919019144,1.007937691
49.05450501,0.8993942447,0.8999804634,1.225108818,0.9921320495,1.00813226
49.25472747,0.8989161672,0.8991193298,1.222849396,0.9923573348,1.008332218
49.45494994,0.8985187289,0.8983560995,1.220576215,0.9925777262,1.008537192
49.65517241,0.8982007526,0.8976896346,1.218290219,0.9927931881,1.008746816
49.85539488,0.8979610258,0.8971187499,1.215992338,0.9930036931,1.008960731
50.05561735,0.8977983024,0.8966422144,1.213683489,0.9932092217,1.009178585
50.25583982,0.8977113038,0.8962587528,1.21136458,0.9934097621,1.009400036
50.45606229,0.897698721,0.8959670472,1.209036507,0.9936053098,1.009624748
50.65628476,0.8977592152,0.8957657388,1.20670015,0.9937958671,1.009852392
50.85650723,0.8978914203,0.8956534293,1.204356383,0.9939814433,1.010082649
51.0567297,0.8980939436,0.8956286826,1.202006062,0.9941620537,1.010315206
51.25695217,0.8983653675,0.8956900266,1.199650036,0.9943377199,1.01054976
51.45717464,0.8987042512,0.8958359546,1.197289137,0.9945084692,1.010786014
51.65739711,0.8991091318,0.896064927,1.194924188,0.9946743345,1.011023681
51.85761958,0.8995785259,0.8963753726,1.192555999,0.9948353536,1.01126248
52.05784205,0.9001109312,0.8967656908,1.190185366,0.9949915696,1.011502141
52.25806452,0.9007048275,0.8972342526,1.187813073,0.99514303,1.0117424
52.45828699,0.9013586784,0.8977794028,1.185439892,0.9952897866,1.011983002
52.65850945,0.9020709327,0.8983994607,1.183066582,0.9954318954,1.0122237
52.85873192,0.9028400258,0.8990927226,1.18069389,0.9955694162,1.012464256
53.05895439,0.9036643806,0.8998574628,1.17832255,0.9957024125,1.012704438
53.25917686,0.9045424095,0.9006919352,1.175953282,0.9958309508,1.012944023
53.45939933,0.9054725154,0.9015943751,1.173586794,0.9959551011,1.013182799
53.6596218,0.9064530929,0.9025630005,1.171223782,0.9960749358,1.013420556
53.85984427,0.9074825299,0.9035960135,1.168864928,0.9961905302,1.013657098
54.06006674,0.9085592085,0.9046916022,1.166510903,0.9963019619,1.013892234
54.26028921,0.9096815066,0.9058479416,1.164162362,0.9964093107,1.01412578
54.46051168,0.910847799,0.9070631959,1.161819951,0.9965126582,1.014357561
54.66073415,0.9120564586,0.9083355189,1.1594843,0.9966120879,1.014587409
54.86095662,0.9133058574,0.9096630562,1.157156028,0.9967076847,1.014815165
55.06117909,0.9145943681,0.9110439466,1.15483574,0.996799535,1.015040676
55.26140156,0.9159203649,0.912476323,1.15252403,0.9968877263,1.015263796
55.46162403,0.9172822247,0.913958314,1.150221477,0.996972347,1.015484388
55.6618465,0.9186783285,0.9154880456,1.147928649,0.9970534863,1.015702321
55.86206897,0.9201070619,0.917063642,1.1456461,0.9971312342,1.01591747
56.06229143,0.9215668167,0.9186832273,1.143374373,0.997205681,1.01612972
56.2625139,0.9230559917,0.9203449266,1.141113996,0.9972769175,1.016338959
56.46273637,0.9245729937,0.9220468672,1.138865487,0.9973450344,1.016545085
56.66295884,0.9261162386,0.9237871801,1.136629348,0.9974101227,1.016748
56.86318131,0.9276841521,0.9255640011,1.134406073,0.9974722732,1.016947615
57.06340378,0.9292751712,0.9273754719,1.132196139,0.9975315764,1.017143844
57.26362625,0.9308877444,0.9292197414,1.130000013,0.9975881225,1.01733661
57.46384872,0.9325203332,0.9310949669,1.127818151,0.9976420013,1.017525841
57.66407119,0.9341714125,0.9329993148,1.125650992,0.9976933019,1.01771147
57.86429366,0.9358394718,0.9349309625,1.123498968,0.9977421127,1.017893438
58.06451613,0.9375230158,0.9368880988,1.121362496,0.9977885213,1.01807169
58.2647386,0.9392205651,0.938868925,1.11924198,0.9978326147,1.018246177
58.46496107,0.9409306575,0.9408716564,1.117137814,0.9978744785,1.018416854
58.66518354,0.9426518479,0.9428945228,1.11505038,0.9979141976,1.018583683
58.86540601,0.9443827099,0.9449357697,1.112980046,0.9979518554,1.01874663
59.06562848,0.9461218356,0.9469936592,1.110927171,0.9979875346,1.018905666
59.26585095,0.947867837,0.9490664708,1.108892099,0.9980213161,1.019060768
59.46607341,0.9496193463,0.9511525027,1.106875166,0.9980532798,1.019211916
59.66629588,0.9513750165,0.9532500721,1.104876693,0.9980835042,1.019359096
59.86651835,0.953133522,0.9553575164,1.102896991,0.9981120661,1.019502296
60.06674082,0.9548935592,0.957473194,1.100936361,0.9981390412,1.01964151
60.26696329,0.9566538471,0.9595954847,1.09899509,0.9981645032,1.019776736
60.46718576,0.9584131276,0.9617227911,1.097073455,0.9981885247,1.019907976
60.66740823,0.9601701661,0.9638535387,1.095171723,0.9982111764,1.020035235
60.8676307,0.9619237521,0.9659861771,1.093290148,0.9982325274,1.020158522
61.06785317,0.9636726994,0.9681191801,1.091428974,0.9982526451,1.02027785
61.26807564,0.9654158465,0.9702510471,1.089588435,0.9982715954,1.020393234
61.46829811,0.9671520571,0.9723803028,1.087768753,0.9982894423,1.020504694
61.66852058,0.9688802204,0.9745054986,1.085970139,0.9983062482,1.020612252
61.86874305,0.9705992516,0.9766252127,1.084192796,0.9983220735,1.020715932
62.06896552,0.9723080918,0.9787380508,1.082436914,0.9983369773,1.020815763
62.26918799,0.9740057088,0.9808426465,1.080702674,0.9983510166,1.020911777
62.46941046,0.9756910969,0.9829376619,1.078990247,0.9983642467,1.021004004
62.66963293,0.9773632773,0.9850217878,1.077299792,0.9983767212,1.021092483
62.86985539,0.9790212984,0.9870937445,1.075631461,0.9983884919,1.02117725
63.07007786,0.980664236,0.9891522818,1.073985394,0.9983996089,1.021258346
63.27030033,0.9822911931,0.9911961797,1.072361722,0.9984101205,1.021335813
63.4705228,0.9839013007,0.9932242484,1.070760568,0.9984200734,1.021409696
63.67074527,0.9854937172,0.9952353289,1.069182042,0.9984295123,1.02148004
63.87096774,0.987067629,0.9972282933,1.067626248,0.9984384805,1.021546894
64.07119021,0.9886222504,0.9992020448,1.066093279,0.9984470194,1.021610307
64.27141268,0.9901568237,1.001155518,1.064583219,0.9984551688,1.021670329
64.47163515,0.9916706191,1.003087679,1.063096144,0.9984629669,1.021727014
64.67185762,0.9931629348,1.004997527,1.061632121,0.9984704501,1.021780415
64.87208009,0.9946330971,1.006884091,1.060191208,0.9984776534,1.021830586
65.07230256,0.9960804602,1.008746434,1.058773453,0.99848461,1.021877585
65.27252503,0.9975044063,1.010583651,1.057378898,0.9984913517,1.021921468
65.4727475,0.9989043455,1.012394868,1.056007576,0.9984979087,1.021962292
65.67296997,1.000279715,1.014179246,1.05465951,0.9985043097,1.022000118
65.87319244,1.001629982,1.015935976,1.053334717,0.9985105819,1.022035003
66.07341491,1.002954637,1.017664282,1.052033206,0.9985167511,1.022067008
66.27363737,1.004253203,1.019363421,1.050754976,0.9985228417,1.022096195
66.47385984,1.005525226,1.021032682,1.049500022,0.9985288766,1.022122624
66.67408231,1.006770281,1.022671388,1.048268328,0.9985348774,1.022146356
66.87430478,1.00798797,1.024278892,1.047059872,0.9985408644,1.022167454
67.07452725,1.009177922,1.02585458,1.045874625,0.9985468568,1.022185979
67.27474972,1.010339791,1.02739787,1.044712551,0.9985528721,1.022201995
67.47497219,1.011473258,1.028908212,1.043573607,0.9985589269,1.022215563
67.67519466,1.012578031,1.03038509,1.042457741,0.9985650366,1.022226745
67.87541713,1.013653842,1.031828015,1.041364896,0.9985712155,1.022235605
68.0756396,1.01470045,1.033236534,1.04029501,0.9985774764,1.022242204
68.27586207,1.015717639,1.034610223,1.039248013,0.9985838316,1.022246605
68.47608454,1.016705216,1.035948688,1.038223826,0.9985902919,1.022248869
68.67630701,1.017663014,1.037251569,1.037222369,0.9985968673,1.022249059
68.87652948,1.018590892,1.038518533,1.036243551,0.9986035667,1.022247235
69.07675195,1.019488729,1.03974928,1.035287279,0.9986103982,1.022243459
69.27697442,1.02035643,1.040943539,1.034353452,0.9986173689,1.022237791
69.47719689,1.021193924,1.042101067,1.033441964,0.9986244851,1.022230291
69.67741935,1.02200116,1.043221653,1.032552702,0.9986317522,1.022221018
69.87764182,1.022778113,1.044305112,1.03168555,0.9986391747,1.022210033
70.07786429,1.023524776,1.045351291,1.030840385,0.9986467566,1.022197393
70.27808676,1.024241167,1.046360062,1.03001708,0.998654501,1.022183156
70.47830923,1.024927323,1.047331327,1.029215501,0.9986624103,1.02216738
70.6785317,1.025583304,1.048265015,1.028435512,0.9986704861,1.022150119
70.87875417,1.026209189,1.049161082,1.02767697,0.9986787296,1.022131432
71.07897664,1.026805077,1.050019509,1.026939728,0.9986871414,1.022111371
71.27919911,1.027371087,1.050840305,1.026223634,0.9986957212,1.022089992
71.47942158,1.027907357,1.051623505,1.025528532,0.9987044685,1.022067348
71.67964405,1.028414043,1.052369168,1.024854263,0.9987133821,1.022043491
71.87986652,1.028891321,1.053077379,1.024200662,0.9987224604,1.022018474
72.08008899,1.029339383,1.053748246,1.023567561,0.9987317013,1.021992345
72.28031146,1.029758438,1.054381903,1.022954786,0.9987411023,1.021965157
72.48053393,1.030148715,1.054978505,1.022362164,0.9987506604,1.021936956
72.6807564,1.030510455,1.055538232,1.021789512,0.9987603723,1.021907792
72.88097887,1.030843919,1.056061284,1.02123665,0.9987702344,1.021877712
73.08120133,1.03114938,1.056547885,1.020703389,0.9987802427,1.021846761
73.2814238,1.031427129,1.05699828,1.02018954,0.9987903929,1.021814985
73.48164627,1.031677468,1.057412735,1.019694911,0.9988006805,1.021782427
73.68186874,1.031900717,1.057791534,1.019219304,0.9988111006,1.021749132
73.88209121,1.032097207,1.058134985,1.018762521,0.9988216482,1.02171514
74.08231368,1.032267283,1.058443411,1.018324359,0.998832318,1.021680493
74.28253615,1.032411301,1.058717156,1.017904616,0.9988431047,1.021645232
74.48275862,1.032529631,1.058956582,1.017503082,0.9988540025,1.021609395
74.68298109,1.032622653,1.059162069,1.017119549,0.9988650058,1.02157302
74.88320356,1.032690761,1.059334013,1.016753804,0.9988761087,1.021536144
75.08342603,1.032734356,1.059472826,1.016405634,0.9988873051,1.021498804
75.2836485,1.032753851,1.059578938,1.016074822,0.9988985889,1.021461035
75.48387097,1.032749669,1.059652793,1.015761149,0.9989099541,1.02142287
75.68409344,1.032722242,1.05969485,1.015464394,0.9989213944,1.021384342
75.88431591,1.03267201,1.059705582,1.015184337,0.9989329035,1.021345484
76.08453838,1.032599421,1.059685476,1.014920753,0.9989444751,1.021306326
76.28476085,1.032504932,1.059635033,1.014673415,0.9989561029,1.021266899
76.48498331,1.032389008,1.059554765,1.014442098,0.9989677806,1.021227231
76.68520578,1.032252118,1.059445197,1.014226573,0.9989795018,1.02118735
76.88542825,1.03209474,1.059306865,1.014026609,0.9989912604,1.021147285
77.08565072,1.031917357,1.059140317,1.013841976,0.99900305,1.02110706
77.28587319,1.031720457,1.05894611,1.013672442,0.9990148644,1.0210667
77.48609566,1.031504534,1.058724811,1.013517774,0.9990266976,1.021026231
77.68631813,1.031270087,1.058476996,1.013377736,0.9990385433,1.020985675
77.8865406,1.031017617,1.058203251,1.013252095,0.9990503957,1.020945055
78.08676307,1.030747631,1.05790417,1.013140615,0.9990622487,1.020904392
78.28698554,1.030460639,1.057580352,1.013043059,0.9990740966,1.020863707
78.48720801,1.030157152,1.057232406,1.012959191,0.9990859336,1.020823019
78.68743048,1.029837685,1.056860947,1.012888772,0.9990977541,1.020782348
78.88765295,1.029502755,1.056466595,1.012831566,0.9991095526,1.02074171
79.08787542,1.029152881,1.056049976,1.012787334,0.9991213236,1.020701124
79.28809789,1.028788582,1.055611721,1.012755837,0.999133062,1.020660606
79.48832036,1.02841038,1.055152465,1.012736838,0.9991447626,1.020620171
79.68854283,1.028018794,1.054672847,1.012730098,0.9991564203,1.020579833
79.88876529,1.027614347,1.054173511,1.012735379,0.9991680302,1.020539608
80.08898776,1.027197559,1.053655101,1.012752441,0.9991795878,1.020499507
80.28921023,1.026768951,1.053118266,1.012781047,0.9991910883,1.020459544
80.4894327,1.026329041,1.052563656,1.012820959,0.9992025273,1.02041973
80.68965517,1.025878348,1.051991923,1.012871939,0.9992139005,1.020380075
80.88987764,1.025417388,1.051403718,1.012933751,0.9992252039,1.020340592
81.09010011,1.024946674,1.050799695,1.013006156,0.9992364333,1.020301288
81.29032258,1.02446672,1.050180506,1.01308892,0.999247585,1.020262173
81.49054505,1.023978033,1.049546805,1.013181806,0.9992586553,1.020223255
81.69076752,1.02348112,1.048899243,1.01328458,0.9992696406,1.020184543
81.89098999,1.022976485,1.048238471,1.013397008,0.9992805377,1.020146042
82.09121246,1.022464625,1.047565138,1.013518855,0.9992913433,1.020107759
82.29143493,1.021946036,1.04687989,1.013649891,0.9993020543,1.020069701
82.4916574,1.02142121,1.046183372,1.013789882,0.9993126678,1.020031873
82.69187987,1.020890633,1.045476226,1.0139386,0.9993231811,1.019994279
82.89210234,1.020354787,1.044759089,1.014095813,0.9993335917,1.019956924
83.09232481,1.01981415,1.044032596,1.014261295,0.999343897,1.019919812
83.29254727,1.019269192,1.043297377,1.014434817,0.9993540949,1.019882945
83.49276974,1.01872038,1.042554058,1.014616155,0.9993641831,1.019846327
83.69299221,1.018168175,1.04180326,1.014805082,0.9993741597,1.019809959
83.89321468,1.017613031,1.0410456,1.015001377,0.9993840228,1.019773845
84.09343715,1.017055397,1.040281688,1.015204816,0.9993937707,1.019737985
84.29365962,1.016495716,1.039512129,1.01541518,0.999403402,1.01970238
84.49388209,1.015934422,1.038737521,1.01563225,0.9994129152,1.019667031
84.69410456,1.015371945,1.037958457,1.015855808,0.9994223089,1.019631938
84.89432703,1.014808706,1.037175523,1.016085638,0.9994315821,1.019597102
85.0945495,1.014245121,1.036389296,1.016321526,0.9994407338,1.019562521
85.29477197,1.013681597,1.035600348,1.01656326,0.999449763,1.019528195
85.49499444,1.013118534,1.034809243,1.016810628,0.9994586691,1.019494123
85.69521691,1.012556325,1.034016537,1.017063422,0.9994674513,1.019460304
85.89543938,1.011995355,1.033222777,1.017321434,0.9994761093,1.019426735
86.09566185,1.011436001,1.032428504,1.017584459,0.9994846424,1.019393416
86.29588432,1.010878631,1.031634247,1.017852293,0.9994930506,1.019360343
86.49610679,1.010323607,1.030840529,1.018124735,0.9995013336,1.019327514
86.69632925,1.009771282,1.030047863,1.018401585,0.9995094913,1.019294927
86.89655172,1.009222001,1.029256754,1.018682644,0.9995175237,1.019262579
87.09677419,1.008676098,1.028467695,1.018967718,0.9995254311,1.019230466
87.29699666,1.008133901,1.027681172,1.019256612,0.9995332136,1.019198585
87.49721913,1.007595731,1.02689766,1.019549135,0.9995408716,1.019166933
87.6974416,1.007061896,1.026117625,1.019845097,0.9995484055,1.019135506
87.89766407,1.006532699,1.025341521,1.020144311,0.9995558157,1.019104301
88.09788654,1.006008432,1.024569795,1.020446592,0.9995631028,1.019073312
88.29810901,1.00548938,1.02380288,1.020751756,0.9995702675,1.019042537
88.49833148,1.004975818,1.023041201,1.021059622,0.9995773106,1.01901197
88.69855395,1.004468012,1.022285173,1.021370013,0.9995842328,1.018981609
88.89877642,1.003966219,1.021535197,1.02168275,0.999591035,1.018951447
89.09899889,1.003470688,1.020791666,1.021997661,0.9995977181,1.018921481
89.29922136,1.002981658,1.020054962,1.022314572,0.9996042832,1.018891706
89.49944383,1.00249936,1.019325454,1.022633316,0.9996107313,1.018862117
89.6996663,1.002024016,1.018603503,1.022953723,0.9996170635,1.018832709
89.89988877,1.001555837,1.017889457,1.02327563,0.999623281,1.018803478
90.10011123,1.001095028,1.017183652,1.023598874,0.999629385,1.018774419
90.3003337,1.000641784,1.016486415,1.023923294,0.9996353767,1.018745527
90.50055617,1.000196289,1.01579806,1.024248733,0.9996412575,1.018716796
90.70077864,0.9997587219,1.015118891,1.024575034,0.9996470287,1.018688223
90.90100111,0.9993292495,1.0144492,1.024902046,0.9996526917,1.018659802
91.10122358,0.9989080315,1.013789268,1.025229618,0.9996582479,1.018631527
91.30144605,0.9984952182,1.013139363,1.0255576,0.9996636987,1.018603394
91.50166852,0.9980909516,1.012499745,1.025885848,0.9996690457,1.018575399
91.70189099,0.9976953646,1.011870661,1.026214218,0.9996742903,1.018547535
91.90211346,0.9973085819,1.011252345,1.026542569,0.999679434,1.018519799
92.10233593,0.9969307194,1.010645023,1.026870762,0.9996844784,1.018492184
92.3025584,0.9965618848,1.010048907,1.027198663,0.999689425,1.018464687
92.50278087,0.9962021771,1.0094642,1.027526136,0.9996942755,1.018437302
92.70300334,0.9958516872,1.008891092,1.027853051,0.9996990315,1.018410024
92.90322581,0.9955104979,1.008329763,1.028179279,0.9997036944,1.018382849
93.10344828,0.9951786837,1.007780383,1.028504694,0.999708266,1.018355772
93.30367075,0.994856311,1.007243108,1.028829173,0.9997127478,1.018328788
93.50389321,0.9945434386,1.006718086,1.029152593,0.9997171416,1.018301892
93.70411568,0.9942401172,1.006205452,1.029474837,0.9997214488,1.018275081
93.90433815,0.9939463898,1.005705333,1.029795788,0.9997256712,1.018248349
94.10456062,0.9936622919,1.005217843,1.030115331,0.9997298104,1.018221692
94.30478309,0.9933878514,1.004743087,1.030433357,0.9997338679,1.018195106
94.50500556,0.9931230889,1.004281158,1.030749755,0.9997378455,1.018168586
94.70522803,0.9928680177,1.00383214,1.031064419,0.9997417447,1.018142129
94.9054505,0.9926226439,1.003396106,1.031377244,0.9997455672,1.018115729
95.10567297,0.9923869666,1.002973119,1.031688131,0.9997493145,1.018089383
95.30589544,0.9921609782,1.002563234,1.031996978,0.9997529882,1.018063087
95.50611791,0.9919446641,1.002166492,1.032303689,0.99975659,1.018036838
95.70634038,0.9917380031,1.001782929,1.03260817,0.9997601214,1.01801063
95.90656285,0.9915409676,1.001412569,1.032910328,0.9997635839,1.017984461
96.10678532,0.9913535237,1.001055425,1.033210075,0.999766979,1.017958328
96.30700779,0.9911756311,1.000711505,1.033507322,0.9997703084,1.017932225
96.50723026,0.9910072436,1.000380804,1.033801985,0.9997735735,1.017906151
96.70745273,0.990848309,1.00006331,1.034093981,0.9997767758,1.017880101
96.90767519,0.9906987692,0.9997590009,1.03438323,0.9997799167,1.017854073
97.10789766,0.9905585607,0.9994678478,1.034669654,0.9997829978,1.017828062
97.30812013,0.9904276143,0.9991898119,1.034953178,0.9997860204,1.017802068
97.5083426,0.9903058556,0.9989248463,1.035233728,0.999788986,1.017776085
97.70856507,0.9901932049,0.9986728963,1.035511233,0.9997918959,1.017750112
97.90878754,0.9900895775,0.998433899,1.035785624,0.9997947515,1.017724146
98.10901001,0.9899948837,0.9982077837,1.036056836,0.9997975542,1.017698184
98.30923248,0.9899090294,0.997994472,1.036324803,0.9998003052,1.017672223
98.50945495,0.9898319154,0.9977938785,1.036589464,0.9998030059,1.017646261
98.70967742,0.9897634386,0.9976059099,1.036850758,0.9998056575,1.017620296
98.90989989,0.9897034912,0.9974304664,1.037108629,0.9998082614,1.017594325
99.11012236,0.9896519615,0.9972674409,1.037363021,0.9998108186,1.017568347
99.31034483,0.9896087338,0.9971167199,1.03761388,0.9998133304,1.017542359
99.5105673,0.9895736885,0.9969781832,1.037861156,0.9998157981,1.017516359
99.71078977,0.9895467025,0.9968517044,1.038104799,0.9998182226,1.017490346
99.91101224,0.9895276489,0.9967371508,1.038344762,0.9998206053,1.017464317
100.1112347,0.9895163977,0.9966343841,1.038581,0.999822947,1.017438271
100.3114572,0.9895128158,0.9965432598,1.038813471,0.999825249,1.017412206
100.5116796,0.9895167666,0.9964636282,1.039042133,0.9998275123,1.017386121
100.7119021,0.9895281111,0.9963953342,1.039266949,0.9998297379,1.017360014
100.9121246,0.9895467073,0.9963382175,1.03948788,0.9998319268,1.017333885
101.1123471,0.9895724105,0.9962921127,1.039704893,0.9998340799,1.017307731
101.3125695,0.9896050739,0.9962568498,1.039917954,0.9998361983,1.017281552
101.512792,0.9896445481,0.9962322542,1.040127033,0.9998382827,1.017255347
101.7130145,0.9896906817,0.996218147,1.040332099,0.9998403343,1.017229114
101.9132369,0.9897433213,0.996214345,1.040533127,0.9998423537,1.017202853
102.1134594,0.9898023116,0.996220661,1.040730091,0.9998443419,1.017176562
102.3136819,0.9898674955,0.9962369041,1.040922967,0.9998462996,1.017150242
102.5139043,0.9899387144,0.9962628797,1.041111733,0.9998482278,1.017123891
102.7141268,0.9900158085,0.99629839,1.04129637,0.999850127,1.017097509
102.9143493,0.9900986164,0.9963432338,1.04147686,0.9998519983,1.017071096
103.1145717,0.9901869757,0.9963972069,1.041653186,0.9998538421,1.01704465
103.3147942,0.990280723,0.9964601023,1.041825333,0.9998556593,1.017018172
103.5150167,0.9903796938,0.9965317105,1.041993289,0.9998574505,1.016991661
103.7152392,0.9904837232,0.9966118192,1.042157042,0.9998592164,1.016965117
103.9154616,0.9905926455,0.9967002142,1.042316583,0.9998609577,1.01693854
104.1156841,0.9907062945,0.9967966791,1.042471903,0.9998626749,1.01691193
104.3159066,0.9908245037,0.9969009955,1.042622996,0.9998643687,1.016885286
104.516129,0.9909471064,0.9970129433,1.042769857,0.9998660397,1.016858608
104.7163515,0.9910739356,0.9971323009,1.042912483,0.9998676883,1.016831898
104.916574,0.9912048246,0.9972588456,1.043050872,0.9998693152,1.016805154
105.1167964,0.9913396066,0.9973923529,1.043185023,0.9998709209,1.016778377
105.3170189,0.9914781152,0.997532598,1.043314938,0.9998725058,1.016751567
105.5172414,0.9916201841,0.9976793547,1.043440619,0.9998740705,1.016724725
105.7174638,0.9917656479,0.9978323964,1.043562071,0.9998756154,1.016697851
105.9176863,0.9919143414,0.997991496,1.043679298,0.999877141,1.016670945
106.1179088,0.9920661003,0.9981564259,1.043792307,0.9998786477,1.016644007
106.3181313,0.992220761,0.9983269584,1.043901107,0.9998801359,1.016617039
106.5183537,0.9923781608,0.998502866,1.044005707,0.9998816061,1.01659004
106.7185762,0.9925381381,0.9986839209,1.044106118,0.9998830586,1.016563011
106.9187987,0.9927005322,0.998869896,1.044202351,0.9998844937,1.016535952
107.1190211,0.9928651837,0.9990605643,1.04429442,0.9998859119,1.016508865
107.3192436,0.9930319345,0.9992556998,1.044382338,0.9998873134,1.01648175
107.5194661,0.9932006279,0.9994550767,1.044466123,0.9998886987,1.016454608
107.7196885,0.9933711086,0.9996584706,1.04454579,0.999890068,1.016427439
107.919911,0.9935432227,0.9998656577,1.044621358,0.9998914216,1.016400244
108.1201335,0.9937168182,1.000076416,1.044692845,0.9998927598,1.016373024
108.320356,0.9938917446,1.000290523,1.044760271,0.9998940829,1.016345779
108.5205784,0.9940678533,1.000507761,1.044823658,0.9998953912,1.016318511
108.7208009,0.9942449973,1.00072791,1.044883029,0.9998966849,1.016291221
108.9210234,0.9944230319,1.000950755,1.044938405,0.9998979642,1.016263908
109.1212458,0.9946018142,1.00117608,1.044989811,0.9998992294,1.016236575
109.3214683,0.9947812032,1.001403672,1.045037273,0.9999004808,1.016209221
109.5216908,0.9949610602,1.001633321,1.045080817,0.9999017184,1.016181849
109.7219132,0.9951412488,1.001864818,1.045120469,0.9999029426,1.016154458
109.9221357,0.9953216345,1.002097957,1.045156258,0.9999041535,1.01612705
110.1223582,0.9955020854,1.002332533,1.045188212,0.9999053513,1.016099626
110.3225806,0.9956824717,1.002568345,1.045216361,0.9999065362,1.016072187
110.5228031,0.9958626663,1.002805193,1.045240735,0.9999077083,1.016044734
110.7230256,0.9960425442,1.003042882,1.045261366,0.9999088679,1.016017267
110.9232481,0.996221983,1.003281217,1.045278285,0.9999100151,1.015989788
111.1234705,0.9964008631,1.003520008,1.045291526,0.99991115,1.015962298
111.323693,0.996579067,1.003759066,1.045301121,0.9999122727,1.015934798
111.5239155,0.9967564801,1.003998206,1.045307105,0.9999133835,1.015907289
111.7241379,0.9969329905,1.004237247,1.045309513,0.9999144825,1.015879771
111.9243604,0.9971084888,1.004476009,1.04530838,0.9999155697,1.015852247
112.1245829,0.9972828683,1.004714317,1.045303742,0.9999166453,1.015824716
112.3248053,0.997456025,1.004951999,1.045295636,0.9999177094,1.015797181
112.5250278,0.997627858,1.005188884,1.045284099,0.9999187622,1.015769641
112.7252503,0.9977982687,1.005424809,1.04526917,0.9999198037,1.015742099
112.9254727,0.9979671615,1.00565961,1.045250885,0.999920834,1.015714555
113.1256952,0.9981344437,1.005893128,1.045229285,0.9999218533,1.01568701
113.3259177,0.9983000253,1.006125209,1.045204409,0.9999228615,1.015659465
113.5261402,0.9984638192,1.006355702,1.045176297,0.999923859,1.015631922
113.7263626,0.9986257411,1.006584457,1.045144988,0.9999248456,1.01560438
113.9265851,0.9987857097,1.006811331,1.045110525,0.9999258216,1.015576842
114.1268076,0.9989436463,1.007036183,1.045072947,0.9999267869,1.015549309
114.32703,0.9990994753,1.007258877,1.045032296,0.9999277417,1.01552178
114.5272525,0.9992531239,1.00747928,1.044988615,0.9999286861,1.015494258
114.727475,0.9994045222,1.007697263,1.044941946,0.9999296201,1.015466743
114.9276974,0.999553603,1.007912699,1.04489233,0.9999305438,1.015439237
115.1279199,0.9997003023,1.008125469,1.044839812,0.9999314573,1.015411739
115.3281424,0.9998445586,1.008335454,1.044784434,0.9999323606,1.015384252
115.5283648,0.9999863135,1.008542541,1.04472624,0.9999332539,1.015356776
115.7285873,1.000125511,1.008746619,1.044665274,0.9999341372,1.015329312
115.9288098,1.000262099,1.008947584,1.044601578,0.9999350105,1.015301861
116.1290323,1.000396027,1.009145333,1.044535199,0.9999358739,1.015274424
116.3292547,1.000527248,1.009339769,1.044466179,0.9999367276,1.015247001
116.5294772,1.000655717,1.009530797,1.044394564,0.9999375715,1.015219595
116.7296997,1.000781394,1.009718328,1.044320398,0.9999384058,1.015192205
116.9299221,1.000904238,1.009902275,1.044243726,0.9999392304,1.015164832
117.1301446,1.001024213,1.010082556,1.044164593,0.9999400455,1.015137477
117.3303671,1.001141287,1.010259094,1.044083044,0.9999408511,1.015110142
117.5305895,1.001255429,1.010431812,1.043999124,0.9999416473,1.015082826
117.730812,1.001366609,1.010600642,1.043912879,0.9999424341,1.015055531
117.9310345,1.001474803,1.010765517,1.043824353,0.9999432117,1.015028258
118.131257,1.001579988,1.010926373,1.043733592,0.99994398,1.015001007
118.3314794,1.001682143,1.011083152,1.043640642,0.9999447392,1.014973779
118.5317019,1.00178125,1.011235799,1.043545547,0.9999454893,1.014946575
118.7319244,1.001877295,1.011384263,1.043448353,0.9999462303,1.014919395
118.9321468,1.001970263,1.011528495,1.043349106,0.9999469624,1.01489224
119.1323693,1.002060145,1.011668453,1.04324785,0.9999476855,1.014865111
119.3325918,1.002146932,1.011804096,1.043144631,0.9999483998,1.014838009
119.5328142,1.002230619,1.011935388,1.043039494,0.9999491053,1.014810934
119.7330367,1.002311203,1.012062296,1.042932484,0.9999498021,1.014783887
119.9332592,1.002388681,1.01218479,1.042823647,0.9999504903,1.014756869
120.1334816,1.002463055,1.012302846,1.042713026,0.9999511698,1.014729879
120.3337041,1.002534329,1.012416441,1.042600668,0.9999518409,1.01470292
120.5339266,1.002602507,1.012525555,1.042486615,0.9999525035,1.01467599
120.7341491,1.002667598,1.012630175,1.042370914,0.9999531576,1.014649092
120.9343715,1.00272961,1.012730288,1.042253608,0.9999538035,1.014622225
121.134594,1.002788555,1.012825885,1.042134742,0.9999544411,1.01459539
121.3348165,1.002844448,1.012916962,1.042014359,0.9999550705,1.014568587
121.5350389,1.002897303,1.013003516,1.041892503,0.9999556918,1.014541818
121.7352614,1.002947138,1.013085548,1.041769218,0.9999563051,1.014515082
121.9354839,1.002993971,1.013163062,1.041644547,0.9999569103,1.01448838
122.1357063,1.003037825,1.013236067,1.041518534,0.9999575077,1.014461712
122.3359288,1.003078721,1.013304571,1.041391221,0.9999580972,1.01443508
122.5361513,1.003116684,1.01336859,1.04126265,0.9999586789,1.014408482
122.7363737,1.003151741,1.013428137,1.041132866,0.9999592529,1.014381921
122.9365962,1.003183918,1.013483234,1.041001908,0.9999598193,1.014355395
123.1368187,1.003213245,1.0135339,1.04086982,0.9999603782,1.014328906
123.3370412,1.003239753,1.013580162,1.040736643,0.9999609295,1.014302454
123.5372636,1.003263475,1.013622045,1.040602419,0.9999614734,1.01427604
123.7374861,1.003284442,1.01365958,1.040467187,0.99996201,1.014249663
123.9377086,1.003302691,1.0136928,1.040330989,0.9999625393,1.014223323
124.137931,1.003318258,1.013721738,1.040193866,0.9999630614,1.014197022
124.3381535,1.00333118,1.013746431,1.040055856,0.9999635763,1.01417076
124.538376,1.003341496,1.01376692,1.039917001,0.9999640843,1.014144537
124.7385984,1.003349246,1.013783246,1.039777338,0.9999645852,1.014118352
124.9388209,1.00335447,1.013795453,1.039636908,0.9999650792,1.014092208
125.1390434,1.003357211,1.013803587,1.039495749,0.9999655664,1.014066102
125.3392659,1.003357511,1.013807696,1.039353899,0.9999660469,1.014040037
125.5394883,1.003355415,1.01380783,1.039211395,0.9999665206,1.014014012
125.7397108,1.003350968,1.013804041,1.039068276,0.9999669878,1.013988027
125.9399333,1.003344215,1.013796383,1.038924579,0.9999674484,1.013962083
126.1401557,1.003335203,1.013784912,1.03878034,0.9999679025,1.01393618
126.3403782,1.003323979,1.013769685,1.038635595,0.9999683503,1.013910317
126.5406007,1.003310591,1.013750761,1.038490381,0.9999687917,1.013884496
126.7408231,1.003295089,1.013728202,1.038344734,0.9999692269,1.013858716
126.9410456,1.00327752,1.013702068,1.038198687,0.999969656,1.013832977
127.1412681,1.003257936,1.013672424,1.038052276,0.999970079,1.01380728
127.3414905,1.003236386,1.013639335,1.037905535,0.9999704959,1.013781625
127.541713,1.003212922,1.013602867,1.037758498,0.9999709069,1.013756012
127.7419355,1.003187595,1.013563088,1.037611198,0.9999713121,1.013730441
127.942158,1.003160456,1.013520066,1.037463669,0.9999717114,1.013704912
128.1423804,1.003131558,1.013473872,1.037315943,0.999972105,1.013679425
128.3426029,1.003100954,1.013424576,1.037168051,0.999972493,1.01365398
128.5428254,1.003068696,1.01337225,1.037020027,0.9999728754,1.013628578
128.7430478,1.003034836,1.013316968,1.0368719,0.9999732523,1.013603218
128.9432703,1.002999428,1.013258802,1.036723701,0.9999736238,1.0135779
129.1434928,1.002962526,1.013197828,1.036575462,0.99997399,1.013552626
129.3437152,1.002924182,1.013134121,1.036427211,0.9999743508,1.013527394
129.5439377,1.00288445,1.013067755,1.036278978,0.9999747064,1.013502204
129.7441602,1.002843384,1.012998809,1.036130792,0.9999750569,1.013477057
129.9443826,1.002801037,1.012927359,1.035982682,0.9999754023,1.013451953
130.1446051,1.002757461,1.012853482,1.035834675,0.9999757427,1.013426892
130.3448276,1.002712711,1.012777256,1.035686799,0.9999760782,1.013401874
130.5450501,1.00266684,1.01269876,1.035539081,0.9999764088,1.013376898
130.7452725,1.0026199,1.012618072,1.035391548,0.9999767346,1.013351966
130.945495,1.002571945,1.01253527,1.035244226,0.9999770557,1.013327076
131.1457175,1.002523026,1.012450435,1.03509714,0.9999773722,1.013302229
131.3459399,1.002473196,1.012363644,1.034950316,0.999977684,1.013277424
131.5461624,1.002422508,1.012274977,1.034803778,0.9999779913,1.013252663
131.7463849,1.002371012,1.012184514,1.034657551,0.9999782942,1.013227944
131.9466073,1.002318761,1.012092332,1.034511658,0.9999785926,1.013203268
132.1468298,1.002265804,1.011998512,1.034366122,0.9999788867,1.013178635
132.3470523,1.002212193,1.011903131,1.034220967,0.9999791766,1.013154045
132.5472747,1.002157977,1.01180627,1.034076215,0.9999794622,1.013129497
132.7474972,1.002103206,1.011708005,1.033931888,0.9999797437,1.013104992
132.9477197,1.00204793,1.011608414,1.033788007,0.9999800212,1.013080529
133.1479422,1.001992196,1.011507577,1.033644593,0.9999802946,1.013056109
133.3481646,1.001936052,1.01140557,1.033501667,0.999980564,1.013031732
133.5483871,1.001879546,1.011302469,1.033359248,0.9999808296,1.013007397
133.7486096,1.001822725,1.011198351,1.033217356,0.9999810913,1.012983105
133.948832,1.001765635,1.011093293,1.03307601,0.9999813492,1.012958854
134.1490545,1.001708322,1.010987368,1.03293523,0.9999816034,1.012934646
134.349277,1.00165083,1.010880653,1.032795032,0.999981854,1.012910481
134.5494994,1.001593203,1.01077322,1.032655435,0.9999821009,1.012886357
134.7497219,1.001535485,1.010665143,1.032516455,0.9999823443,1.012862276
134.9499444,1.001477719,1.010556494,1.032378111,0.9999825842,1.012838237
135.1501669,1.001419947,1.010447346,1.032240417,0.9999828206,1.012814239
135.3503893,1.001362209,1.010337769,1.03210339,0.9999830537,1.012790284
135.5506118,1.001304547,1.010227832,1.031967046,0.9999832834,1.01276637
135.7508343,1.001247,1.010117606,1.031831398,0.9999835098,1.012742498
135.9510567,1.001189607,1.010007159,1.031696463,0.999983733,1.012718668
136.1512792,1.001132407,1.009896557,1.031562253,0.999983953,1.012694879
136.3515017,1.001075435,1.009785867,1.031428783,0.9999841699,1.012671132
136.5517241,1.00101873,1.009675155,1.031296065,0.9999843837,1.012647427
136.7519466,1.000962326,1.009564484,1.031164113,0.9999845944,1.012623763
136.9521691,1.000906257,1.009453918,1.031032939,0.9999848022,1.01260014
137.1523915,1.000850559,1.009343519,1.030902554,0.999985007,1.012576558
137.352614,1.000795264,1.009233348,1.030772971,0.999985209,1.012553018
137.5528365,1.000740403,1.009123464,1.0306442,0.999985408,1.012529518
137.753059,1.000686009,1.009013927,1.030516252,0.9999856043,1.01250606
137.9532814,1.000632111,1.008904794,1.030389136,0.9999857978,1.012482642
138.1535039,1.000578739,1.008796121,1.030262864,0.9999859886,1.012459265
138.3537264,1.000525922,1.008687963,1.030137444,0.9999861768,1.012435929
138.5539488,1.000473686,1.008580375,1.030012886,0.9999863622,1.012412634
138.7541713,1.000422058,1.008473408,1.029889198,0.9999865452,1.012389379
138.9543938,1.000371065,1.008367114,1.029766387,0.9999867255,1.012366165
139.1546162,1.000320732,1.008261543,1.029644463,0.9999869033,1.012342991
139.3548387,1.000271081,1.008156744,1.029523432,0.9999870787,1.012319857
139.5550612,1.000222136,1.008052764,1.029403302,0.9999872517,1.012296764
139.7552836,1.000173919,1.007949649,1.029284079,0.9999874222,1.012273711
139.9555061,1.000126452,1.007847445,1.029165769,0.9999875904,1.012250698
140.1557286,1.000079754,1.007746194,1.029048379,0.9999877563,1.012227725
140.3559511,1.000033844,1.007645938,1.028931913,0.9999879198,1.012204792
140.5561735,0.9999887423,1.007546719,1.028816378,0.9999880812,1.012181899
140.756396,0.9999444649,1.007448576,1.028701777,0.9999882403,1.012159045
140.9566185,0.9999010289,1.007351546,1.028588116,0.9999883973,1.012136231
141.1568409,0.9998584498,1.007255667,1.028475398,0.999988552,1.012113457
141.3570634,0.9998167426,1.007160973,1.028363628,0.9999887047,1.012090722
141.5572859,0.999775921,1.007067498,1.028252808,0.9999888553,1.012068027
141.7575083,0.9997359982,1.006975276,1.028142942,0.9999890039,1.012045371
141.9577308,0.9996969863,1.006884337,1.028034033,0.9999891504,1.012022755
142.1579533,0.9996588966,1.006794711,1.027926083,0.999989295,1.012000178
142.3581758,0.9996217395,1.006706426,1.027819093,0.9999894376,1.01197764
142.5583982,0.9995855246,1.00661951,1.027713067,0.9999895782,1.011955141
142.7586207,0.9995502606,1.006533988,1.027608005,0.999989717,1.011932681
142.9588432,0.9995159554,1.006449884,1.027503908,0.9999898539,1.01191026
143.1590656,0.9994826161,1.006367222,1.027400778,0.999989989,1.011887878
143.3592881,0.9994502489,1.006286023,1.027298615,0.9999901222,1.011865534
143.5595106,0.9994188592,1.006206307,1.027197419,0.9999902537,1.01184323
143.759733,0.9993884518,1.006128094,1.02709719,0.9999903833,1.011820964
143.9599555,0.9993590305,1.006051401,1.026997929,0.9999905113,1.011798737
144.160178,0.9993305984,1.005976245,1.026899633,0.9999906376,1.011776548
144.3604004,0.9993031578,1.00590264,1.026802303,0.9999907621,1.011754398
144.5606229,0.9992767102,1.0058306,1.026705937,0.999990885,1.011732286
144.7608454,0.9992512567,1.005760138,1.026610535,0.9999910063,1.011710213
144.9610679,0.9992267972,1.005691265,1.026516093,0.999991126,1.011688178
145.1612903,0.9992033312,1.005623991,1.026422611,0.999991244,1.011666181
145.3615128,0.9991808575,1.005558325,1.026330086,0.9999913605,1.011644222
145.5617353,0.999159374,1.005494274,1.026238516,0.9999914755,1.011622301
145.7619577,0.9991388782,1.005431845,1.026147898,0.9999915889,1.011600419
145.9621802,0.9991193666,1.005371042,1.026058229,0.9999917009,1.011578574
146.1624027,0.9991008355,1.00531187,1.025969507,0.9999918113,1.011556768
146.3626251,0.9990832803,1.005254332,1.025881727,0.9999919204,1.011534999
146.5628476,0.9990666957,1.005198429,1.025794886,0.9999920279,1.011513268
146.7630701,0.999051076,1.005144161,1.025708981,0.9999921341,1.011491575
146.9632925,0.9990364149,1.005091528,1.025624007,0.9999922388,1.011469919
147.163515,0.9990227055,1.005040529,1.025539961,0.9999923422,1.011448302
147.3637375,0.9990099402,1.004991161,1.025456837,0.9999924442,1.011426722
147.56396,0.9989981111,1.004943419,1.025374632,0.9999925449,1.011405179
147.7641824,0.9989872097,1.0048973,1.02529334,0.9999926443,1.011383674
147.9644049,0.9989772268,1.004852797,1.025212956,0.9999927423,1.011362206
148.1646274,0.9989681531,1.004809903,1.025133476,0.9999928391,1.011340776
148.3648498,0.9989599784,1.004768612,1.025054894,0.9999929346,1.011319384
148.5650723,0.9989526924,1.004728913,1.024977204,0.9999930288,1.011298028
148.7652948,0.9989462841,1.004690798,1.024900401,0.9999931218,1.01127671
148.9655172,0.9989407422,1.004654255,1.024824478,0.9999932136,1.011255429
149.1657397,0.9989360549,1.004619274,1.024749431,0.9999933042,1.011234185
149.3659622,0.9989322102,1.004585843,1.024675252,0.9999933936,1.011212978
149.5661846,0.9989291954,1.004553947,1.024601936,0.9999934819,1.011191809
149.7664071,0.9989269978,1.004523574,1.024529475,0.999993569,1.011170676
149.9666296,0.9989256041,1.004494708,1.024457864,0.9999936549,1.011149581
150.1668521,0.9989250006,1.004467335,1.024387095,0.9999937397,1.011128522
150.3670745,0.9989251736,1.004441437,1.024317162,0.9999938234,1.011107501
150.567297,0.9989261089,1.004416998,1.024248058,0.9999939061,1.011086516
150.7675195,0.998927792,1.004394001,1.024179775,0.9999939876,1.011065568
150.9677419,0.9989302081,1.004372427,1.024112307,0.9999940681,1.011044657
151.1679644,0.9989333422,1.004352256,1.024045645,0.9999941475,1.011023782
151.3681869,0.9989371792,1.004333471,1.023979783,0.9999942259,1.011002945
151.5684093,0.9989417036,1.004316049,1.023914713,0.9999943032,1.010982144
151.7686318,0.9989468996,1.004299972,1.023850427,0.9999943796,1.010961379
151.9688543,0.9989527515,1.004285217,1.023786917,0.9999944549,1.010940651
152.1690768,0.9989592431,1.004271762,1.023724176,0.9999945293,1.01091996
152.3692992,0.9989663584,1.004259585,1.023662196,0.9999946027,1.010899305
152.5695217,0.9989740808,1.004248664,1.023600968,0.9999946751,1.010878687
152.7697442,0.998982394,1.004238976,1.023540485,0.9999947465,1.010858105
152.9699666,0.9989912813,1.004230495,1.023480738,0.9999948171,1.01083756
153.1701891,0.999000726,1.004223199,1.023421718,0.9999948867,1.010817051
153.3704116,0.9990107113,1.004217063,1.023363419,0.9999949554,1.010796578
153.570634,0.9990212202,1.004212062,1.02330583,0.9999950232,1.010776141
153.7708565,0.9990322358,1.004208171,1.023248944,0.9999950901,1.010755741
153.971079,0.9990437412,1.004205364,1.023192753,0.9999951561,1.010735377
154.1713014,0.9990557191,1.004203616,1.023137247,0.9999952213,1.010715049
154.3715239,0.9990681526,1.004202899,1.023082418,0.9999952856,1.010694757
154.5717464,0.9990810245,1.004203189,1.023028257,0.999995349,1.010674502
154.7719689,0.9990943177,1.004204459,1.022974756,0.9999954117,1.010654282
154.9721913,0.9991080152,1.004206681,1.022921905,0.9999954735,1.010634098
155.1724138,0.9991220998,1.004209829,1.022869697,0.9999955344,1.010613951
155.3726363,0.9991365546,1.004213875,1.022818122,0.9999955946,1.010593839
155.5728587,0.9991513625,1.004218793,1.02276717,0.999995654,1.010573763
155.7730812,0.9991665065,1.004224555,1.022716835,0.9999957126,1.010553724
155.9733037,0.9991819699,1.004231133,1.022667105,0.9999957704,1.01053372
156.1735261,0.9991977358,1.0042385,1.022617974,0.9999958275,1.010513751
156.3737486,0.9992137875,1.004246628,1.022569431,0.9999958838,1.010493819
156.5739711,0.9992301085,1.00425549,1.022521467,0.9999959393,1.010473922
156.7741935,0.9992466821,1.004265058,1.022474074,0.9999959942,1.010454061
156.974416,0.9992634921,1.004275304,1.022427243,0.9999960483,1.010434236
157.1746385,0.9992805221,1.004286201,1.022380964,0.9999961016,1.010414446
157.374861,0.9992977562,1.00429772,1.02233523,0.9999961543,1.010394692
157.5750834,0.9993151782,1.004309835,1.022290029,0.9999962063,1.010374973
157.7753059,0.9993327724,1.004322518,1.022245355,0.9999962576,1.01035529
157.9755284,0.9993505232,1.004335741,1.022201198,0.9999963081,1.010335643
158.1757508,0.9993684151,1.004349477,1.022157548,0.9999963581,1.01031603
158.3759733,0.9993864327,1.004363699,1.022114397,0.9999964073,1.010296454
158.5761958,0.999404561,1.00437838,1.022071736,0.9999964559,1.010276912
158.7764182,0.9994227851,1.004393492,1.022029556,0.9999965039,1.010257406
158.9766407,0.9994410902,1.00440901,1.021987848,0.9999965512,1.010237935
159.1768632,0.9994594618,1.004424907,1.021946604,0.9999965979,1.0102185
159.3770857,0.9994778857,1.004441156,1.021905814,0.9999966439,1.010199099
159.5773081,0.9994963478,1.004457732,1.02186547,0.9999966894,1.010179734
159.7775306,0.9995148343,1.004474607,1.021825562,0.9999967342,1.010160404
159.9777531,0.9995333315,1.004491758,1.021786083,0.9999967784,1.010141109
160.1779755,0.999551826,1.004509158,1.021747023,0.999996822,1.010121849
160.378198,0.9995703049,1.004526782,1.021708374,0.9999968651,1.010102624
160.5784205,0.9995887551,1.004544606,1.021670127,0.9999969076,1.010083435
160.7786429,0.999607164,1.004562605,1.021632274,0.9999969495,1.01006428
160.9788654,0.9996255194,1.004580754,1.021594806,0.9999969908,1.01004516
161.1790879,0.9996438091,1.004599031,1.021557714,0.9999970316,1.010026074
161.3793103,0.9996620212,1.004617411,1.02152099,0.9999970718,1.010007024
161.5795328,0.9996801443,1.004635871,1.021484626,0.9999971115,1.009988008
161.7797553,0.9996981669,1.004654388,1.021448613,0.9999971507,1.009969028
161.9799778,0.9997160781,1.00467294,1.021412943,0.9999971893,1.009950081
162.1802002,0.9997338672,1.004691505,1.021377608,0.9999972274,1.00993117
162.3804227,0.9997515237,1.004710061,1.0213426,0.999997265,1.009912293
162.5806452,0.9997690374,1.004728586,1.02130791,0.9999973021,1.009893451
162.7808676,0.9997863985,1.00474706,1.021273531,0.9999973386,1.009874643
162.9810901,0.9998035973,1.004765462,1.021239454,0.9999973747,1.00985587
163.1813126,0.9998206245,1.004783772,1.021205671,0.9999974103,1.009837131
163.381535,0.9998374712,1.00480197,1.021172176,0.9999974454,1.009818426
163.5817575,0.9998541285,1.004820037,1.021138959,0.9999974801,1.009799756
163.78198,0.9998705881,1.004837954,1.021106013,0.9999975142,1.009781121
163.9822024,0.9998868418,1.004855703,1.021073331,0.999997548,1.009762519
164.1824249,0.9999028817,1.004873265,1.021040904,0.9999975812,1.009743952
164.3826474,0.9999187004,1.004890624,1.021008726,0.999997614,1.009725419
164.5828699,0.9999342906,1.004907762,1.020976789,0.9999976464,1.00970692
164.7830923,0.9999496452,1.004924662,1.020945086,0.9999976783,1.009688455
164.9833148,0.9999647576,1.004941308,1.020913609,0.9999977097,1.009670025
165.1835373,0.9999796215,1.004957685,1.02088235,0.9999977408,1.009651628
165.3837597,0.9999942308,1.004973777,1.020851304,0.9999977714,1.009633265
165.5839822,1.00000858,1.00498957,1.020820463,0.9999978016,1.009614936
165.7842047,1.000022663,1.005005049,1.020789819,0.9999978314,1.009596641
165.9844271,1.000036474,1.005020201,1.020759367,0.9999978608,1.00957838
166.1846496,1.00005001,1.005035011,1.020729098,0.9999978898,1.009560153
166.3848721,1.000063265,1.005049468,1.020699007,0.9999979184,1.009541959
166.5850945,1.000076235,1.005063559,1.020669087,0.9999979466,1.0095238
166.785317,1.000088916,1.005077272,1.020639331,0.9999979745,1.009505673
166.9855395,1.000101303,1.005090595,1.020609733,0.9999980019,1.009487581
167.185762,1.000113395,1.005103518,1.020580286,0.999998029,1.009469522
167.3859844,1.000125187,1.00511603,1.020550984,0.9999980557,1.009451496
167.5862069,1.000136676,1.005128121,1.020521821,0.999998082,1.009433504
167.7864294,1.000147859,1.005139781,1.02049279,0.999998108,1.009415545
167.9866518,1.000158735,1.005151002,1.020463886,0.9999981336,1.00939762
168.1868743,1.000169301,1.005161775,1.020435103,0.9999981589,1.009379728
168.3870968,1.000179555,1.005172092,1.020406435,0.9999981839,1.009361869
168.5873192,1.000189496,1.005181945,1.020377875,0.9999982084,1.009344044
168.7875417,1.000199121,1.005191327,1.020349419,0.9999982327,1.009326251
168.9877642,1.000208431,1.005200231,1.020321061,0.9999982566,1.009308492
169.1879867,1.000217423,1.005208652,1.020292794,0.9999982802,1.009290766
169.3882091,1.000226098,1.005216582,1.020264615,0.9999983035,1.009273073
169.5884316,1.000234454,1.005224018,1.020236517,0.9999983265,1.009255413
169.7886541,1.000242493,1.005230953,1.020208495,0.9999983491,1.009237785
169.9888765,1.000250213,1.005237384,1.020180544,0.9999983714,1.009220191
170.189099,1.000257615,1.005243307,1.020152659,0.9999983935,1.00920263
170.3893215,1.0002647,1.005248717,1.020124835,0.9999984152,1.009185101
170.5895439,1.000271468,1.005253612,1.020097067,0.9999984366,1.009167605
170.7897664,1.00027792,1.00525799,1.020069351,0.9999984578,1.009150141
170.9899889,1.000284057,1.005261847,1.020041681,0.9999984786,1.009132711
171.1902113,1.000289881,1.005265182,1.020014053,0.9999984992,1.009115313
171.3904338,1.000295393,1.005267993,1.019986463,0.9999985195,1.009097947
171.5906563,1.000300595,1.00527028,1.019958905,0.9999985395,1.009080614
171.7908788,1.000305489,1.005272042,1.019931377,0.9999985593,1.009063313
171.9911012,1.000310077,1.005273278,1.019903873,0.9999985787,1.009046045
172.1913237,1.00031436,1.005273988,1.019876389,0.9999985979,1.009028809
172.3915462,1.000318342,1.005274173,1.019848922,0.9999986169,1.009011605
172.5917686,1.000322026,1.005273835,1.019821467,0.9999986356,1.008994433
172.7919911,1.000325413,1.005272973,1.01979402,0.999998654,1.008977294
172.9922136,1.000328507,1.00527159,1.019766578,0.9999986722,1.008960187
173.192436,1.000331312,1.005269687,1.019739137,0.9999986901,1.008943111
173.3926585,1.000333829,1.005267267,1.019711693,0.9999987078,1.008926068
173.592881,1.000336064,1.005264333,1.019684243,0.9999987252,1.008909057
173.7931034,1.000338018,1.005260887,1.019656783,0.9999987424,1.008892078
173.9933259,1.000339697,1.005256933,1.019629311,0.9999987594,1.00887513
174.1935484,1.000341103,1.005252473,1.019601822,0.9999987761,1.008858214
174.3937709,1.000342241,1.005247513,1.019574313,0.9999987927,1.00884133
174.5939933,1.000343114,1.005242056,1.019546782,0.999998809,1.008824478
174.7942158,1.000343728,1.005236107,1.019519226,0.999998825,1.008807657
174.9944383,1.000344085,1.00522967,1.019491641,0.9999988409,1.008790868
175.1946607,1.000344191,1.005222751,1.019464025,0.9999988565,1.008774111
175.3948832,1.00034405,1.005215354,1.019436374,0.9999988719,1.008757385
175.5951057,1.000343667,1.005207486,1.019408687,0.9999988871,1.00874069
175.7953281,1.000343045,1.005199151,1.019380961,0.9999989021,1.008724027
175.9955506,1.000342191,1.005190357,1.019353193,0.999998917,1.008707395
176.1957731,1.000341108,1.005181109,1.01932538,0.9999989316,1.008690795
176.3959956,1.000339803,1.005171414,1.019297521,0.999998946,1.008674225
176.596218,1.000338279,1.005161279,1.019269614,0.9999989602,1.008657687
176.7964405,1.000336541,1.00515071,1.019241655,0.9999989742,1.00864118
176.996663,1.000334595,1.005139715,1.019213643,0.999998988,1.008624704
177.1968854,1.000332447,1.005128301,1.019185576,0.9999990016,1.008608259
177.3971079,1.0003301,1.005116475,1.019157452,0.9999990151,1.008591845
177.5973304,1.000327561,1.005104245,1.019129269,0.9999990284,1.008575462
177.7975528,1.000324835,1.00509162,1.019101026,0.9999990415,1.008559109
177.9977753,1.000321927,1.005078606,1.019072719,0.9999990544,1.008542788
178.1979978,1.000318842,1.005065213,1.019044349,0.9999990671,1.008526497
178.3982202,1.000315586,1.005051448,1.019015914,0.9999990797,1.008510237
178.5984427,1.000312164,1.005037319,1.018987411,0.9999990921,1.008494007
178.7986652,1.000308582,1.005022837,1.018958839,0.9999991043,1.008477808
178.9988877,1.000304844,1.005008008,1.018930198,0.9999991164,1.00846164
179.1991101,1.000300958,1.004992842,1.018901485,0.9999991283,1.008445502
179.3993326,1.000296928,1.004977349,1.018872701,0.99999914,1.008429395
179.5995551,1.000292759,1.004961535,1.018843842,0.9999991516,1.008413317
179.7997775,1.000288457,1.004945412,1.01881491,0.999999163,1.008397271
180,1.000284027,1.004928988,1.018785901,0.9999991743,1.008381254
