sample_idx,gain,re,im
1,0,-4.09836065574,0
1,0,-0.93261531631,0
1,0,0,0
2,0.001,-4.09618409533,0
2,0.001,-0.932483277441,0
2,0.001,-0.00230859927208,0
3,0.00105479004707,-4.0960647758,0
3,0.00105479004707,-0.932476018819,0
3,0.00105479004707,-0.00243517742553,0
4,0.0011125820434,-4.09593891135,0
4,0.0011125820434,-0.932468359762,0
4,0.0011125820434,-0.00256870094053,0
5,0.00117354046592,-4.09580614253,0
5,0.00117354046592,-0.93246027802,0
5,0.00117354046592,-0.00270955149843,0
6,0.00123783880329,-4.09566609014,0
6,0.00123783880329,-0.932451750089,0
6,0.00123783880329,-0.0028581318223,0
7,0.00130566004958,-4.09551835406,0
7,0.00130566004958,-0.932442751139,0
7,0.00130566004958,-0.00301486684457,0
8,0.00137719722516,-4.09536251217,0
8,0.00137719722516,-0.932433254935,0
8,0.00137719722516,-0.00318020494013,0
9,0.00145265392595,-4.09519811906,0
9,0.00145265392595,-0.932423233756,0
9,0.00145265392595,-0.003354619229,0
10,0.00153224490292,-4.09502470479,0
10,0.00153224490292,-0.932412658308,0
10,0.00153224490292,-0.00353860895238,0
11,0.00161619667328,-4.09484177349,0
11,0.00161619667328,-0.932401497632,0
11,0.00161619667328,-0.00373270092637,0
12,0.00170474816508,-4.09464880196,0
12,0.00170474816508,-0.932389719006,0
12,0.00170474816508,-0.00393745107801,0
13,0.00179815139729,-4.09444523814,0
13,0.00179815139729,-0.932377287837,0
13,0.00179815139729,-0.00415344606825,0
14,0.00189667219698,-4.09423049948,0
14,0.00189667219698,-0.932364167557,0
14,0.00189667219698,-0.00438130500709,0
15,0.00200059095593,-4.09400397128,0
15,0.00200059095593,-0.9323503195,0
15,0.00200059095593,-0.0046216812663,0
16,0.00211020342857,-4.09376500488,0
16,0.00211020342857,-0.932335702775,0
16,0.00211020342857,-0.00487526439535,0
17,0.00222582157375,-4.09351291576,0
17,0.00222582157375,-0.932320274138,0
17,0.00222582157375,-0.0051427821468,0
18,0.00234777444254,-4.09324698159,0
18,0.00234777444254,-0.932303987844,0
18,0.00234777444254,-0.00542500261763,0
19,0.00247640911475,-4.09296644003,0
19,0.00247640911475,-0.9322867955,0
19,0.00247640911475,-0.00572273651342,0
20,0.00261209168671,-4.09267048661,0
20,0.00261209168671,-0.932268645897,0
20,0.00261209168671,-0.00603683954266,0
21,0.00275520831318,-4.09235827225,0
21,0.00275520831318,-0.932249484844,0
21,0.00275520831318,-0.00636821494925,0
22,0.00290616630634,-4.09202890088,0
22,0.00290616630634,-0.932229254979,0
22,0.00290616630634,-0.00671781619134,0
23,0.00306539529506,-4.0916814267,0
23,0.00306539529506,-0.932207895572,0
23,0.00306539529506,-0.00708664977556,0
24,0.00323334844756,-4.09131485147,0
24,0.00323334844756,-0.93218534232,0
24,0.00323334844756,-0.0074757782561,0
25,0.00341050376119,-4.09092812152,0
25,0.00341050376119,-0.932161527115,0
25,0.00341050376119,-0.00788632340879,0
26,0.0035973654228,-4.09052012465,0
26,0.0035973654228,-0.932136377806,0
26,0.0035973654228,-0.00831946959103,0
27,0.00379446524364,-4.09008968681,0
27,0.00379446524364,-0.932109817942,0
27,0.00379446524364,-0.00877646729918,0
28,0.00400236417294,-4.08963556862,0
28,0.00400236417294,-0.932081766496,0
28,0.00400236417294,-0.00925863693573,0
29,0.00422165389436,-4.08915646168,0
29,0.00422165389436,-0.932052137565,0
29,0.00422165389436,-0.00976737279958,0
30,0.00445295850994,-4.08865098468,0
30,0.00445295850994,-0.932020840056,0
30,0.00445295850994,-0.0103041473136,0
31,0.0046969363163,-4.0881176792,0
31,0.0046969363163,-0.931987777342,0
31,0.0046969363163,-0.0108705155044,0
32,0.00495428167815,-4.0875550054,0
32,0.00495428167815,-0.931952846895,0
32,0.00495428167815,-0.0114681197517,0
33,0.00522572700449,-4.08696133733,0
33,0.00522572700449,-0.931915939892,0
33,0.00522572700449,-0.0120986948226,0
34,0.00551204483304,-4.08633495805,0
34,0.00551204483304,-0.931876940786,0
34,0.00551204483304,-0.0127640732124,0
35,0.00581405002889,-4.08567405439,0
35,0.00581405002889,-0.931835726851,0
35,0.00581405002889,-0.01346619081,0
36,0.00613260210363,-4.08497671145,0
36,0.00613260210363,-0.931792167685,0
36,0.00613260210363,-0.0142070929102,0
37,0.00646860766155,-4.08424090678,0
37,0.00646860766155,-0.931746124675,0
37,0.00646860766155,-0.0149889405969,0
38,0.00682302297979,-4.08346450411,0
38,0.00682302297979,-0.93169745042,0
38,0.00682302297979,-0.0158140175223,0
39,0.00719685673001,-4.08264524684,0
39,0.00719685673001,-0.931645988101,0
39,0.00719685673001,-0.0166847371087,0
40,0.007591172849,-4.08178075104,0
40,0.007591172849,-0.931591570808,0
40,0.007591172849,-0.0176036502031,0
41,0.00800709356671,-4.08086849803,0
41,0.00800709356671,-0.931534020801,0
41,0.00800709356671,-0.0185734532167,0
42,0.00844580260011,-4.07990582655,0
42,0.00844580260011,-0.93147314871,0
42,0.00844580260011,-0.019596996783,0
43,0.00890854852211,-4.07888992441,0
43,0.00890854852211,-0.931408752667,0
43,0.00890854852211,-0.0206772949728,0
44,0.00939664831495,-4.07781781959,0
44,0.00939664831495,-0.931340617355,0
44,0.00939664831495,-0.0218175351067,0
45,0.00991149111842,-4.07668637086,0
45,0.00991149111842,-0.93126851298,0
45,0.00991149111842,-0.0230210882092,0
46,0.0104545421833,-4.07549225775,0
46,0.0104545421833,-0.931192194141,0
46,0.0104545421833,-0.024291520153,0
47,0.0110273470416,-4.07423196991,0
47,0.0110273470416,-0.931111398591,0
47,0.0110273470416,-0.0256326035457,0
48,0.0116315359051,-4.07290179573,0
48,0.0116315359051,-0.931025845895,0
48,0.0116315359051,-0.0270483304176,0
49,0.0122688283048,-4.07149781034,0
49,0.0122688283048,-0.930935235939,0
49,0.0122688283048,-0.0285429257716,0
50,0.0129410379851,-4.07001586268,0
50,0.0129410379851,-0.930839247303,0
50,0.0129410379851,-0.0301208620668,0
51,0.0136500780655,-4.06845156187,0
51,0.0136500780655,-0.93073753547,0
51,0.0136500780655,-0.0317868747097,0
52,0.0143979664852,-4.06680026256,0
52,0.0143979664852,-0.930629730846,0
52,0.0143979664852,-0.0335459786377,0
53,0.0151868317466,-4.06505704939,0
53,0.0151868317466,-0.930515436576,0
53,0.0151868317466,-0.0354034860865,0
54,0.0160189189728,-4.06321672027,0
54,0.0160189189728,-0.930394226131,0
54,0.0160189189728,-0.0373650256428,0
55,0.0168965962973,-4.06127376872,0
55,0.0168965962973,-0.930265640626,0
55,0.0168965962973,-0.0394365626967,0
56,0.0178223616038,-4.05922236479,0
56,0.0178223616038,-0.930129185843,0
56,0.0178223616038,-0.0416244214166,0
57,0.0187988496349,-4.05705633474,0
57,0.0187988496349,-0.929984328919,0
57,0.0187988496349,-0.0439353083874,0
58,0.0198288394913,-4.05476913933,0
58,0.0198288394913,-0.929830494655,0
58,0.0198288394913,-0.0463763380668,0
59,0.0209152625403,-4.05235385044,0
59,0.0209152625403,-0.929667061374,0
59,0.0209152625403,-0.0489550602327,0
60,0.0220612107594,-4.04980312613,0
60,0.0220612107594,-0.929493356304,0
60,0.0220612107594,-0.0516794896173,0
61,0.0232699455353,-4.04710918374,0
61,0.0232699455353,-0.929308650367,0
61,0.0232699455353,-0.0545581379454,0
62,0.0245449069465,-4.04426377109,0
62,0.0245449069465,-0.929112152329,0
62,0.0245449069465,-0.0576000486248,0
63,0.0258897235534,-4.04125813549,0
63,0.0258897235534,-0.928903002192,0
63,0.0258897235534,-0.0608148343671,0
64,0.0273082227255,-4.03808299029,0
64,0.0273082227255,-0.928680263703,0
64,0.0273082227255,-0.0642127180556,0
65,0.028804441534,-4.03472847896,0
65,0.028804441534,-0.928442915871,0
65,0.028804441534,-0.0678045772218,0
66,0.0303826382414,-4.03118413622,0
66,0.0303826382414,-0.928189843287,0
66,0.0303826382414,-0.0716019925418,0
67,0.0320473044207,-4.02743884613,0
67,0.0320473044207,-0.927919825089,0
67,0.0320473044207,-0.0756173008273,0
68,0.0338031777384,-4.02348079668,0
68,0.0338031777384,-0.927631522309,0
68,0.0338031777384,-0.0798636530548,0
69,0.0356552554378,-4.01929743065,0
69,0.0356552554378,-0.92732346333,0
69,0.0356552554378,-0.0843550780653,0
70,0.0376088085615,-4.01487539226,0
70,0.0376088085615,-0.926994027116,0
70,0.0376088085615,-0.0891065526683,0
71,0.0396693969528,-4.01020046925,0
71,0.0396693969528,-0.926641423787,0
71,0.0396693969528,-0.0941340790063,0
72,0.041842885079,-4.00525752981,0
72,0.041842885079,-0.926263672051,0
72,0.041842885079,-0.0994547701871,0
73,0.044135458722,-4.00003045382,0
73,0.044135458722,-0.925858572853,0
73,0.044135458722,-0.105086945373,0
74,0.0465536425828,-3.99450205781,0
74,0.0465536425828,-0.925423678496,0
74,0.0465536425828,-0.11105023574,0
75,0.0491043188512,-3.98865401279,0
75,0.0491043188512,-0.924956256271,0
75,0.0491043188512,-0.117365702987,0
76,0.0517947467923,-3.98246675419,0
76,0.0517947467923,-0.924453245416,0
76,0.0517947467923,-0.124055972443,0
77,0.054632583407,-3.97591938291,0
77,0.054632583407,-0.923911205927,0
77,0.054632583407,-0.131145383211,0
78,0.0576259052234,-3.96898955636,0
78,0.0576259052234,-0.923326257311,0
78,0.0576259052234,-0.13866015838,0
79,0.060783231283,-3.96165336816,0
79,0.060783231283,-0.922694004904,0
79,0.060783231283,-0.146628598986,0
80,0.064113547386,-3.95388521506,0
80,0.064113547386,-0.922009450642,0
80,0.064113547386,-0.155081306345,0
81,0.067626331665,-3.94565764926,0
81,0.067626331665,-0.921266884273,0
81,0.067626331665,-0.164051438519,0
82,0.0713315815601,-3.93694121405,0
82,0.0713315815601,-0.920459749743,0
82,0.0713315815601,-0.173575008252,0
83,0.0752398422713,-3.92770426049,0
83,0.0752398422713,-0.919580479792,0
83,0.0752398422713,-0.183691231763,0
84,0.0793622367708,-3.91791274203,0
84,0.0793622367708,-0.918620289401,0
84,0.0793622367708,-0.194442940621,0
85,0.083710497459,-3.90752998387,0
85,0.083710497459,-0.917568915435,0
85,0.083710497459,-0.205877072737,0
86,0.0882969995549,-3.896516423,0
86,0.0882969995549,-0.916414285067,0
86,0.0882969995549,-0.218045263984,0
87,0.0931347963166,-3.8848293138,0
87,0.0931347963166,-0.91514208867,0
87,0.0931347963166,-0.231004569574,0
88,0.0982376561906,-3.87242239376,0
88,0.0982376561906,-0.913735222747,0
88,0.0982376561906,-0.24481835554,0
89,0.103620101997,-3.85924550174,0
89,0.103620101997,-0.912173053108,0
89,0.103620101997,-0.259557417202,0
90,0.109297452263,-3.84524414041,0
90,0.109297452263,-0.910430424948,0
90,0.109297452263,-0.275301406687,0
91,0.115285864817,-3.83035897203,0
91,0.115285864817,-0.908476309172,0
91,0.115285864817,-0.29214069085,0
92,0.121602382777,-3.81452523424,0
92,0.121602382777,-0.906271913642,0
92,0.121602382777,-0.310178824166,0
93,0.128264983053,-3.79767205955,0
93,0.128264983053,-0.903767986018,0
93,0.128264983053,-0.32953592648,0
94,0.135292627512,-3.77972167742,0
94,0.135292627512,-0.900900856682,0
94,0.135292627512,-0.350353437946,0
95,0.142705316941,-3.76058847272,0
95,0.142705316941,-0.897586444757,0
95,0.142705316941,-0.37280105457,0
96,0.150524147973,-3.74017786655,0
96,0.150524147973,-0.893710823327,0
96,0.150524147973,-0.397087282168,0
97,0.158771373126,-3.71838497552,0
97,0.158771373126,-0.889114652021,0
97,0.158771373126,-0.423476344509,0
98,0.167470464133,-3.69509299192,0
98,0.167470464133,-0.883565919504,0
98,0.167470464133,-0.452317060619,0
99,0.176646178745,-3.67017120856,0
99,0.176646178745,-0.876708378252,0
99,0.176646178745,-0.484096385232,0
100,0.186324631193,-3.64347258545,0
100,0.186324631193,-0.867953128807,0
100,0.186324631193,-0.519550257792,0
101,0.196533366506,-3.61483071854,0
101,0.196533366506,-0.856212625257,0
101,0.196533366506,-0.559932628249,0
102,0.207301438908,-3.58405601632,0
102,0.207301438908,-0.839059748363,0
102,0.207301438908,-0.607860207365,0
103,0.218659494503,-3.55093081016,0
103,0.218659494503,-0.808134288745,0
103,0.218659494503,-0.671910873146,0
104,0.230639858499,-3.5152030037,0
104,0.230639858499,-0.757886484172,0.0646083091442
104,0.230639858499,-0.757886484172,-0.0646083091442
105,0.243276627202,-3.4765776796,0
105,0.243276627202,-0.777199146224,0.114050250823
105,0.243276627202,-0.777199146224,-0.114050250823
106,0.256605765058,-3.43470578417,0
106,0.256605765058,-0.798135093937,0.147542429825
106,0.256605765058,-0.798135093937,-0.147542429825
107,0.270665207003,-3.38916852157,0
107,0.270665207003,-0.82090372524,0.17417535054
107,0.270665207003,-0.82090372524,-0.17417535054
108,0.285494966435,-3.3394552541,0
108,0.285494966435,-0.845760358972,0.19634535583
108,0.285494966435,-0.845760358972,-0.19634535583
109,0.301137249084,-3.2849312199,0
109,0.301137249084,-0.873022376072,0.214933717647
109,0.301137249084,-0.873022376072,-0.214933717647
110,0.317636573136,-3.22478859635,0
110,0.317636573136,-0.903093687848,0.230171226743
110,0.317636573136,-0.903093687848,-0.230171226743
111,0.335039895929,-3.1579689015,0
111,0.335039895929,-0.936503535276,0.241849529908
111,0.335039895929,-0.936503535276,-0.241849529908
112,0.353396747597,-3.08303285857,0
112,0.353396747597,-0.973971556738,0.249303078382
112,0.353396747597,-0.973971556738,-0.249303078382
113,0.372759372031,-2.99792591622,0
113,0.372759372031,-1.01652502791,0.251189891106
113,0.372759372031,-1.01652502791,-0.251189891106
114,0.393182875571,-2.89951330859,0
114,0.393182875571,-1.06573133173,0.244870773748
114,0.393182875571,-1.06573133173,-0.244870773748
115,0.41472538383,-2.78252451428,0
115,0.41472538383,-1.12422572888,0.224510496136
115,0.41472538383,-1.12422572888,-0.224510496136
116,0.437448207131,-2.63659670095,0
116,0.437448207131,-1.19718963555,0.172519163407
116,0.437448207131,-1.19718963555,-0.172519163407
117,0.46141601499,-2.43400705688,0
117,0.46141601499,-1.41862128252,0
117,0.46141601499,-1.17834763264,0
118,0.486697020169,-1.96232926299,0.168866593656
118,0.486697020169,-1.96232926299,-0.168866593656
118,0.486697020169,-1.10631744607,0
119,0.513363172813,-1.97726903419,0.543859245472
119,0.513363172813,-1.97726903419,-0.543859245472
119,0.513363172813,-1.07643790367,0
120,0.541490365215,-1.98645685674,0.752871240528
120,0.541490365215,-1.98645685674,-0.752871240528
120,0.541490365215,-1.05806225856,0
121,0.571158647813,-1.99288080072,0.920337695747
121,0.571158647813,-1.99288080072,-0.920337695747
121,0.571158647813,-1.04521437061,0
122,0.60245245701,-1.99769137501,1.06726538566
122,0.60245245701,-1.99769137501,-1.06726538566
122,0.60245245701,-1.03559322203,0
123,0.635460855487,-2.00145481715,1.20194989631
123,0.635460855487,-2.00145481715,-1.20194989631
123,0.635460855487,-1.02806633775,0
124,0.67027778567,-2.0044907314,1.32865036571
124,0.67027778567,-2.0044907314,-1.32865036571
124,0.67027778567,-1.02199450925,0
125,0.707002337096,-2.00699634913,1.44989185462
125,0.707002337096,-2.00699634913,-1.44989185462
125,0.707002337096,-1.01698327378,0
126,0.745739028423,-2.00910134096,1.56731823399
126,0.745739028423,-2.00910134096,-1.56731823399
126,0.745739028423,-1.01277329012,0
127,0.786598104892,-2.01089511083,1.6820738145
127,0.786598104892,-2.01089511083,-1.6820738145
127,0.786598104892,-1.00918575039,0
128,0.829695852083,-2.01244163372,1.79499686432
128,0.829695852083,-2.01244163372,-1.79499686432
128,0.829695852083,-1.00609270462,0
129,0.875154926872,-2.01378807921,1.90672698052
129,0.875154926872,-2.01378807921,-1.90672698052
129,0.875154926872,-1.00339981363,0
130,0.923104706508,-2.0149700951,2.01776887344
130,0.923104706508,-2.0149700951,-2.01776887344
130,0.923104706508,-1.00103578184,0
131,0.973681656828,-2.01601518632,2.12853235186
131,0.973681656828,-2.01601518632,-2.12853235186
131,0.973681656828,-0.998945599406,0
132,1.02702972064,-2.01694495395,2.23935850566
132,1.02702972064,-2.01694495395,-2.23935850566
132,1.02702972064,-0.997086064151,0
133,1.08330072737,-2.01777662408,2.35053748097
133,1.08330072737,-2.01777662408,-2.35053748097
133,1.08330072737,-0.995422723887,0
134,1.14265482521,-2.01852411892,2.46232092115
134,1.14265482521,-2.01852411892,-2.46232092115
134,1.14265482521,-0.993927734216,0
135,1.20526093687,-2.01919882403,2.57493090488
135,1.20526093687,-2.01919882403,-2.57493090488
135,1.20526093687,-0.992578323981,0
136,1.27129724033,-2.01981014885,2.68856651529
136,1.27129724033,-2.01981014885,-2.68856651529
136,1.27129724033,-0.991355674354,0
137,1.34095167597,-2.0203659431,2.80340876538
137,1.34095167597,-2.0203659431,-2.80340876538
137,1.34095167597,-0.990244085839,0
138,1.41442248141,-2.02087281119,2.91962435746
138,1.41442248141,-2.02087281119,-2.91962435746
138,1.41442248141,-0.989230349672,0
139,1.49191875575,-2.02133635258,3.03736859887
139,1.49191875575,-2.02133635258,-3.03736859887
139,1.49191875575,-0.98830326689,0
140,1.5736610546,-2.02176134813,3.15678769644
140,1.5736610546,-2.02176134813,-3.15678769644
140,1.5736610546,-0.987453275792,0
141,1.65988201785,-2.02215190598,3.27802058651
141,1.65988201785,-2.02215190598,-3.27802058651
141,1.65988201785,-0.986672160086,0
142,1.75082703174,-2.02251157708,3.40120041255
142,1.75082703174,-2.02251157708,-3.40120041255
142,1.75082703174,-0.985952817894,0
143,1.84675492721,-2.02284344742,3.52645573226
143,1.84675492721,-2.02284344742,-3.52645573226
143,1.84675492721,-0.985289077199,0
144,1.9479387166,-2.02315021247,3.65391151452
144,1.9479387166,-2.02315021247,-3.65391151452
144,1.9479387166,-0.984675547109,0
145,2.05466637057,-2.02343423751,3.78368997143
145,2.05466637057,-2.02343423751,-3.78368997143
145,2.05466637057,-0.984107497037,0
146,2.16724163773,-2.02369760711,3.91591125966
146,2.16724163773,-2.02369760711,-3.91591125966
146,2.16724163773,-0.983580757822,0
147,2.28598490907,-2.0239421659,4.05069407759
147,2.28598490907,-2.0239421659,-4.05069407759
147,2.28598490907,-0.983091640253,0
148,2.41123412984,-2.02416955227,4.18815617832
148,2.41123412984,-2.02416955227,-4.18815617832
148,2.41123412984,-0.9826368675,0
149,2.5433457613,-2.02438122665,4.32841481472
149,2.5433457613,-2.02438122665,-4.32841481472
149,2.5433457613,-0.982213518748,0
150,2.68269579528,-2.02457849507,4.47158712901
150,2.68269579528,-2.02457849507,-4.47158712901
150,2.68269579528,-0.981818981899,0
151,2.82968082418,-2.02476252918,4.61779049675
151,2.82968082418,-2.02476252918,-4.61779049675
151,2.82968082418,-0.981450913697,0
152,2.98471916972,-2.02493438307,4.76714283349
152,2.98471916972,-2.02493438307,-4.76714283349
152,2.98471916972,-0.981107205915,0
153,3.14825207352,-2.02509500773,4.91976287037
153,3.14825207352,-2.02509500773,-4.91976287037
153,3.14825207352,-0.98078595658,0
154,3.32074495281,-2.02524526335,5.07577040406
154,3.32074495281,-2.02524526335,-5.07577040406
154,3.32074495281,-0.980485445348,0
155,3.50268872508,-2.02538592984,5.2352865253
155,3.50268872508,-2.02538592984,-5.2352865253
155,3.50268872508,-0.980204112364,0
156,3.6946012052,-2.02551771601,5.39843382967
156,3.6946012052,-2.02551771601,-5.39843382967
156,3.6946012052,-0.979940540034,0
157,3.89702857913,-2.0256412674,5.56533661345
157,3.89702857913,-2.0256412674,-5.56533661345
157,3.89702857913,-0.979693437239,0
158,4.11054695841,-2.0257571732,5.73612105717
158,4.11054695841,-2.0257571732,-5.73612105717
158,4.11054695841,-0.979461625639,0
159,4.33576401975,-2.02586597216,5.91091539885
159,4.33576401975,-2.02586597216,-5.91091539885
159,4.33576401975,-0.979244027723,0
160,4.57332073447,-2.02596815784,6.08985009864
160,4.57332073447,-2.02596815784,-6.08985009864
160,4.57332073447,-0.979039656364,0
161,4.82389319277,-2.02606418319,6.27305799642
161,4.82389319277,-2.02606418319,-6.27305799642
161,4.82389319277,-0.978847605662,0
162,5.08819452786,-2.02615446458,6.46067446368
162,5.08819452786,-2.02615446458,-6.46067446368
162,5.08819452786,-0.978667042883,0
163,5.36697694554,-2.02623938535,6.65283755052
163,5.36697694554,-2.02623938535,-6.65283755052
163,5.36697694554,-0.97849720135,0
164,5.66103386501,-2.02631929895,6.84968812912
164,5.66103386501,-2.02631929895,-6.84968812912
164,5.66103386501,-0.978337374151,0
165,5.97120217693,-2.02639453174,7.05137003403
165,5.97120217693,-2.02639453174,-7.05137003403
165,5.97120217693,-0.978186908564,0
166,6.29836462526,-2.02646538548,7.25803020043
166,6.29836462526,-2.02646538548,-7.25803020043
166,6.29836462526,-0.978045201095,0
167,6.64345231954,-2.0265321395,7.46981880063
167,6.64345231954,-2.0265321395,-7.46981880063
167,6.64345231954,-0.977911693056,0
168,7.00744738483,-2.02659505272,7.68688937959
168,7.00744738483,-2.02659505272,-7.68688937959
168,7.00744738483,-0.977785866615,0
169,7.39138575688,-2.02665436539,7.90939898987
169,7.39138575688,-2.02665436539,-7.90939898987
169,7.39138575688,-0.977667241262,0
170,7.79636013041,-2.02671030071,8.13750832643
170,7.79636013041,-2.02671030071,-8.13750832643
170,7.79636013041,-0.977555370628,0
171,8.22352306892,-2.0267630662,8.37138186172
171,8.22352306892,-2.0267630662,-8.37138186172
171,8.22352306892,-0.977449839639,0
172,8.67409028494,-2.02681285505,8.61118798137
172,8.67409028494,-2.02681285505,-8.61118798137
172,8.67409028494,-0.97735026194,0
173,9.14934409993,-2.02685984724,8.85709912083
173,9.14934409993,-2.02685984724,-8.85709912083
173,9.14934409993,-0.977256277572,0
174,9.65063709382,-2.02690421059,9.10929190328
174,9.65063709382,-2.02690421059,-9.10929190328
174,9.65063709382,-0.977167550875,0
175,10.1793959544,-2.02694610173,9.36794727902
175,10.1793959544,-2.02694610173,-9.36794727902
175,10.1793959544,-0.977083768585,0
176,10.7371255379,-2.02698566697,9.63325066666
176,10.7371255379,-2.02698566697,-9.63325066666
176,10.7371255379,-0.977004638103,0
177,11.3254131515,-2.02702304306,9.90539209626
177,11.3254131515,-2.02702304306,-9.90539209626
177,11.3254131515,-0.976929885931,0
178,11.9459330712,-2.02705835791,10.1845663548
178,11.9459330712,-2.02705835791,-10.1845663548
178,11.9459330712,-0.976859256234,0
179,12.6004513064,-2.02709173125,10.470973134
179,12.6004513064,-2.02709173125,-10.470973134
179,12.6004513064,-0.976792509542,0
180,13.2908306266,-2.02712327525,10.7648171807
180,13.2908306266,-2.02712327525,-10.7648171807
180,13.2908306266,-0.976729421555,0
181,14.0190358622,-2.027153095,11.0663084504
181,14.0190358622,-2.027153095,-11.0663084504
181,14.0190358622,-0.976669782052,0
182,14.787139497,-2.02718128908,11.3756622636
182,14.787139497,-2.02718128908,-11.3756622636
182,14.787139497,-0.976613393893,0
183,15.597327566,-2.02720794997,11.6930994648
183,15.597327566,-2.02720794997,-11.6930994648
183,15.597327566,-0.976560072105,0
184,16.4519058775,-2.02723316451,12.0188465861
184,16.4519058775,-2.02723316451,-12.0188465861
184,16.4519058775,-0.976509643031,0
185,17.3533065749,-2.02725701424,12.3531360132
185,17.3533065749,-2.02725701424,-12.3531360132
185,17.3533065749,-0.976461943568,0
186,18.304095059,-2.0272795758,12.6962061557
186,18.304095059,-2.0272795758,-12.6962061557
186,18.304095059,-0.976416820442,0
187,19.3069772888,-2.02730092125,13.0483016211
187,19.3069772888,-2.02730092125,-13.0483016211
187,19.3069772888,-0.976374129556,0
188,20.3648074833,-2.02732111833,13.4096733924
188,20.3648074833,-2.02732111833,-13.4096733924
188,20.3648074833,-0.976333735383,0
189,21.4805962438,-2.02734023082,13.7805790111
189,21.4805962438,-2.02734023082,-13.7805790111
189,21.4805962438,-0.976295510401,0
190,22.6575191231,-2.02735831874,14.161282763
190,22.6575191231,-2.02735831874,-14.161282763
190,22.6575191231,-0.976259334575,0
191,23.8989256623,-2.02737543858,14.55205587
191,23.8989256623,-2.02737543858,-14.55205587
191,23.8989256623,-0.97622509488,0
192,25.2083489243,-2.0273916436,14.9531766849
192,25.2083489243,-2.0273916436,-14.9531766849
192,25.2083489243,-0.976192684846,0
193,26.5895155483,-2.02740698395,15.3649308931
193,26.5895155483,-2.02740698395,-15.3649308931
193,26.5895155483,-0.976162004153,0
194,28.0463563568,-2.0274215069,15.7876117173
194,28.0463563568,-2.0274215069,-15.7876117173
194,28.0463563568,-0.976132958243,0
195,29.5830175417,-2.02743525704,16.2215201286
195,29.5830175417,-2.02743525704,-16.2215201286
195,29.5830175417,-0.97610545796,0
196,31.2038724653,-2.02744827641,16.6669650627
196,31.2038724653,-2.02744827641,-16.6669650627
196,31.2038724653,-0.976079419221,0
197,32.9135341064,-2.02746060467,17.1242636414
197,32.9135341064,-2.02746060467,-17.1242636414
197,32.9135341064,-0.976054762705,0
198,34.7168681893,-2.02747227924,17.5937413995
198,34.7168681893,-2.02747227924,-17.5937413995
198,34.7168681893,-0.976031413563,0
199,36.6190070314,-2.02748333545,18.0757325186
199,36.6190070314,-2.02748333545,-18.0757325186
199,36.6190070314,-0.976009301152,0
200,38.6253641503,-2.02749380663,18.5705800657
200,38.6253641503,-2.02749380663,-18.5705800657
200,38.6253641503,-0.975988358778,0
201,40.7416496702,-2.02750372429,19.0786362386
201,40.7416496702,-2.02750372429,-19.0786362386
201,40.7416496702,-0.975968523468,0
202,42.9738865733,-2.02751311815,19.6002626178
202,42.9738865733,-2.02751311815,-19.6002626178
202,42.9738865733,-0.975949735744,0
203,45.3284278414,-2.02752201631,20.1358304248
203,45.3284278414,-2.02752201631,-20.1358304248
203,45.3284278414,-0.975931939424,0
204,47.8119745364,-2.02753044531,20.6857207871
204,47.8119745364,-2.02753044531,-20.6857207871
204,47.8119745364,-0.975915081423,0
205,50.4315948717,-2.02753843023,21.2503250101
205,50.4315948717,-2.02753843023,-21.2503250101
205,50.4315948717,-0.975899111579,0
206,53.1947443285,-2.02754599478,21.8300448566
206,53.1947443285,-2.02754599478,-21.8300448566
206,53.1947443285,-0.97588398248,0
207,56.1092868741,-2.02755316137,22.4252928333
207,56.1092868741,-2.02755316137,-22.4252928333
207,56.1092868741,-0.975869649311,0
208,59.183517343,-2.02755995117,23.0364924847
208,59.183517343,-2.02755995117,-23.0364924847
208,59.183517343,-0.975856069699,0
209,62.4261850439,-2.02756638423,23.6640786956
209,62.4261850439,-2.02756638423,-23.6640786956
209,62.4261850439,-0.975843203579,0
210,65.8465186608,-2.02757247949,24.3084980005
210,65.8465186608,-2.02757247949,-24.3084980005
210,65.8465186608,-0.975831013061,0
211,69.4542525176,-2.02757825487,24.970208902
211,69.4542525176,-2.02757825487,-24.970208902
211,69.4542525176,-0.97581946231,0
212,73.2596542822,-2.02758372731,25.6496821977
212,73.2596542822,-2.02758372731,-25.6496821977
212,73.2596542822,-0.975808517426,0
213,77.2735541885,-2.02758891285,26.3474013154
213,77.2735541885,-2.02758891285,-26.3474013154
213,77.2735541885,-0.975798146339,0
214,81.5073758597,-2.02759382667,27.0638626573
214,81.5073758597,-2.02759382667,-27.0638626573
214,81.5073758597,-0.975788318707,0
215,85.9731688196,-2.02759848311,27.7995759539
215,85.9731688196,-2.02759848311,-27.7995759539
215,85.9731688196,-0.975779005818,0
216,90.6836427859,-2.02760289577,28.5550646267
216,90.6836427859,-2.02760289577,-28.5550646267
216,90.6836427859,-0.9757701805,0
217,95.6522038425,-2.0276070775,29.3308661608
217,95.6522038425,-2.0276070775,-29.3308661608
217,95.6522038425,-0.975761817038,0
218,100.892992593,-2.02761104048,30.1275324879
218,100.892992593,-2.02761104048,-30.1275324879
218,100.892992593,-0.975753891093,0
219,106.420924406,-2.02761479621,30.945630379
219,106.420924406,-2.02761479621,-30.945630379
219,106.420924406,-0.975746379623,0
220,112.251731864,-2.02761835561,31.7857418477
220,112.251731864,-2.02761835561,-31.7857418477
220,112.251731864,-0.975739260819,0
221,118.402009536,-2.02762172901,32.648464565
221,118.402009536,-2.02762172901,-32.648464565
221,118.402009536,-0.975732514029,0
222,124.889261212,-2.02762492617,33.5344122842
222,124.889261212,-2.02762492617,-33.5344122842
222,124.889261212,-0.975726119703,0
223,131.731949712,-2.02762795636,34.4442152778
223,131.731949712,-2.02762795636,-34.4442152778
223,131.731949712,-0.975720059329,0
224,138.949549437,-2.02763082834,35.3785207863
224,138.949549437,-2.02763082834,-35.3785207863
224,138.949549437,-0.975714315377,0
225,146.562601791,-2.0276335504,36.3379934784
225,146.562601791,-2.0276335504,-36.3379934784
225,146.562601791,-0.975708871244,0
226,154.592773642,-2.02763613042,37.3233159246
226,154.592773642,-2.02763613042,-37.3233159246
226,154.592773642,-0.975703711211,0
227,163.062918986,-2.02763857583,38.3351890822
227,163.062918986,-2.02763857583,-38.3351890822
227,163.062918986,-0.975698820386,0
228,171.997143993,-2.02764089369,39.3743327946
228,171.997143993,-2.02764089369,-39.3743327946
228,171.997143993,-0.975694184667,0
229,181.420875608,-2.02764309068,40.4414863034
229,181.420875608,-2.02764309068,-40.4414863034
229,181.420875608,-0.975689790694,0
230,191.360933922,-2.02764517312,41.5374087742
230,191.360933922,-2.02764517312,-41.5374087742
230,191.360933922,-0.975685625815,0
231,201.845608499,-2.027647147,42.6628798369
231,201.845608499,-2.027647147,-42.6628798369
231,201.845608499,-0.975681678043,0
232,212.904738889,-2.02764901801,43.8187001405
232,212.904738889,-2.02764901801,-43.8187001405
232,212.904738889,-0.975677936023,0
233,224.569799554,-2.02765079153,45.0056919228
233,224.569799554,-2.02765079153,-45.0056919228
233,224.569799554,-0.975674388997,0
234,236.873989442,-2.02765247264,46.2246995949
234,236.873989442,-2.02765247264,-46.2246995949
234,236.873989442,-0.975671026774,0
235,249.852326473,-2.02765406617,47.4765903427
235,249.852326473,-2.02765406617,-47.4765903427
235,249.852326473,-0.975667839698,0
236,263.541747201,-2.02765557671,48.7622547433
236,263.541747201,-2.02765557671,-48.7622547433
236,263.541747201,-0.97566481862,0
237,277.981211934,-2.02765700859,50.082607399
237,277.981211934,-2.02765700859,-50.082607399
237,277.981211934,-0.975661954873,0
238,293.211815621,-2.0276583659,51.4385875876
238,293.211815621,-2.0276583659,-51.4385875876
238,293.211815621,-0.975659240243,0
239,309.2769048,-2.02765965255,52.831159931
239,309.2769048,-2.02765965255,-52.831159931
239,309.2769048,-0.975656666947,0
240,326.222200971,-2.02766087222,54.2613150813
240,326.222200971,-2.02766087222,-54.2613150813
240,326.222200971,-0.975654227611,0
241,344.095930717,-2.0276620284,55.7300704255
241,344.095930717,-2.0276620284,-55.7300704255
241,344.095930717,-0.975651915248,0
242,362.948962958,-2.02766312441,57.2384708094
242,362.948962958,-2.02766312441,-57.2384708094
242,362.948962958,-0.975649723234,0
243,382.834953722,-2.02766416338,58.787589281
243,382.834953722,-2.02766416338,-58.787589281
243,382.834953722,-0.975647645295,0
244,403.810498856,-2.02766514828,60.3785278537
244,403.810498856,-2.02766514828,-60.3785278537
244,403.810498856,-0.975645675483,0
245,425.935295095,-2.02766608194,62.0124182903
245,425.935295095,-2.02766608194,-62.0124182903
245,425.935295095,-0.975643808163,0
246,449.272309962,-2.02766696703,63.6904229083
246,449.272309962,-2.02766696703,-63.6904229083
246,449.272309962,-0.975642037993,0
247,473.887960972,-2.02766780607,65.4137354066
247,473.887960972,-2.02766780607,-65.4137354066
247,473.887960972,-0.975640359911,0
248,499.852304659,-2.02766860146,67.1835817148
248,499.852304659,-2.02766860146,-67.1835817148
248,499.852304659,-0.97563876912,0
249,527.239235959,-2.02766935549,69.0012208653
249,527.239235959,-2.02766935549,-69.0012208653
249,527.239235959,-0.975637261074,0
250,556.126698514,-2.02767007029,70.8679458891
250,556.126698514,-2.02767007029,-70.8679458891
250,556.126698514,-0.975635831462,0
251,586.596906502,-2.02767074792,72.7850847354
251,586.596906502,-2.02767074792,-72.7850847354
251,586.596906502,-0.9756344762,0
252,618.73657862,-2.02767139032,74.7540012163
252,618.73657862,-2.02767139032,-74.7540012163
252,618.73657862,-0.975633191417,0
253,652.637184886,-2.0276719993,76.7760959773
253,652.637184886,-2.0276719993,-76.7760959773
253,652.637184886,-0.975631973444,0
254,688.395206965,-2.02767257662,78.8528074935
254,688.395206965,-2.02767257662,-78.8528074935
254,688.395206965,-0.975630818803,0
255,726.112412756,-2.02767312393,80.9856130929
255,726.112412756,-2.02767312393,-80.9856130929
255,726.112412756,-0.975629724197,0
256,765.896146029,-2.02767364277,83.1760300075
256,765.896146029,-2.02767364277,-83.1760300075
256,765.896146029,-0.975628686503,0
257,807.85963192,-2.02767413464,85.4256164523
257,807.85963192,-2.02767413464,-85.4256164523
257,807.85963192,-0.975627702759,0
258,852.122299178,-2.02767460095,87.7359727343
258,852.122299178,-2.02767460095,-87.7359727343
258,852.122299178,-0.975626770157,0
259,898.810120059,-2.02767504301,90.1087423904
259,898.810120059,-2.02767504301,-90.1087423904
259,898.810120059,-0.975625886036,0
260,948.055968843,-2.02767546209,92.5456133571
260,948.055968843,-2.02767546209,-92.5456133571
260,948.055968843,-0.975625047875,0
261,1000,-2.02767585938,95.0483191708
261,1000,-2.02767585938,-95.0483191708
261,1000,-0.975624253283,0
