w,mag_before,phase_before,mag_after,phase_after
0.001,19.08484585,-0.05729576041,27.0413668,-0.9164532469
0.001027858127,19.0848456,-0.0588919119,27.04123784,-0.9419677114
0.00105649233,19.08484534,-0.06053252907,27.04110161,-0.9681915694
0.001085924228,19.08484507,-0.06221885067,27.04095769,-0.9951444637
0.001116176043,19.08484478,-0.06395214991,27.04080564,-1.022846574
0.001147270618,19.08484447,-0.0657337355,27.04064501,-1.051318632
0.001179231428,19.08484415,-0.0675649526,27.04047532,-1.080581933
0.001212082608,19.08484381,-0.06944718384,27.04029605,-1.110658355
0.001245848959,19.08484345,-0.07138185035,27.04010666,-1.141570368
0.001280555978,19.08484307,-0.07337041289,27.03990659,-1.173341055
0.00131622987,19.08484266,-0.07541437286,27.03969523,-1.205994125
0.001352897569,19.08484224,-0.07751527354,27.03947194,-1.239553929
0.001390586762,19.08484179,-0.07967470115,27.03923606,-1.274045475
0.001429325905,19.08484132,-0.08189428614,27.03898686,-1.309494449
0.001469144248,19.08484082,-0.08417570435,27.03872362,-1.345927227
0.001510071856,19.08484029,-0.08652067833,27.03844552,-1.383370897
0.00155213963,19.08483973,-0.08893097858,27.03815175,-1.42185327
0.001595379333,19.08483913,-0.09140842496,27.0378414,-1.461402907
0.001639823614,19.08483851,-0.093954888,27.03751356,-1.502049129
0.001685506029,19.08483785,-0.09657229034,27.03716723,-1.543822039
0.00173246107,19.08483715,-0.09926260819,27.03680138,-1.586752542
0.001780724191,19.08483642,-0.1020278728,27.03641491,-1.630872361
0.001830331833,19.08483564,-0.104870172,27.03600666,-1.676214059
0.00188132145,19.08483482,-0.1077916518,27.0355754,-1.722811057
0.001933731543,19.08483395,-0.110794518,27.03511984,-1.770697654
0.001987601682,19.08483303,-0.1138810378,27.03463862,-1.819909048
0.002042972543,19.08483206,-0.1170535415,27.0341303,-1.870481354
0.002099885932,19.08483104,-0.1203144245,27.03359334,-1.922451626
0.002158384822,19.08482996,-0.1236661488,27.03302615,-1.975857878
0.002218513381,19.08482881,-0.127111245,27.03242703,-2.030739102
0.002280317009,19.08482761,-0.1306523141,27.03179419,-2.087135292
0.002343842371,19.08482633,-0.1342920298,27.03112574,-2.145087461
0.00240913743,19.08482498,-0.13803314,27.03041967,-2.204637662
0.002476251487,19.08482356,-0.1418784692,27.02967389,-2.265829013
0.002545235217,19.08482205,-0.1458309209,27.02888617,-2.328705709
0.002616140703,19.08482046,-0.1498934789,27.02805417,-2.393313051
0.002689021484,19.08481879,-0.1540692107,27.0271754,-2.45969746
0.002763932587,19.08481701,-0.1583612688,27.02624725,-2.527906497
0.002840930573,19.08481514,-0.1627728938,27.02526697,-2.597988882
0.002920073579,19.08481316,-0.1673074164,27.02423164,-2.669994517
0.00300142136,19.08481107,-0.1719682601,27.02313819,-2.743974496
0.003085035339,19.08480886,-0.1767589438,27.02198339,-2.819981126
0.003170978646,19.08480652,-0.1816830844,27.0207638,-2.898067947
0.003259316173,19.08480405,-0.1867443995,27.01947583,-2.978289738
0.003350114618,19.08480145,-0.1919467104,27.01811567,-3.06070254
0.003443442538,19.08479869,-0.1972939446,27.01667931,-3.145363661
0.003539370398,19.08479578,-0.2027901392,27.01516251,-3.232331694
0.00363797063,19.08479271,-0.2084394435,27.01356082,-3.321666521
0.003739317679,19.08478946,-0.2142461227,27.01186954,-3.413429324
0.003843488067,19.08478603,-0.2202145605,27.01008369,-3.507682589
0.003950560447,19.08478241,-0.2263492628,27.00819806,-3.604490108
0.004060615663,19.08477858,-0.232654861,27.00620713,-3.703916984
0.004173736811,19.08477454,-0.2391361155,27.00410509,-3.806029622
0.004290009302,19.08477026,-0.2457979192,27.00188583,-3.91089573
0.004409520928,19.08476575,-0.2526453014,26.9995429,-4.018584305
0.004532361923,19.08476098,-0.2596834313,26.99706951,-4.129165624
0.004658625039,19.08475594,-0.2669176221,26.99445849,-4.242711225
0.004788405608,19.08475061,-0.2743533351,26.99170233,-4.359293884
0.004921801621,19.08474499,-0.2819961835,26.98879309,-4.478987591
0.005058913798,19.08473904,-0.2898519369,26.98572241,-4.601867518
0.005199845663,19.08473276,-0.2979265255,26.98248153,-4.728009978
0.005344703625,19.08472613,-0.3062260446,26.97906118,-4.857492381
0.005493597059,19.08471912,-0.3147567595,26.97545166,-4.990393184
0.005646638386,19.08471172,-0.3235251095,26.97164272,-5.12679183
0.005803943157,19.0847039,-0.3325377135,26.96762362,-5.266768681
0.005965630144,19.08469563,-0.3418013747,26.96338306,-5.410404939
0.006131821429,19.0846869,-0.3513230855,26.95890915,-5.557782563
0.006302642491,19.08467768,-0.3611100331,26.95418943,-5.708984168
0.006478222308,19.08466793,-0.3711696047,26.94921078,-5.86409292
0.00665869345,19.08465763,-0.3815093933,26.94395945,-6.023192413
0.00684419218,19.08464676,-0.3921372032,26.93842101,-6.186366537
0.007034858557,19.08463527,-0.4030610558,26.9325803,-6.353699332
0.007230836543,19.08462312,-0.414289196,26.92642146,-6.525274821
0.007432274108,19.0846103,-0.4258300979,26.91992783,-6.701176839
0.007639323346,19.08459675,-0.4376924717,26.91308198,-6.881488833
0.007852140589,19.08458243,-0.44988527,26.90586563,-7.066293649
0.008070886521,19.0845673,-0.4624176943,26.89825969,-7.255673306
0.008295726306,19.08455132,-0.4752992023,26.89024414,-7.449708737
0.008526829705,19.08453444,-0.4885395149,26.88179809,-7.648479523
0.008764371213,19.0845166,-0.5021486235,26.87289967,-7.85206359
0.009008530182,19.08449776,-0.5161367972,26.86352609,-8.060536899
0.009259490963,19.08447785,-0.5305145912,26.85365353,-8.273973095
0.009517443041,19.08445682,-0.5452928539,26.84325716,-8.492443145
0.009782581182,19.08443459,-0.5604827357,26.83231112,-8.716014939
0.01005510557,19.08441112,-0.5760956971,26.82078845,-8.944752866
0.01033522199,19.08438631,-0.5921435171,26.80866113,-9.178717367
0.01062314192,19.08436011,-0.6086383024,26.79590004,-9.417964452
0.01091908276,19.08433243,-0.6255924965,26.7824749,-9.662545191
0.01122326795,19.08430318,-0.6430188884,26.76835435,-9.912505172
0.01153592718,19.08427228,-0.6609306229,26.75350584,-10.16788393
0.01185729651,19.08423963,-0.6793412102,26.7378957,-10.42871435
0.01218761859,19.08420514,-0.6982645357,26.72148912,-10.69502203
0.01252714282,19.08416871,-0.7177148708,26.70425013,-10.96682461
0.01287612556,19.08413021,-0.7377068834,26.68614165,-11.2441311
0.0132348303,19.08408954,-0.7582556487,26.6671255,-11.52694115
0.01360352789,19.08404658,-0.7793766608,26.64716239,-11.8152443
0.0139824967,19.08400118,-0.8010858439,26.62621202,-12.1090192
0.01437202287,19.08395322,-0.8233995645,26.60423306,-12.40823285
0.01477240052,19.08390256,-0.8463346431,26.58118325,-12.71283974
0.01518393193,19.08384903,-0.8699083673,26.55701941,-13.02278107
0.01560692784,19.08379248,-0.8941385043,26.53169758,-13.33798387
0.01604170763,19.08373273,-0.9190433141,26.50517305,-13.65836018
0.01648859956,19.08366962,-0.9446415632,26.47740049,-13.98380617
0.01694794106,19.08360293,-0.9709525385,26.44833403,-14.31420136
0.01742007897,19.08353248,-0.9979960613,26.41792741,-14.64940771
0.01790536974,19.08345805,-1.025792502,26.3861341,-14.98926888
0.01840417981,19.08337942,-1.054362797,26.35290747,-15.33360941
0.0189168858,19.08329635,-1.08372846,26.31820095,-15.68223398
0.01944387481,19.08320859,-1.113911602,26.28196817,-16.03492676
0.01998554475,19.08311587,-1.144934944,26.24416322,-16.39145068
0.0205423046,19.08301791,-1.17682184,26.20474084,-16.75154696
0.02111457474,19.08291443,-1.209596284,26.16365661,-17.11493456
0.02170278725,19.0828051,-1.243282938,26.12086724,-17.48130982
0.02230738626,19.08268959,-1.277907142,26.07633078,-17.85034615
0.02292882827,19.08256757,-1.31349494,26.03000691,-18.22169385
0.02356758249,19.08243865,-1.350073089,25.98185721,-18.59498012
0.0242241312,19.08230246,-1.387669091,25.93184545,-18.96980908
0.02489897013,19.08215858,-1.4263112,25.87993788,-19.34576208
0.02559260881,19.08200657,-1.466028454,25.82610355,-19.72239809
0.02630557097,19.08184598,-1.506850687,25.77031456,-20.09925428
0.02703839491,19.08167633,-1.548808555,25.71254646,-20.47584682
0.02779163396,19.0814971,-1.59193356,25.65277846,-20.85167181
0.02856585684,19.08130776,-1.636258065,25.59099383,-21.22620642
0.02936164812,19.08110772,-1.681815327,25.5271801,-21.59891028
0.03017960865,19.0808964,-1.72863951,25.46132946,-21.969227
0.03102035603,19.08067315,-1.776765721,25.39343893,-22.33658592
0.03188452506,19.08043729,-1.826230023,25.3235107,-22.70040408
0.03277276822,19.08018813,-1.877069469,25.25155236,-23.06008833
0.03368575617,19.07992491,-1.929322125,25.17757707,-23.41503767
0.03462417825,19.07964684,-1.983027096,25.10160383,-23.76464572
0.03558874302,19.07935308,-2.038224553,25.0236576,-24.10830341
0.03658017875,19.07904274,-2.094955763,24.94376946,-24.44540176
0.03759923403,19.07871489,-2.153263114,24.8619767,-24.77533478
0.03864667828,19.07836855,-2.213190148,24.7783229,-25.09750255
0.03972330237,19.07800268,-2.274781587,24.69285795,-25.41131431
0.04082991918,19.07761617,-2.338083365,24.60563804,-25.71619163
0.04196736427,19.07720786,-2.403142659,24.51672561,-26.01157164
0.04313649645,19.07677653,-2.47000792,24.42618926,-26.29691025
0.04433819846,19.07632088,-2.538728905,24.33410363,-26.57168534
0.04557337764,19.07583954,-2.60935671,24.24054915,-26.83539996
0.04684296659,19.07533106,-2.681943802,24.14561192,-27.08758536
0.04814792392,19.07479393,-2.756544054,24.04938337,-27.32780404
0.04948923492,19.07422652,-2.833212781,23.95195999,-27.55565256
0.05086791233,19.07362714,-2.912006771,23.85344297,-27.77076429
0.0522849971,19.07299399,-2.992984323,23.75393786,-27.97281192
0.05374155921,19.07232517,-3.076205285,23.65355409,-28.1615098
0.05523869841,19.07161868,-3.161731086,23.55240459,-28.33661607
0.05677754511,19.0708724,-3.249624775,23.45060531,-28.4979345
0.05835926119,19.0700841,-3.33995106,23.34827469,-28.64531616
0.05998504092,19.06925143,-3.432776344,23.24553317,-28.77866069
0.06165611182,19.06837189,-3.528168762,23.14250267,-28.89791747
0.06337373564,19.06744285,-3.626198223,23.03930599,-29.00308627
0.06513920924,19.06646155,-3.726936446,22.93606633,-29.09421784
0.06695386562,19.06542506,-3.830456999,22.83290668,-29.17141398
0.06881907494,19.06433027,-3.936835338,22.72994929,-29.23482747
0.07073624549,19.06317394,-4.046148847,22.62731508,-29.28466159
0.07270682482,19.06195262,-4.158476878,22.52512313,-29.32116943
0.07473230081,19.06066268,-4.273900785,22.42349014,-29.3446528
0.07681420276,19.05930029,-4.392503968,22.32252988,-29.35546097
0.0789541026,19.05786139,-4.514371908,22.22235276,-29.35398905
0.08115361604,19.05634172,-4.639592207,22.12306527,-29.34067619
0.08341440381,19.05473678,-4.768254622,22.02476963,-29.31600346
0.0857381729,19.05304182,-4.900451104,21.92756329,-29.28049163
0.08812667784,19.05125183,-5.036275833,21.83153861,-29.23469859
0.09058172205,19.04936151,-5.17582525,21.73678248,-29.17921674
0.0931051592,19.0473653,-5.319198094,21.64337602,-29.11467018
0.09569889458,19.04525732,-5.466495428,21.55139433,-29.04171173
0.09836488657,19.04303136,-5.617820676,21.46090623,-28.96101992
0.1011051481,19.04068089,-5.773279641,21.3719741,-28.87329589
0.1039217482,19.03819902,-5.93298054,21.28465374,-28.7792602
0.1068168135,19.03557848,-6.097034019,21.19899424,-28.67964971
0.1097925299,19.03281162,-6.265553178,21.11503792,-28.57521436
0.1128511442,19.02989036,-6.438653583,21.03282036,-28.46671412
0.1159949657,19.02680621,-6.616453283,20.95237034,-28.35491585
0.1192263682,19.02355021,-6.799072817,20.87370994,-28.24059038
0.1225477916,19.02011292,-6.986635216,20.79685465,-28.12450961
0.1259617436,19.01648439,-7.179266006,20.72181343,-28.00744375
0.1294708018,19.01265418,-7.377093199,20.6485889,-27.89015872
0.1330776159,19.00861126,-7.580247281,20.57717751,-27.77341371
0.1367849091,19.00434402,-7.788861193,20.50756974,-27.65795887
0.1405954805,18.99984027,-8.003070307,20.43975033,-27.54453319
0.1445122073,18.99508716,-8.223012389,20.37369849,-27.43386262
0.1485380468,18.99007118,-8.448827556,20.30938818,-27.32665826
0.1526760386,18.98477812,-8.680658227,20.24678837,-27.22361489
0.1569293071,18.97919305,-8.918649056,20.18586329,-27.12540956
0.1613010638,18.97330025,-9.162946865,20.12657272,-27.0327004
0.1657946093,18.96708323,-9.41370055,20.06887226,-26.9461257
0.1704133367,18.96052465,-9.671060991,20.01271362,-26.86630302
0.1751607331,18.9536063,-9.935180936,19.95804485,-26.79382856
0.1800403831,18.94630907,-10.20621487,19.90481067,-26.72927668
0.185055971,18.9386129,-10.48431889,19.85295266,-26.67319954
0.1902112838,18.93049674,-10.76965052,19.80240954,-26.62612689
0.195510214,18.92193853,-11.06236854,19.75311741,-26.58856594
0.2009567624,18.91291513,-11.36263281,19.70500997,-26.56100142
0.2065550415,18.9034023,-11.67060402,19.65801873,-26.54389565
0.2123092782,18.89337465,-11.98644347,19.61207318,-26.53768875
0.2182238171,18.8828056,-12.31031281,19.56710103,-26.54279887
0.2243031239,18.87166736,-12.64237373,19.52302832,-26.55962252
0.2305517889,18.85993085,-12.98278765,19.47977962,-26.5885349
0.23697453,18.84756567,-13.33171543,19.43727812,-26.62989028
0.2435761967,18.83454008,-13.68931691,19.3954458,-26.68402242
0.2503617734,18.82082096,-14.05575059,19.35420352,-26.75124494
0.2573363835,18.80637374,-14.43117318,19.31347111,-26.83185173
0.2645052933,18.79116239,-14.8157391,19.27316748,-26.92611736
0.2718739154,18.77514938,-15.20960003,19.23321065,-27.03429738
0.2794478136,18.75829566,-15.61290439,19.19351788,-27.15662873
0.2872327063,18.7405606,-16.02579672,19.15400564,-27.29332997
0.2952344716,18.72190198,-16.44841716,19.11458976,-27.44460158
0.3034591512,18.702276,-16.88090073,19.07518535,-27.61062617
0.3119129548,18.6816372,-17.32337676,19.03570694,-27.79156857
0.3206022656,18.65993849,-17.77596811,18.99606845,-27.987576
0.3295336444,18.63713113,-18.23879046,18.95618323,-28.19877811
0.3387138346,18.61316474,-18.71195155,18.91596407,-28.42528691
0.3481497677,18.5879873,-19.19555036,18.87532328,-28.66719672
0.3578485683,18.56154514,-19.6896763,18.83417263,-28.92458408
0.3678175593,18.53378299,-20.1944083,18.79242344,-29.19750747
0.3780642677,18.50464402,-20.70981398,18.7499866,-29.48600714
0.3885964302,18.47406984,-21.2359487,18.7067726,-29.79010476
0.399421999,18.44200058,-21.77285465,18.66269154,-30.10980308
0.4105491479,18.40837495,-22.3205599,18.61765324,-30.44508552
0.4219862784,18.3731303,-22.87907745,18.57156726,-30.79591579
0.4337420259,18.33620273,-23.44840429,18.52434298,-31.16223733
0.4458252665,18.29752715,-24.02852044,18.47588965,-31.54397289
0.4582451235,18.25703743,-24.61938798,18.42611654,-31.94102401
0.4710109745,18.2146665,-25.22095021,18.37493297,-32.35327047
0.4841324582,18.17034652,-25.83313069,18.32224847,-32.78056977
0.4976194819,18.12400899,-26.4558324,18.2679729,-33.22275667
0.5114822288,18.07558495,-27.08893696,18.21201658,-33.67964268
0.5257311658,18.02500517,-27.73230386,18.15429044,-34.15101559
0.5403770516,17.97220032,-28.38576978,18.09470621,-34.6366391
0.5554309443,17.91710119,-29.049148,18.03317659,-35.13625243
0.5709042103,17.85963892,-29.72222787,17.96961543,-35.64957011
0.5868085325,17.79974524,-30.40477439,17.90393797,-36.17628171
0.6031559193,17.73735268,-31.09652794,17.83606101,-36.71605177
0.6199587137,17.67239488,-31.79720409,17.76590317,-37.26851982
0.6372296025,17.60480682,-32.5064935,17.69338513,-37.83330045
0.6549816259,17.53452507,-33.2240621,17.61842984,-38.4099836
0.6732281874,17.46148814,-33.94955124,17.54096282,-38.99813491
0.691983064,17.38563665,-34.68257813,17.46091234,-39.5972962
0.7112604163,17.30691372,-35.4227364,17.37820973,-40.20698622
0.7310747995,17.22526514,-36.16959677,17.29278961,-40.82670137
0.7514411744,17.14063973,-36.92270795,17.20459014,-41.45591674
0.7723749183,17.05298955,-37.6815977,17.11355324,-42.09408718
0.7938918371,16.96227014,-38.44577398,17.01962483,-42.74064861
0.816008177,16.86844082,-39.21472638,16.92275507,-43.39501942
0.8387406367,16.77146487,-39.98792756,16.82289852,-44.05660204
0.8621063802,16.67130973,-40.76483496,16.72001438,-44.72478464
0.8861230495,16.56794721,-41.54489252,16.61406659,-45.39894296
0.9108087783,16.46135364,-42.32753266,16.50502402,-46.07844224
0.9361822052,16.35151003,-43.11217818,16.3928606,-46.76263923
0.9622624883,16.23840215,-43.89824442,16.27755537,-47.45088434
0.9890693192,16.12202062,-44.6851414,16.15909258,-48.14252378
1.016622938,16.00236101,-45.47227601,16.03746171,-48.83690179
1.044944149,15.87942381,-46.25905423,15.91265752,-49.53336289
1.074054337,15.75321445,-47.04488339,15.78467997,-50.2312541
1.103975479,15.62374327,-47.82917439,15.65353424,-50.92992723
1.134730169,15.49102547,-48.61134391,15.5192306,-51.62874101
1.166341626,15.35508099,-49.39081651,15.38178434,-52.32706327
1.19883372,15.21593442,-50.16702674,15.24121563,-53.024273
1.232230982,15.07361482,-50.93942111,15.09754934,-53.71976232
1.26655863,14.9281556,-51.70745995,14.95081491,-54.41293836
1.301842581,14.7795943,-52.47061919,14.8010461,-55.10322499
1.338109478,14.62797238,-53.22839197,14.64828082,-55.79006447
1.375386702,14.47333499,-53.98029012,14.49256082,-56.47291887
1.4137024,14.31573076,-54.72584548,14.33393152,-57.15127141
1.453085501,14.15521149,-55.46461109,14.1724417,-57.82462762
1.493565742,13.99183195,-56.19616221,14.00814322,-58.49251634
1.535173687,13.82564954,-56.92009709,13.84109076,-59.15449053
1.577940751,13.65672408,-57.63603776,13.67134155,-59.81012794
1.621899225,13.48511748,-58.34363046,13.49895504,-60.45903161
1.6670823,13.31089349,-59.04254603,13.32399268,-61.10083024
1.713524091,13.13411744,-59.73248014,13.14651758,-61.73517832
1.761259664,12.95485593,-60.41315331,12.96659425,-62.36175626
1.81032506,12.77317661,-61.08431086,12.78428836,-62.9802702
1.860757326,12.58914787,-61.7457227,12.59966646,-63.59045184
1.91259454,12.40283868,-62.397183,12.41279571,-64.19205812
1.965875843,12.21431828,-63.03850976,12.22374369,-64.7848707
2.020641462,12.023656,-63.66954428,12.03257813,-65.36869546
2.076932749,11.83092103,-64.29015051,11.83936672,-65.94336184
2.134792206,11.63618226,-64.90021443,11.64417692,-66.50872213
2.194263519,11.43950805,-65.49964319,11.44707574,-67.0646507
2.255391592,11.24096612,-66.08836438,11.24812962,-67.61104315
2.318222578,11.04062336,-66.66632511,11.04740422,-68.14781545
2.382803918,10.8385457,-67.23349114,10.84496434,-68.67490299
2.449184373,10.63479798,-67.78984595,10.64087375,-69.19225968
2.517414063,10.42944388,-68.3353898,10.43519506,-69.69985696
2.587544504,10.22254578,-68.87013879,10.22798971,-70.19768286
2.659628649,10.0141647,-69.39412389,10.01931776,-70.685741
2.733720922,9.804360196,-69.90739,9.809237932,-71.16404965
2.809877268,9.593190362,-70.40999501,9.597807469,-71.63264074
2.888155187,9.380711725,-70.90200885,9.38508212,-72.09155897
2.968613781,9.166979232,-71.38351265,9.171116089,-72.54086083
3.051313802,8.952046217,-71.85459778,8.955962008,-72.98061375
3.136317691,8.735964382,-72.31536505,8.739670912,-73.4108952
3.223689628,8.51878378,-72.76592384,8.522292227,-73.83179185
3.313495584,8.300552821,-73.20639133,8.303873764,-74.24339875
3.405803366,8.081318262,-73.63689174,8.084461718,-74.6458186
3.50068267,7.861125227,-74.05755558,7.864100677,-75.03916092
3.598205134,7.640017211,-74.46851895,7.64283363,-75.42354142
3.698444391,7.418036106,-74.86992293,7.420701991,-75.79908128
3.801476125,7.195222221,-75.26191288,7.197745614,-76.16590654
3.907378131,6.971614307,-75.6446379,6.974002821,-76.52414745
4.016230369,6.74724959,-76.01825027,6.749510432,-76.87393798
4.128115026,6.522163802,-76.38290491,6.524303794,-77.21541519
4.24311658,6.296391216,-76.73875893,6.298416817,-77.54871881
4.361321862,6.069964684,-77.0859711,6.071882005,-77.87399074
4.482820122,5.842915672,-77.42470154,5.844730501,-78.19137462
4.607703095,5.615274304,-77.75511121,5.616992117,-78.5010154
4.736065075,5.387069398,-78.07736163,5.388695381,-78.80305901
4.868002979,5.158328512,-78.39161451,5.159867572,-79.09765201
5.003616426,4.929077979,-78.69803145,4.930534763,-79.3849412
5.143007809,4.699342955,-78.99677363,4.700721859,-79.66507343
5.286282376,4.469147455,-79.28800162,4.470452642,-79.93819527
5.433548303,4.238514398,-79.57187506,4.239749808,-80.20445274
5.584916784,4.007465644,-79.8485525,4.008635007,-80.46399118
5.740502107,3.776022039,-80.1181912,3.777128886,-80.71695493
5.900421745,3.54420345,-80.38094694,3.545251122,-80.96348723
6.064796446,3.312028807,-80.63697387,3.313020467,-81.20373005
6.233750317,3.07951614,-80.88642437,3.080454782,-81.43782388
6.407410928,2.846682615,-81.12944894,2.847571073,-81.66590765
6.585909397,2.613544571,-81.36619606,2.614385529,-81.88811862
6.7693805,2.380117557,-81.59681213,2.380913553,-82.10459223
6.957962764,2.146416364,-81.82144136,2.147169802,-82.31546205
7.151798576,1.912455059,-82.04022571,1.913168214,-82.52085968
7.351034292,1.678247015,-82.25330484,1.678922041,-82.72091468
7.555820341,1.443804947,-82.46081603,1.444443882,-82.91575455
7.766311346,1.209140937,-82.66289418,1.20974571,-83.10550461
7.982666237,0.9742664641,-82.85967173,0.9748389017,-83.29028804
8.205048369,0.7391924348,-83.05127868,0.7397342659,-83.47022579
8.433625651,0.5039292068,-83.23784255,0.5044420677,-83.64543658
8.668570669,0.268486616,-83.41948835,0.2689720555,-83.81603687
8.910060814,0.03287400098,-83.59633863,0.03333348513,-83.98214089
9.158278423,-0.2028997732,-83.76851342,-0.2024648567,-84.14386056
9.413410909,-0.4388262924,-83.93613028,-0.43841463,-84.30130557
9.675650909,-0.6748975715,-84.09930427,-0.67450792,-84.4545833
9.945196424,-0.9111060338,-84.25814801,-0.9107372164,-84.6037989
10.22225097,-1.147444491,-84.41277165,-1.147095394,-84.74905528
10.50702374,-1.383906124,-84.56328293,-1.383575692,-84.89045311
10.79972975,-1.620484464,-84.70978717,-1.6201717,-85.02809083
11.10058999,-1.857173378,-84.85238731,-1.856877337,-85.1620647
11.40983164,-2.093967047,-84.99118397,-2.093686836,-85.29246882
11.72768819,-2.330859957,-85.12627541,-2.330594729,-85.41939514
12.05439962,-2.567846877,-85.25775761,-2.56759583,-85.54293347
12.39021262,-2.804922849,-85.38572432,-2.804685226,-85.66317156
12.73538074,-3.042083174,-85.51026703,-3.041858256,-85.78019509
13.0901646,-3.279323395,-85.63147508,-3.279110503,-85.89408771
13.45483207,-3.51663929,-85.74943564,-3.516437782,-86.00493106
13.82965849,-3.754026858,-85.86423377,-3.753836124,-86.11280486
14.21492688,-3.991482306,-85.97595245,-3.991301771,-86.21778685
14.61092812,-4.229002039,-86.08467264,-4.228831158,-86.3199529
15.01796122,-4.466582654,-86.19047329,-4.466420909,-86.41937703
15.4363335,-4.704220922,-86.2934314,-4.704067826,-86.51613142
15.86636084,-4.941913788,-86.39362205,-4.941768877,-86.61028646
16.30836794,-5.179658354,-86.49111842,-5.179521192,-86.70191079
16.76268853,-5.417451876,-86.58599188,-5.417322049,-86.79107134
17.22966564,-5.655291757,-86.67831197,-5.655168871,-86.87783334
17.70965186,-5.893175533,-86.76814648,-5.893059218,-86.96226039
18.2030096,-6.131100872,-86.85556146,-6.130990777,-87.04441446
18.71011136,-6.369065566,-86.94062131,-6.368961357,-87.12435595
19.23134002,-6.607067521,-87.02338872,-6.606968885,-87.20214374
19.76708914,-6.845104757,-87.10392482,-6.845011394,-87.27783516
20.31776323,-7.083175396,-87.18228915,-7.083087025,-87.35148609
20.88377806,-7.32127766,-87.25853968,-7.321194015,-87.42315098
21.46556101,-7.559409868,-87.33273292,-7.559330695,-87.49288285
22.06355134,-7.797570423,-87.40492389,-7.797495484,-87.56073336
22.67820057,-8.035757818,-87.47516618,-8.035686886,-87.62675281
23.30997277,-8.273970621,-87.54351198,-8.273903482,-87.69099022
23.95934496,-8.51220748,-87.61001211,-8.512143931,-87.75349331
24.62680744,-8.750467113,-87.67471606,-8.750406962,-87.81430855
25.31286418,-8.988748306,-87.73767204,-8.988691371,-87.8734812
26.01803317,-9.227049909,-87.79892696,-9.226996019,-87.93105533
26.74284685,-9.465370836,-87.85852652,-9.465319827,-87.98707386
27.48785248,-9.703710054,-87.9165152,-9.703661773,-88.04157855
28.25361258,-9.942066589,-87.9729363,-9.942020889,-88.0946101
29.04070531,-10.18043952,-88.027832,-10.18039626,-88.1462081
29.84972498,-10.41882796,-88.08124332,-10.41878702,-88.19641111
30.68128242,-10.6572311,-88.13321024,-10.65719235,-88.24525666
31.53600549,-10.89564815,-88.18377165,-10.89561146,-88.2927813
32.41453955,-11.13407835,-88.2329654,-11.13404363,-88.33902058
33.31754792,-11.37252103,-88.28082835,-11.37248816,-88.38400913
34.24571241,-11.61097549,-88.32739637,-11.61094439,-88.42778066
35.19973383,-11.84944113,-88.37270438,-11.84941169,-88.47036797
36.1803325,-12.08791733,-88.41678635,-12.08788947,-88.51180298
37.18824881,-12.32640355,-88.45967537,-12.32637717,-88.55211677
38.22424378,-12.56489923,-88.50140362,-12.56487426,-88.59133959
39.28909963,-12.80340388,-88.54200243,-12.80338025,-88.62950088
40.38362037,-13.04191702,-88.58150229,-13.04189465,-88.66662928
41.50863241,-13.2804382,-88.61993288,-13.28041702,-88.70275268
42.66498517,-13.51896698,-88.65732308,-13.51894693,-88.73789821
43.85355176,-13.75750295,-88.69370098,-13.75748398,-88.77209229
45.07522959,-13.99604575,-88.72909394,-13.99602779,-88.80536062
46.33094108,-14.23459499,-88.76352858,-14.23457799,-88.8377282
47.62163433,-14.47315034,-88.79703078,-14.47313425,-88.86921938
48.94828389,-14.71171147,-88.82962577,-14.71169624,-88.89985784
50.31189141,-14.95027807,-88.86133805,-14.95026365,-88.92966662
51.71348649,-15.18884985,-88.89219151,-15.1888362,-88.95866817
53.15412738,-15.42742653,-88.92220935,-15.42741361,-88.9868843
54.63490183,-15.66600785,-88.95141419,-15.66599562,-89.01433626
56.15692788,-15.90459356,-88.97982802,-15.90458199,-89.0410447
57.72135473,-16.14318343,-89.00747222,-16.14317248,-89.06702975
59.32936358,-16.38177723,-89.03436762,-16.38176687,-89.09231096
60.98216855,-16.62037476,-89.06053448,-16.62036495,-89.11690738
62.68101756,-16.85897582,-89.08599252,-16.85896653,-89.14083754
64.42719333,-17.09758021,-89.11076091,-17.09757142,-89.16411947
66.22201429,-17.33618776,-89.13485832,-17.33617944,-89.1867707
68.06683559,-17.5747983,-89.1583029,-17.57479043,-89.20880831
69.96305017,-17.81341167,-89.18111234,-17.81340422,-89.2302489
71.91208973,-18.05202773,-89.20330383,-18.05202067,-89.25110863
73.91542588,-18.29064631,-89.22489408,-18.29063963,-89.27140323
75.97457123,-18.5292673,-89.24589938,-18.52926098,-89.29114799
78.09108051,-18.76789056,-89.26633557,-18.76788458,-89.31035781
80.26655177,-19.00651597,-89.28621806,-19.00651031,-89.32904715
82.50262759,-19.24514341,-89.30556183,-19.24513805,-89.34723013
84.8009963,-19.48377279,-89.32438148,-19.48376771,-89.36492044
87.16339325,-19.72240398,-89.34269119,-19.72239918,-89.38213143
89.59160216,-19.9610369,-89.36050479,-19.96103236,-89.39887607
92.08745642,-20.19967146,-89.3778357,-20.19966716,-89.41516701
94.65284051,-20.43830756,-89.394697,-20.43830349,-89.43101651
97.28969139,-20.67694513,-89.41110141,-20.67694128,-89.44643655
100,-20.91558408,-89.4270613,-20.91558044,-89.46143875
