w,PI,PD,PID,lead,lag,lead_lag
0.001,41.9384782,3.335380317e-06,41.93842261,6.670707742e-05,9.528555399,6.0125363
0.001022430771,41.74581258,3.486688721e-06,41.74575447,6.973319638e-05,9.527927516,6.012171098
0.001045364681,41.55314753,3.644861174e-06,41.55308679,7.289659181e-05,9.527271271,6.011789384
0.001068813016,41.36048308,3.810209063e-06,41.36041958,7.6203491e-05,9.526585388,6.011390415
0.001092787316,41.16781926,3.983057899e-06,41.16775288,7.96604037e-05,9.525868535,6.010973414
0.001117299378,40.97515609,4.163747965e-06,40.9750867,8.327413496e-05,9.525119321,6.010537567
0.001142361264,40.7824936,4.352634967e-06,40.78242106,8.70517985e-05,9.524336291,6.010082028
0.001167985307,40.58983183,4.550090757e-06,40.589756,9.100083073e-05,9.523517929,6.00960591
0.001194184118,40.3971708,4.756504055e-06,40.39709153,9.512900539e-05,9.522662648,6.009108288
0.001220970588,40.20451055,4.97228122e-06,40.20442769,9.944444883e-05,9.521768792,6.008588195
0.001248357899,40.01185112,5.197847035e-06,40.0117645,0.000103955656,9.520834634,6.008044621
0.001276359529,39.81919254,5.433645555e-06,39.81910199,0.0001086715073,9.519858366,6.007476512
0.001304989257,39.62653485,5.680140988e-06,39.62644019,0.0001136012856,9.518838104,6.006882765
0.001334261172,39.43387809,5.937818589e-06,39.43377914,0.0001187546954,9.517771878,6.00626223
0.001364189678,39.24122231,6.207185642e-06,39.24111887,0.0001241418808,9.516657633,6.005613705
0.001394789504,39.04856755,6.48877242e-06,39.04845941,0.0001297734465,9.515493224,6.004935937
0.001426075707,38.85591385,6.783133276e-06,38.85580081,0.0001356604778,9.514276409,6.004227613
0.001458063684,38.66326126,7.090847697e-06,38.66314309,0.0001418145633,9.51300485,6.003487366
0.001490769177,38.47060983,7.412521463e-06,38.47048631,0.0001482478167,9.511676105,6.002713767
0.001524208278,38.27795963,7.748787827e-06,38.2778305,0.0001549729016,9.510287626,6.001905325
0.001558397444,38.08531069,8.10030878e-06,38.0851757,0.0001620030558,9.508836753,6.00106048
0.0015933535,37.89266308,8.467776338e-06,37.89252197,0.0001693521175,9.50732071,6.000177608
0.001629093647,37.70001686,8.851913909e-06,37.69986935,0.0001770345526,9.505736601,5.99925501
0.001665635473,37.50737209,9.253477726e-06,37.50721789,0.0001850654832,9.504081402,5.998290915
0.00170299696,37.31472883,9.673258313e-06,37.31456764,0.0001934607172,9.50235196,5.997283473
0.001741196495,37.12208717,1.011208207e-05,37.12191867,0.0002022367795,9.500544984,5.996230753
0.001780252874,36.92944716,1.057081288e-05,36.92927102,0.0002114109446,9.498657042,5.99513074
0.001820185318,36.73680889,1.105035381e-05,36.73662475,0.0002210012703,9.496684552,5.993981331
0.001861013477,36.54417243,1.155164891e-05,36.54397994,0.0002310266335,9.49462378,5.992780332
0.001902757444,36.35153786,1.207568503e-05,36.35133664,0.0002415067673,9.492470832,5.991525454
0.00194543776,36.15890527,1.262349382e-05,36.15869493,0.0002524622997,9.490221644,5.990214308
0.001989075428,35.96627475,1.31961537e-05,35.96605487,0.0002639147944,9.487871983,5.988844401
0.002033691923,35.7736464,1.379479204e-05,35.77341655,0.0002758867928,9.485417432,5.987413135
0.0020793092,35.58102031,1.442058732e-05,35.58078003,0.000288401859,9.48285339,5.985917797
0.002125949708,35.38839658,1.50747715e-05,35.3881454,0.0003014846253,9.480175058,5.98435556
0.002173636398,35.19577533,1.575863244e-05,35.19551276,0.0003151608415,9.477377438,5.982723475
0.002222392738,35.00315665,1.647351639e-05,35.00288218,0.000329457425,9.474455319,5.981018466
0.00227224272,34.81054068,1.72208307e-05,34.81025376,0.000344402514,9.471403273,5.979237328
0.002323210875,34.61792754,1.800204654e-05,34.6176276,0.0003600255225,9.468215647,5.977376719
0.002375322285,34.42531734,1.881870184e-05,34.4250038,0.0003763571988,9.46488655,5.975433154
0.002428602595,34.23271023,1.967240428e-05,34.23238247,0.0003934296853,9.461409851,5.973403004
0.002483078023,34.04010634,2.056483447e-05,34.03976372,0.0004112765819,9.457779164,5.971282485
0.002538775377,33.84750583,2.149774927e-05,33.84714767,0.0004299330123,9.453987842,5.969067655
0.002595722065,33.65490883,2.247298524e-05,33.65453444,0.0004494356929,9.450028966,5.966754408
0.002653946111,33.46231553,2.349246224e-05,33.46192415,0.000469823005,9.445895337,5.964338467
0.002713476168,33.26972607,2.455818723e-05,33.26931695,0.0004911350702,9.441579466,5.961815377
0.002774341529,33.07714064,2.567225821e-05,33.07671297,0.0005134138292,9.43707356,5.959180501
0.002836572148,32.88455941,2.683686835e-05,32.88411235,0.0005367031247,9.43236952,5.956429011
0.002900198647,32.69198258,2.805431032e-05,32.69151525,0.000561048787,9.427458921,5.95355588
0.002965252338,32.49941036,2.932698078e-05,32.49892183,0.0005864987244,9.422333008,5.95055588
0.003031765233,32.30684293,3.065738513e-05,32.30633226,0.0006131030174,9.416982683,5.94742357
0.003099770064,32.11428053,3.204814241e-05,32.11374671,0.0006409140169,9.411398496,5.94415329
0.003169300296,31.92172338,3.350199046e-05,31.92116536,0.0006699864472,9.405570629,5.940739154
0.003240390144,31.72917172,3.502179133e-05,31.7285884,0.0007003775137,9.399488891,5.937175043
0.003313074592,31.5366258,3.661053691e-05,31.53601604,0.0007321470149,9.393142703,5.933454596
0.003387389408,31.34408588,3.827135479e-05,31.34344847,0.0007653574602,9.386521089,5.929571203
0.003463371163,31.15155222,4.000751446e-05,31.15088592,0.0008000741926,9.379612664,5.925517996
0.003541057248,30.95902512,4.182243369e-05,30.95832862,0.0008363655171,9.372405623,5.921287844
0.003620485891,30.76650487,4.371968534e-05,30.76577679,0.0008743028347,9.364887729,5.91687334
0.003701696179,30.57399178,4.570300431e-05,30.5732307,0.0009139607829,9.357046304,5.912266799
0.003784728078,30.38148617,4.777629492e-05,30.3806906,0.0009554173817,9.348868218,5.907460245
0.003869622445,30.18898839,4.994363861e-05,30.18815676,0.0009987541876,9.340339876,5.902445405
0.003956421059,29.99649879,5.220930199e-05,29.99562946,0.001044056453,9.331447213,5.897213699
0.004045166632,29.80401773,5.457774518e-05,29.80310901,0.001091413294,9.322175679,5.891756238
0.004135902837,29.61154561,5.705363064e-05,29.61059571,0.001140917865,9.312510233,5.886063809
0.004228674325,29.41908283,5.964183231e-05,29.41808988,0.001192667541,9.302435333,5.88012687
0.00432352675,29.22662981,6.234744526e-05,29.22559187,0.001246764111,9.291934929,5.873935545
0.004420506787,29.03418699,6.517579564e-05,29.03310202,0.001303313974,9.280992454,5.867479612
0.004519662161,28.84175484,6.813245122e-05,28.84062071,0.00136242835,9.269590816,5.860748502
0.004621041666,28.64933384,7.122323236e-05,28.64814833,0.0014242235,9.257712398,5.853731287
0.004724695192,28.45692449,7.445422341e-05,28.45568528,0.001488820948,9.245339046,5.846416676
0.004830673746,28.26452732,7.783178472e-05,28.26323197,0.001556347726,9.232452071,5.838793011
0.004939029481,28.07214288,8.136256516e-05,28.07078886,0.001626936619,9.219032241,5.830848258
0.005049815719,27.87977175,8.505351522e-05,27.87835639,0.001700726426,9.205059787,5.822570007
0.005163086977,27.68741452,8.891190064e-05,27.68593507,0.001777862231,9.190514397,5.813945465
0.005278898997,27.49507184,9.294531675e-05,27.49352538,0.001858495692,9.175375221,5.804961454
0.00539730877,27.30274434,9.716170343e-05,27.30112786,0.001942785329,9.159620873,5.795604409
0.005518374565,27.11043273,0.0001015693607,27.10874305,0.002030896844,9.143229439,5.785860375
0.00564215596,26.91813772,0.0001061769651,26.91637153,0.00212300344,9.126178483,5.775715012
0.005768713866,26.72586005,0.0001109935866,26.72401391,0.002219286159,9.108445058,5.765153589
0.005898110564,26.53360051,0.0001160287069,26.5316708,0.002319934241,9.090005716,5.754160993
0.00603040973,26.34135993,0.0001212922374,26.33934287,0.00242514549,9.070836527,5.742721728
0.006165676467,26.14913915,0.0001267945394,26.1470308,0.002535126661,9.050913092,5.730819924
0.006303977342,25.95693907,0.0001325464439,25.95473532,0.002650093867,9.030210566,5.718439341
0.006445380412,25.76476063,0.0001385592735,25.76245715,0.002770272999,9.008703683,5.70556338
0.006589955262,25.5726048,0.0001448448642,25.57019711,0.002895900168,8.986366778,5.692175093
0.006737773038,25.3804726,0.0001514155888,25.37795598,0.003027222164,8.963173821,5.678257195
0.006888906479,25.1883651,0.0001582843814,25.18573465,0.003164496941,8.939098451,5.663792081
0.007043429961,24.99628341,0.0001654647628,24.99353399,0.003307994119,8.914114009,5.648761844
0.007201419523,24.80422869,0.0001729708669,24.80135494,0.003457995509,8.888193583,5.63314829
0.007362952913,24.61220216,0.000180817469,24.60919848,0.003614795665,8.861310051,5.616932967
0.007528109621,24.42020509,0.0001890200143,24.41706562,0.003778702452,8.833436131,5.600097186
0.007696970922,24.22823881,0.0001975946486,24.22495743,0.003950037654,8.804544432,5.582622054
0.007869619912,24.0363047,0.0002065582501,24.03287503,0.004129137594,8.774607514,5.5644885
0.008046141551,23.84440421,0.0002159284623,23.84081957,0.004316353791,8.743597948,5.545677312
0.008226622707,23.65253885,0.0002257237293,23.64879227,0.004512053644,8.71148838,5.526169178
0.008411152194,23.4607102,0.0002359633314,23.4567944,0.004716621144,8.678251603,5.505944722
0.00859982082,23.26891992,0.0002466674236,23.26482728,0.004930457624,8.643860633,5.484984555
0.008792721429,23.07716973,0.0002578570748,23.07289231,0.005153982532,8.608288783,5.463269318
0.008989948947,22.88546142,0.0002695543097,22.88099092,0.005387634252,8.571509746,5.440779738
0.00919160043,22.69379689,0.0002817821516,22.68912463,0.005631870949,8.533497686,5.417496685
0.009397775112,22.50217808,0.0002945646682,22.49729501,0.005887171457,8.494227321,5.393401227
0.00960857445,22.31060706,0.0003079270188,22.30550372,0.006154036208,8.453674023,5.3684747
0.00982410218,22.11908597,0.0003218955034,22.11375248,0.006432988202,8.41181391,5.342698769
0.01004446436,21.92761704,0.000336497615,21.92204309,0.006724574011,8.368623949,5.316055505
0.01026976944,21.73620261,0.0003517620934,21.73037743,0.007029364842,8.324082058,5.288527456
0.01050012828,21.54484512,0.0003677189817,21.53875746,0.007347957638,8.278167209,5.260097726
0.01073565425,21.35354711,0.0003843996854,21.34718524,0.007680976224,8.230859536,5.230750059
0.01097646325,21.16231125,0.0004018370343,21.15566289,0.008029072515,8.182140444,5.200468919
0.01122267378,20.97114031,0.0004200653469,20.96419267,0.008392927769,8.131992716,5.169239582
0.011474407,20.78003718,0.0004391204978,20.7727769,0.008773253892,8.080400623,5.137048224
0.0117317868,20.58900491,0.0004590399888,20.58141803,0.009170794811,8.027350034,5.103882013
0.01199493981,20.39804663,0.0004798630218,20.39011859,0.009586327899,7.972828523,5.069729204
0.01226399556,20.20716565,0.0005016305765,20.19888126,0.01002066546,7.916825477,5.034579237
0.01253908643,20.0163654,0.0005243854908,20.00770879,0.0104746563,7.859332199,4.998422829
0.0128203478,19.82564948,0.0005481725449,19.8166041,0.01094918732,7.800342012,4.961252075
0.01310791808,19.63502164,0.0005730385496,19.62557021,0.01144518523,7.739850357,4.923060544
0.01340193879,19.44448577,0.0005990324379,19.43461027,0.01196361831,7.677854886,4.883843376
0.01370255461,19.25404597,0.0006262053615,19.24372758,0.01250549827,7.614355551,4.843597376
0.01400991347,19.06370647,0.0006546107913,19.05292558,0.01307188212,7.549354692,4.80232111
0.01432416662,18.87347173,0.0006843046225,18.86220787,0.01366387424,7.482857111,4.760014991
0.01464546872,18.68334636,0.0007153452842,18.67157818,0.01428262843,7.414870146,4.716681372
0.01497397787,18.4933352,0.0007477938544,18.48104043,0.01492935009,7.345403731,4.672324625
0.01530985573,18.30344329,0.0007817141802,18.29059869,0.01560529853,7.274470456,4.626951221
0.01565326759,18.11367586,0.0008171730028,18.10025723,0.01631178928,7.202085613,4.580569802
0.01600438245,17.92403839,0.0008542400889,17.91002049,0.01705019665,7.128267234,4.533191251
0.01636337308,17.7345366,0.0008929883676,17.71989309,0.0178219562,7.053036119,4.484828743
0.01673041615,17.54517642,0.0009334940739,17.52987987,0.01862856753,6.976415859,4.435497808
0.01710569228,17.35596405,0.000975836898,17.33998586,0.01947159699,6.898432841,4.385216363
0.01748938614,17.16690596,0.001020100142,17.15021633,0.02035268065,6.81911625,4.334004754
0.01788168655,16.97800887,0.001066370884,16.96057675,0.02127352735,6.738498057,4.281885775
0.01828278656,16.78927979,0.001114740147,16.77107283,0.02223592179,6.656612997,4.228884687
0.01869288355,16.60072603,0.001165303081,16.58171052,0.02324172791,6.573498537,4.175029215
0.01911217934,16.4123552,0.001218159147,16.39249604,0.02429289227,6.489194829,4.120349545
0.01954088025,16.2241752,0.001273412312,16.20343586,0.02539144765,6.403744663,4.064878303
0.01997919725,16.03619429,0.001331171255,16.01453671,0.02653951675,6.317193398,4.008650522
0.02042734605,15.84842104,0.001391549579,15.82580561,0.02773931608,6.229588889,3.951703601
0.02088554716,15.6608644,0.001454666034,15.6372499,0.02899315995,6.140981405,3.894077249
0.02135402608,15.47353364,0.00152064475,15.44887718,0.03030346471,6.05142353,3.835813416
0.02183301334,15.28643844,0.001589615481,15.26069539,0.03167275306,5.960970068,3.776956217
0.02232274466,15.09958885,0.001661713855,15.0727128,0.03310365862,5.869677924,3.71755184
0.02282346102,14.91299532,0.001737081649,14.88493802,0.0345989306,5.777605991,3.657648444
0.02333540884,14.72666872,0.001815867057,14.69737999,0.03616143872,5.684815015,3.597296046
0.02385884005,14.54062034,0.001898224986,14.51004804,0.03779417826,5.591367467,3.536546399
0.02439401222,14.35486192,0.001984317359,14.32295187,0.0395002754,5.497327397,3.47545286
0.02494118871,14.16940565,0.00207431343,14.13610156,0.04128299262,5.402760287,3.414070249
0.0255006388,13.98426418,0.002168390118,13.94950761,0.04314573446,5.307732899,3.352454695
0.02607263778,13.79945066,0.002266732349,13.76318092,0.04509205337,5.212313116,3.290663489
0.02665746714,13.61497872,0.002369533424,13.57713284,0.04712565586,5.116569779,3.228754912
0.02725541467,13.43086251,0.002476995392,13.39137514,0.04925040884,5.02057252,3.166788074
0.02786677462,13.24711671,0.002589329447,13.20592008,0.05147034617,4.924391596,3.104822737
0.02849184786,13.06375652,0.002706756344,13.02078037,0.05378967553,4.828097711,3.042919147
0.02913094196,12.88079771,0.002829506823,12.83596922,0.05621278542,4.731761851,2.981137852
0.02978437144,12.69825662,0.002957822067,12.65150035,0.05874425246,4.635455104,2.919539527
0.03045245784,12.51615017,0.003091954172,12.46738798,0.06138884898,4.539248484,2.858184801
0.03113552994,12.33449586,0.003232166633,12.28364687,0.06415155081,4.443212762,2.797134076
0.03183392388,12.1533118,0.003378734868,12.10029235,0.06703754533,4.347418287,2.736447364
0.03254798332,11.97261675,0.003531946749,11.91734028,0.07005223979,4.251934817,2.676184113
0.03327805967,11.79243005,0.003692103163,11.73480711,0.07320126996,4.15683135,2.616403048
0.0340245122,11.61277174,0.003859518602,11.5527099,0.07649050893,4.062175953,2.557162016
0.03478770823,11.43366246,0.004034521774,11.37106628,0.07992607631,3.968035603,2.498517834
0.03556802333,11.25512356,0.004217456246,11.18989454,0.08351434756,3.874476026,2.440526155
0.03636584151,11.07717704,0.004408681106,11.00921357,0.08726196376,3.781561541,2.38324133
0.03718155536,10.89984558,0.00460857167,10.82904292,0.09117584151,3.689354916,2.326716292
0.0380155663,10.72315255,0.004817520206,10.64940282,0.09526318315,3.59791722,2.271002442
0.03886828475,10.54712203,0.0050359367,10.47031413,0.09953148728,3.507307691,2.21614955
0.03974013033,10.37177876,0.005264249649,10.29179844,0.1039885595,3.417583602,2.162205668
0.04063153208,10.19714823,0.005502906898,10.113878,0.1086425236,3.328800146,2.109217051
0.04154292866,10.02325658,0.005752376502,9.936575762,0.1135018323,3.241010317,2.057228096
0.04247476857,9.850130679,0.006013147641,9.759915417,0.1185752795,3.154264811,2.006281287
0.04342751036,9.677798095,0.006285731561,9.583921352,0.1238720114,3.068611925,1.956417157
0.04440162289,9.506287075,0.006570662569,9.408618688,0.1294015391,2.984097477,1.907674262
0.04539758551,9.335626556,0.006868499064,9.234033272,0.13517375,2.900764724,1.860089163
0.04641588834,9.165846148,0.007179824617,9.060191686,0.1411989207,2.818654304,1.813696426
0.04745703248,8.996976123,0.0075052491,8.887121246,0.1474877297,2.73780417,1.768528629
0.0485215303,8.829047399,0.007845409857,8.714849999,0.1540512695,2.658249557,1.724616381
0.04960990561,8.662091524,0.008200972943,8.543406726,0.1609010599,2.580022935,1.681988355
0.05072269403,8.496140651,0.008572634396,8.372820931,0.1680490605,2.503153996,1.640671326
0.05186044315,8.331227515,0.008961121584,8.203122839,0.1755076844,2.427669635,1.600690223
0.05302371286,8.167385407,0.009367194601,8.034343384,0.1832898101,2.353593946,1.562068186
0.0542130756,8.00464814,0.009791647726,7.866514197,0.1914087957,2.280948236,1.524826638
0.05542911667,7.843050014,0.01023531095,7.699667594,0.1998784909,2.209751034,1.488985352
0.05667243447,7.682625778,0.01069905155,7.53383655,0.2087132502,2.140018125,1.454562539
0.05794364085,7.523410589,0.01118377578,7.36905469,0.2179279458,2.071762586,1.42157493
0.05924336137,7.365439961,0.01169043057,7.205356254,0.2275379797,2.004994828,1.390037872
0.06057223563,7.208749719,0.01222000535,7.042776075,0.237559296,1.939722653,1.359965421
0.06193091755,7.053375941,0.01277353395,6.881349548,0.248008393,1.875951318,1.331370444
0.06332007576,6.899354904,0.01335209652,6.721112592,0.2589023343,1.813683602,1.304264717
0.06474039386,6.746723016,0.01395682163,6.562101616,0.2702587599,1.752919884,1.278659033
0.06619257079,6.595516755,0.01458888839,6.404353473,0.2820958967,1.693658227,1.254563306
0.06767732116,6.445772594,0.01524952868,6.247905419,0.2944325681,1.635894463,1.231986673
0.06919537564,6.297526932,0.0159400295,6.092795056,0.3072882028,1.579622292,1.210937602
0.07074748124,6.150816014,0.01666173535,5.939060287,0.3206828432,1.524833375,1.191423994
0.07233440177,6.005675851,0.01741605081,5.786739251,0.3346371519,1.471517438,1.173453285
0.07395691814,5.862142138,0.01820444317,5.635870269,0.3491724186,1.419662376,1.157032545
0.07561582881,5.720250163,0.01902844517,5.486491772,0.3643105639,1.369254357,1.142168575
0.07731195013,5.580034725,0.01988965784,5.338642238,0.3800741433,1.320277935,1.128868001
0.07904611675,5.441530036,0.02078975356,5.192360118,0.3964863491,1.272716154,1.117137361
0.08081918207,5.304769635,0.0217304791,5.04768376,0.4135710105,1.226550659,1.10698319
0.08263201861,5.169786287,0.02271365892,4.904651334,0.4313525922,1.181761806,1.098412102
0.08448551847,5.036611894,0.02374119848,4.763300747,0.4498561912,1.138328772,1.091430865
0.08638059376,4.905277397,0.02481508786,4.623669562,0.4691075312,1.096229655,1.086046465
0.08831817705,4.775812682,0.02593740531,4.485794914,0.4891329547,1.055441587,1.082266179
0.09029922183,4.648246485,0.02711032116,4.349713419,0.5099594133,1.015940833,1.080097623
0.09232470296,4.522606297,0.02833610171,4.215461087,0.5316144548,0.9777028925,1.079548811
0.0943956172,4.39891828,0.02961711345,4.083073236,0.5541262081,0.940702595,1.080628196
0.09651298365,4.277207168,0.03095582728,3.952584395,0.5775233643,0.9049141971,1.083344707
0.09867784425,4.157496191,0.032354823,3.824028223,0.6018351561,0.8703114714,1.087707785
0.1008912643,4.039806989,0.033816794,3.697437412,0.6270913328,0.836867794,1.093727404
0.1031543332,3.924159532,0.03534455206,3.572843605,0.6533221327,0.8045562272,1.101414091
0.1054681644,3.810572052,0.03694103239,3.450277308,0.6805582514,0.773349599,1.110778934
0.1078338966,3.699060973,0.03860929882,3.329767806,0.708830807,0.7432205776,1.121833587
0.110252694,3.58964085,0.04035254928,3.211343084,0.738171301,0.7141417424,1.134590266
0.1127257469,3.482324313,0.0421741214,3.095029749,0.7686115758,0.68608565,1.149061741
0.1152542722,3.377122023,0.04407749838,2.980852959,0.800183768,0.6590248969,1.165261311
0.1178395144,3.274042622,0.04606631503,2.868836354,0.8329202572,0.6329321771,1.183202788
0.1204827455,3.173092711,0.04814436411,2.759001993,0.8668536116,0.6077803358,1.202900458
0.1231852663,3.074276814,0.05031560285,2.651370301,0.9020165285,0.5835424194,1.224369046
0.1259484068,2.977597365,0.0525841597,2.545960017,0.9384417714,0.5601917209,1.24762367
0.1287735266,2.883054701,0.05495434139,2.442788148,0.976162102,0.5377018214,1.272679787
0.1316620161,2.790647053,0.05743064019,2.341869939,1.015210209,0.5160466283,1.299553137
0.1346152966,2.700370561,0.06001774142,2.243218841,1.055618633,0.4952004093,1.328259679
0.1376348214,2.612219286,0.06272053128,2.146846493,1.097419684,0.4751378231,1.358815515
0.1407220765,2.526185229,0.06554410488,2.052762708,1.140645364,0.4558339469,1.391236823
0.1438785812,2.442258371,0.06849377457,1.960975471,1.185327274,0.4372643001,1.425539765
0.1471058886,2.360426703,0.07157507861,1.871490945,1.231496525,0.4194048655,1.461740411
0.1504055871,2.280676278,0.07479379,1.784313482,1.279183647,0.4022321073,1.499854639
0.1537793003,2.20299126,0.07815592568,1.699445647,1.328418491,0.3857229867,1.539898046
0.1572286885,2.127353987,0.08166775601,1.616888248,1.37923013,0.3698549742,1.581885846
0.1607554492,2.053745034,0.08533581453,1.536640375,1.431646757,0.3546060605,1.62583277
0.1643613178,1.982143285,0.08916690797,1.458699447,1.485695586,0.3399547641,1.671752959
0.1680480688,1.912526008,0.09316812664,1.383061265,1.541402743,0.3258801375,1.719659859
0.1718175165,1.844868938,0.09734685505,1.309720079,1.598793166,0.3123617717,1.769566111
0.1756715158,1.77914636,0.1017107828,1.238668649,1.657890498,0.2993797977,1.821483444
0.1796119633,1.715331196,0.1062679158,1.169898328,1.718716982,0.2869148877,1.875422561
0.1836407981,1.653395096,0.1110265879,1.103399139,1.781293358,0.274948254,1.931393034
0.1877600027,1.593308529,0.1159954725,1.039159863,1.84563876,0.2634616469,1.989403193
0.1919716043,1.535040882,0.1211835945,0.9771681337,1.911770617,0.2524373511,2.04946002
0.1962776753,1.478560549,0.1266003429,0.9174105289,1.979704555,0.2418581811,2.111569045
0.2006803348,1.423835027,0.1322554833,0.8598726739,2.049454303,0.2317074756,2.175734241
0.2051817494,1.370831015,0.1381591705,0.8045393436,2.121031599,0.2219690908,2.24195793
0.2097841342,1.319514505,0.1443219616,0.7513945679,2.194446109,0.2126273933,2.310240687
0.214489754,1.269850875,0.1507548295,0.7004217388,2.269705344,0.2036672521,2.380581253
0.2193009245,1.221804982,0.1574691759,0.6516037193,2.346814582,0.1950740296,2.452976446
0.2242200132,1.175341253,0.1644768452,0.6049229524,2.425776803,0.1868335727,2.527421091
0.2292494409,1.130423767,0.1717901382,0.5603615699,2.506592621,0.178932203,2.603907943
0.2343916825,1.087016345,0.1794218257,0.5179015013,2.58926023,0.1713567068,2.682427621
0.2396492686,1.04508263,0.1873851627,0.477524581,2.673775356,0.164094325,2.76296856
0.2450247864,1.004586162,0.1956939023,0.4392126543,2.760131213,0.157132742,2.845516949
0.2505208812,0.9654904576,0.2043623094,0.4029476808,2.848318472,0.1504600754,2.9300567
0.2561402576,0.9277590793,0.2134051749,0.3687118358,2.938325235,0.1440648646,3.016569408
0.261885681,0.8913557018,0.2228378296,0.3364876081,3.030137013,0.1379360601,3.105034327
0.2677599787,0.8562441769,0.2326761574,0.3062578948,3.123736725,0.1320630122,3.195428354
0.2737660413,0.8223885932,0.2429366092,0.2780060926,3.219104689,0.1264354601,3.287726019
0.2799068246,0.7897533311,0.2536362159,0.251716184,3.316218633,0.1210435205,3.381899485
0.2861853504,0.7583031155,0.2647926012,0.2273728204,3.41505371,0.1158776767,3.477918555
0.2926047084,0.7280030626,0.2764239944,0.2049613999,3.515582521,0.1109287674,3.575750688
0.2991680575,0.6988187245,0.2885492417,0.1844681399,3.617775142,0.1061879763,3.675361023
0.3058786276,0.6707161291,0.301187818,0.1658801457,3.721599166,0.1016468209,3.776712407
0.3127397209,0.6436618162,0.3143598375,0.1491854727,3.827019746,0.09729714213,3.879765438
0.3197547139,0.6176228702,0.3280860636,0.1343731838,3.933999646,0.0931310936,3.984478502
0.3269270586,0.5925669493,0.3423879177,0.1214334016,4.042499298,0.0891411317,4.090807832
0.3342602844,0.568462311,0.3572874875,0.1103573539,4.152476866,0.08532000527,4.198707558
0.3417580002,0.5452778345,0.3728075336,0.1011374149,4.263888314,0.08166074582,4.308129773
0.3494238956,0.5229830399,0.3889714954,0.09376713882,4.376687476,0.07815665778,4.419024597
0.3572617428,0.5015481048,0.4058034953,0.08824128959,4.49082614,0.07480130908,4.531340253
0.3652753991,0.480943877,0.4233283415,0.08455586301,4.606254121,0.07158852191,4.645023138
0.3734688078,0.4611418858,0.441571529,0.08270810381,4.722919351,0.0685123637,4.760017902
0.381846001,0.4421143502,0.4605592391,0.08269651644,4.840767964,0.06556713833,4.876267533
0.390411101,0.4238341842,0.4803183368,0.08452086992,4.959744384,0.06274737759,4.993713438
0.3991683229,0.4062750013,0.5008763659,0.08818219658,5.079791421,0.06004783287,5.112295532
0.408121976,0.3894111153,0.5222615423,0.09368278488,5.200850357,0.05746346707,5.231952325
0.4172764665,0.3732175407,0.5445027444,0.1010261661,5.322861047,0.05498944675,5.352621009
0.4266362992,0.35766999,0.5676295012,0.1102170953,5.445762008,0.05262113453,5.474237553
0.4362060802,0.3427448707,0.5916719776,0.1212615256,5.56949052,0.0503540817,5.596736792
0.4459905187,0.3284192799,0.616660957,0.1341665779,5.693982717,0.04818402107,5.720052516
0.4559944298,0.3146709981,0.6426278203,0.1489405029,5.819173685,0.04610686005,5.844117567
0.4662227363,0.3014784812,0.6696045224,0.1655926389,5.944997557,0.04411867392,5.968863925
0.4766804716,0.2888208524,0.6976235645,0.1841333631,6.071387609,0.04221569941,6.094222804
0.4873727819,0.2766778921,0.7267179642,0.2045740371,6.198276355,0.04039432833,6.220124744
0.498304929,0.2650300278,0.7569212202,0.2269269475,6.32559564,0.03865110163,6.346499695
0.5094822926,0.2538583225,0.7882672752,0.2512052406,6.453276737,0.03698270347,6.473277117
0.5209103731,0.2431444632,0.8207904735,0.2774228518,6.581250438,0.0353859556,6.600386064
0.5325947942,0.2328707485,0.8545255153,0.3055944305,6.709447147,0.03385781192,6.727755277
0.5445413059,0.2230200755,0.8895074071,0.3357352595,6.837796976,0.03239535323,6.855313275
0.556755787,0.2135759264,0.925771408,0.3678611702,6.966229835,0.03099578213,6.982988439
0.5692442484,0.2045223557,0.9633529716,0.4019884531,7.094675526,0.02965641819,7.110709108
0.5820128356,0.1958439752,1.002287684,0.4381337648,7.223063831,0.0283746932,7.238403666
0.5950678321,0.1875259413,1.042611201,0.4763140305,7.351324611,0.02714814668,7.366000631
0.6084156621,0.1795539398,1.084359171,0.5165463438,7.479387893,0.02597442146,7.493428747
0.6220628943,0.1719141723,1.127567171,0.5588478629,7.607183963,0.02485125957,7.620617069
0.6360162445,0.1645933418,1.172270622,0.6032357051,7.734643462,0.02377649811,7.747495061
0.650282579,0.1575786384,1.218504714,0.6497268383,7.861697476,0.02274806541,7.873992681
0.6648689184,0.1508577254,1.266304316,0.6983379713,7.988277629,0.02176397731,8.000040475
0.6797824406,0.144418725,1.315703895,0.7490854431,8.11431618,0.0208223335,8.125569667
0.6950304847,0.1382502046,1.366737422,0.8019851116,8.239746116,0.01992131413,8.250512254
0.7106205541,0.1323411628,1.419438284,0.8570522421,8.364501245,0.01905917648,8.374801099
0.7265603208,0.1266810159,1.473839185,0.914301397,8.488516294,0.01823425172,8.49837002
0.7428576287,0.1212595845,1.529972055,0.9737463257,8.611727004,0.01744494192,8.62115389
0.7595204978,0.1160670805,1.587867951,1.035399858,8.734070224,0.01668971702,8.743088728
0.7765571279,0.1110940938,1.647556958,1.099273797,8.855484008,0.0159671121,8.864111792
0.7939759028,0.10633158,1.709068095,1.165378821,8.97590771,0.01527572456,8.984161676
0.8117853942,0.1017708477,1.772429215,1.233724379,9.095282082,0.01461421162,9.103178401
0.8299943662,0.0974035462,1.837666909,1.304318603,9.213549363,0.01398128773,9.22110351
0.8486117795,0.09322165424,1.90480641,1.377168215,9.330653377,0.01337572223,9.337880158
0.8676467957,0.0892174678,1.973871504,1.452278446,9.446539623,0.01279633701,9.453453206
0.887108782,0.08538358906,2.044884433,1.529652954,9.561155364,0.01224200432,9.567769306
0.9070073157,0.08171291537,2.117865816,1.609293759,9.67444972,0.01171164463,9.680776991
0.9273521888,0.07819862854,2.192834559,1.691201174,9.786373745,0.01120422462,9.792426757
0.9481534131,0.07483418441,2.26980778,1.775373747,9.896880519,0.01071875523,9.902671146
0.9694212248,0.07161330278,2.348800733,1.86180822,10.00592522,0.01025428975,10.01146482
0.99116609,0.06852995755,2.429826742,1.950499477,10.11346519,0.009809922089,10.11876464
1.013398709,0.06557836722,2.512897136,2.041440518,10.21946004,0.009384784999,10.22452974
1.036130023,0.06275298567,2.598021198,2.134622431,10.32387167,0.008978048459,10.32872157
1.059371218,0.0600484932,2.685206107,2.230034379,10.42666434,0.008588918084,10.43130396
1.083133731,0.05745978789,2.774456905,2.327663585,10.52780476,0.008216633615,10.53224321
1.107429255,0.05498197722,2.865776459,2.42749534,10.6272621,0.007860467463,10.63150809
1.132269747,0.05261036998,2.959165433,2.529513006,10.72500801,0.007519723322,10.72906989
1.15766743,0.05034046844,3.054622273,2.633698037,10.82101673,0.007193734837,10.82490248
1.183634803,0.04816796077,3.152143191,2.740029996,10.91526504,0.006881864321,10.91898228
1.210184644,0.04608871377,3.251722167,2.848486596,11.00773231,0.006583501538,11.01128834
1.237330018,0.0440987658,3.353350952,2.959043729,11.0984005,0.006298062528,11.10180231
1.265084284,0.04219432,3.457019084,3.071675519,11.18725418,0.006024988483,11.19050846
1.293461099,0.0403717377,3.562713904,3.186354367,11.2742805,0.005763744676,11.27739365
1.322474429,0.03862753215,3.67042059,3.303051014,11.35946921,0.005513819423,11.36244734
1.352138549,0.03695836239,3.780122189,3.421734597,11.44281259,0.005274723104,11.44566155
1.382468059,0.03536102737,3.891799661,3.54237272,11.52430545,0.005045987214,11.52703084
1.413477883,0.03383246034,4.00543193,3.66493152,11.60394509,0.004827163456,11.60655227
1.445183281,0.03236972341,4.120995935,3.789375746,11.68173125,0.00461782288,11.68422534
1.477599856,0.03097000225,4.238466696,3.91566883,11.75766604,0.004417555046,11.76005195
1.510743559,0.02963060111,4.357817375,4.043772968,11.83175392,0.004225967236,11.83403633
1.544630702,0.02834893798,4.47901935,4.1736492,11.90400158,0.004042683687,11.90618499
1.579277959,0.02712253986,4.602042286,4.305257489,11.97441792,0.003867344866,11.97650661
1.614702381,0.02594903837,4.726854216,4.438556805,12.04301393,0.003699606772,12.04501201
1.650921399,0.02482616537,4.853421617,4.573505202,12.10980261,0.003539140265,12.11171402
1.687952839,0.02375174883,4.981709496,4.710059899,12.17479891,0.00338563043,12.1766274
1.725814922,0.0227237089,5.111681471,4.848177361,12.23801962,0.003238775965,12.23976878
1.76452628,0.02174005403,5.243299856,4.987813375,12.29948325,0.00309828859,12.30115653
1.804105965,0.02079887734,5.37652575,5.128923123,12.35920996,0.002963892493,12.36081066
1.844573452,0.01989835306,5.511319113,5.271461256,12.41722148,0.002835323788,12.41875273
1.885948656,0.01903673317,5.64763886,5.415381966,12.47354093,0.002712330001,12.47500575
1.928251938,0.01821234417,5.785442936,5.560639047,12.52819279,0.002594669581,12.52959406
1.971504115,0.01742358391,5.924688404,5.707185963,12.58120278,0.002482111427,12.58254326
2.015726472,0.01666891862,6.065331515,5.854975908,12.63259771,0.002374434437,12.63388003
2.06094077,0.01594688007,6.207327795,6.003961856,12.68240544,0.002271427078,12.68363213
2.10716926,0.01525606277,6.35063211,6.154096619,12.73065473,0.002172886972,12.73182819
2.15443469,0.01459512135,6.495198742,6.305332895,12.77737516,0.002078620499,12.7784977
2.202760321,0.01396276801,6.640981454,6.457623306,12.82259701,0.001988442424,12.82367085
2.252169932,0.01335777013,6.787933554,6.610920444,12.8663512,0.001902175528,12.86737846
2.302687839,0.01277894787,6.936007955,6.765176904,12.90866917,0.001819650269,12.90965185
2.354338902,0.01222517199,7.08515723,6.920345317,12.94958277,0.001740704444,12.95052282
2.407148538,0.0116953617,7.235333667,7.076378375,12.98912422,0.001665182876,12.99002348
2.461142735,0.01118848258,7.386489314,7.233228859,13.02732598,0.001592937108,13.02818622
2.516348063,0.01070354463,7.538576021,7.390849656,13.06422069,0.001523825113,13.06504361
2.57279169,0.01023960039,7.691545486,7.549193776,13.0998411,0.001457711019,13.10062831
2.63050139,0.009795743097,7.845349283,7.708214365,13.13421998,0.001394464836,13.13497304
2.689505564,0.009371104995,7.999938902,7.867864714,13.16739006,0.001333962209,13.16811044
2.749833246,0.008964855642,8.155265769,8.028098267,13.19938396,0.00127608417,13.20007308
2.811514125,0.008576200333,8.311281274,8.18886862,13.23023413,0.001220716906,13.23089335
2.874578554,0.00820437857,8.46793679,8.350129525,13.25997281,0.001167751536,13.26060343
2.939057566,0.007848662603,8.625183691,8.511834889,13.28863196,0.001117083897,13.28923521
3.004982892,0.00750835603,8.782973367,8.673938763,13.31624319,0.001068614342,13.31682027
3.072386974,0.007182792454,8.941257228,8.836395341,13.34283779,0.00102224754,13.34338982
3.141302982,0.006871334206,9.099986719,8.999158949,13.36844659,0.0009778922936,13.36897467
3.211764829,0.006573371105,9.259113322,9.162184035,13.39310002,0.0009354613594,13.39360519
3.283807189,0.006288319288,9.418588557,9.325425153,13.41682799,0.0008948712744,13.41731124
3.357465515,0.006015620078,9.578363985,9.488836958,13.43965995,0.0008560421944,13.44012222
3.432776054,0.005754738908,9.738391204,9.65237418,13.46162477,0.0008188977363,13.46206698
3.509775867,0.005505164278,9.898621846,9.815991621,13.48275079,0.0007833648286,13.48317382
3.588502844,0.005266406775,10.05900757,9.97964413,13.50306578,0.0007493735682,13.50347045
3.668995729,0.005037998116,10.21950007,10.14328659,13.52259691,0.0007168570823,13.52298402
3.75129413,0.004819490244,10.38005105,10.3068739,13.54137074,0.0006857513982,13.54174106
3.835438549,0.004610454458,10.54061221,10.47036097,13.55941323,0.0006559953168,13.55976748
3.921470391,0.004410480579,10.70113527,10.63370268,13.5767497,0.0006275302927,13.57708857
4.009431994,0.004219176156,10.86157194,10.7968539,13.59340484,0.0006003003196,13.59372901
4.099366644,0.0040361657,11.02187391,10.95976945,13.60940273,0.0005742518195,13.60971283
4.191318597,0.003861089954,11.18199287,11.12240408,13.62476678,0.0005493335383,13.62506343
4.285333103,0.003693605196,11.34188044,11.28471249,13.63951978,0.0005254964443,13.63980356
4.381456428,0.003533382567,11.50148825,11.4466493,13.65368389,0.0005026936327,13.65395535
4.479735872,0.003380107433,11.66076787,11.60816905,13.66728062,0.0004808802325,13.6675403
4.5802198,0.003233478769,11.81967084,11.76922617,13.68033087,0.0004600133193,13.68057928
4.68295766,0.003093208574,11.97814866,11.92977501,13.6928549,0.00044005183,13.69309254
4.788000009,0.002959021309,12.13615278,12.08976983,13.70487237,0.0004209564828,13.70509969
4.89539854,0.002830653359,12.29363464,12.24916479,13.71640232,0.0004026896998,13.71661978
5.005206102,0.002707852518,12.45054563,12.40791394,13.72746319,0.0003852155328,13.72767121
5.117476732,0.002590377497,12.60683712,12.56597129,13.73807284,0.000368499593,13.73827183
5.232265679,0.002477997452,12.76246049,12.72329075,13.74824854,0.0003525089835,13.7484389
5.34962943,0.002370491533,12.91736712,12.87982617,13.75800699,0.0003372122342,13.75818909
5.469625741,0.002267648455,13.07150843,13.03553138,13.76736434,0.0003225792401,13.76753854
5.592313662,0.002169266079,13.22483586,13.1903602,13.77633619,0.0003085812022,13.77650283
5.717753567,0.002075151022,13.37730095,13.34426643,13.7849376,0.0002951905708,13.78509701
5.846007186,0.001985118277,13.52885534,13.49720394,13.79318312,0.0002823809915,13.7933356
5.977137633,0.001898990848,13.67945083,13.64912666,13.80108677,0.0002701272528,13.80123264
6.111209437,0.001816599411,13.82903936,13.79998865,13.80866209,0.0002584052374,13.80880163
6.248288574,0.001737781971,13.97757311,13.9497441,13.81592214,0.0002471918739,13.81605562
6.388442502,0.001662383558,14.12500454,14.09834743,13.82287949,0.0002364650921,13.82300719
6.531740191,0.001590255911,14.2712864,14.2457533,13.82954628,0.0002262037791,13.82966843
6.678252157,0.001521257198,14.41637183,14.39191667,13.83593418,0.000216387738,13.83605103
6.8280505,0.001455251728,14.5602144,14.53679289,13.84205443,0.0002069976481,13.84216621
6.981208935,0.001392109696,14.70276816,14.68033774,13.84791787,0.0001980150272,13.8480248
7.137802831,0.001331706918,14.84398771,14.82250747,13.85353491,0.0001894221947,13.8536372
7.29790925,0.001273924595,14.9838283,14.96325894,13.85891559,0.0001812022371,13.85901344
7.461606979,0.001218649076,15.12224587,15.10254963,13.86406956,0.0001733389749,13.86416316
7.628976574,0.001165771637,15.25919713,15.24033773,13.86900608,0.0001658169304,13.86909562
7.800100398,0.001115188267,15.39463963,15.37658226,13.87373409,0.0001586212976,13.87381974
7.975062661,0.001066799462,15.52853187,15.51124309,13.87826215,0.0001517379127,13.87834409
8.153949463,0.001020510036,15.66083337,15.64428108,13.88259851,0.0001451532267,13.8826769
8.336848833,0.0009762289251,15.79150473,15.77565812,13.8867511,0.0001388542783,13.88682608
8.523850778,0.0009338690163,15.92050774,15.90533724,13.89072752,0.0001328286686,13.89079924
8.71504732,0.000893346973,16.04780546,16.0332827,13.89453507,0.0001270645366,13.89460369
8.910532547,0.0008545830717,16.1733623,16.15946005,13.89818079,0.0001215505361,13.89824643
9.11040266,0.0008175010462,16.29714411,16.28383626,13.90167141,0.0001162758133,13.9017342
9.314756013,0.0007820279372,16.41911825,16.40637975,13.9050134,0.0001112299849,13.90507346
9.523693169,0.0007480939493,16.53925369,16.52706052,13.90821297,0.0001064031187,13.90827043
9.737316946,0.0007156323137,16.65752107,16.64585019,13.91127609,0.000101785713,13.91133105
9.955732469,0.0006845791573,16.7738928,16.76272212,13.91420848,9.736867867e-05,13.91426106
10.17904722,0.0006548733769,16.88834311,16.87765145,13.91701562,9.314332086e-05,13.91706592
10.4073711,0.0006264565194,17.00084811,16.99061516,13.91970279,8.9101322e-05,13.9197509
10.64081645,0.0005992726668,17.11138588,17.10159219,13.92227503,8.523472547e-05,13.92232106
10.87949816,0.0005732683263,17.21993653,17.21056343,13.9247372,8.153591986e-05,13.92478123
11.12353369,0.0005483923253,17.3264822,17.31751181,13.92709393,7.799762406e-05,13.92713605
11.37304313,0.0005245957108,17.43100718,17.42242237,13.9293497,7.461287289e-05,13.92938999
11.62814925,0.0005018316529,17.53349789,17.52528223,13.93150876,7.13750034e-05,13.9315473
11.8889776,0.0004800553532,17.63394293,17.6260807,13.93357521,6.827764179e-05,13.93361208
12.15565653,0.0004592239564,17.73233313,17.72480924,13.93555299,6.53146908e-05,13.93558826
12.42831727,0.000439296466,17.82866151,17.82146153,13.93744585,6.248031777e-05,13.93747959
12.70709401,0.0004202336641,17.92292336,17.91603344,13.93925741,5.976894312e-05,13.93928968
12.99212392,0.0004019980339,18.01511617,18.00852306,13.94099112,5.71752294e-05,13.94102199
13.28354727,0.000384553686,18.10523967,18.09893068,13.9426503,5.469407075e-05,13.94267983
13.58150747,0.0003678662881,18.19329581,18.18725877,13.94423812,5.232058289e-05,13.94426637
13.88615115,0.000351902997,18.27928871,18.27351198,13.94575762,5.005009347e-05,13.94578465
14.19762822,0.0003366323946,18.36322465,18.35769708,13.94721172,4.78781329e-05,13.94723758
14.51609197,0.0003220244254,18.44511204,18.43982293,13.94860322,4.580042553e-05,13.94862795
14.8416991,0.0003080503383,18.52496135,18.51990048,13.94993478,4.381288126e-05,13.94995844
15.17460984,0.000294682629,18.60278506,18.59794264,13.95120897,4.191158746e-05,13.9512316
15.51498804,0.0002818949867,18.67859763,18.67396427,13.95242824,4.009280129e-05,13.95244989
15.86300118,0.0002696622422,18.75241539,18.74798211,13.95359495,3.835294234e-05,13.95361566
16.21882052,0.000257960318,18.8242565,18.82001471,13.95471135,3.668858556e-05,13.95473116
16.58262116,0.0002467661814,18.89414088,18.89008234,13.95577959,3.50964545e-05,13.95579855
16.95458213,0.0002360577989,18.96209009,18.95820691,13.95680175,3.357341494e-05,13.95681987
17.33488648,0.000225814093,19.02812727,19.02441192,13.95777978,3.211646863e-05,13.95779713
17.72372134,0.0002160149008,19.09227706,19.0887223,13.9587156,3.072274744e-05,13.95873219
18.12127807,0.0002066409339,19.15456548,19.15116441,13.95961101,2.93895077e-05,13.95962688
18.5277523,0.0001976737411,19.21501988,19.21176587,13.96046776,2.81141248e-05,13.96048294
18.94334407,0.0001890956715,19.27366878,19.27055549,13.96128749,2.689408802e-05,13.96130201
19.36825787,0.0001808898403,19.33054184,19.32756321,13.96207181,2.572699559e-05,13.9620857
19.80270282,0.0001730400951,19.38566972,19.38281994,13.96282223,2.461054998e-05,13.96283552
20.24689271,0.0001655309844,19.43908398,19.4363575,13.96354023,2.354255334e-05,13.96355294
20.70104612,0.0001583477272,19.49081702,19.48820851,13.96422718,2.252090322e-05,13.96423934
21.16538654,0.0001514761837,19.54090194,19.53840632,13.96488443,2.154358837e-05,13.96489607
21.64014247,0.0001449028278,19.58937249,19.58698488,13.96551327,2.060868486e-05,13.96552439
22.12554754,0.0001386147202,19.63626293,19.63397868,13.9661149,1.971435222e-05,13.96612555
22.62184062,0.000132599483,19.68160797,19.67942261,13.96669051,1.885882985e-05,13.9667007
23.12926594,0.0001268452754,19.72544268,19.72335193,13.96724122,1.804043356e-05,13.96725096
23.6480732,0.0001213407704,19.76780239,19.76580217,13.9677681,1.725755224e-05,13.96777742
24.17851771,0.0001160751327,19.80872262,19.80680902,13.96827218,1.65086447e-05,13.9682811
24.7208605,0.0001110379967,19.848239,19.84640827,13.96875445,1.579223663e-05,13.96876298
25.27536845,0.000106219447,19.88638719,19.88463576,13.96921584,1.510691769e-05,13.969224
25.84231444,0.0001016099982,19.92320282,19.92152724,13.96965726,1.445133875e-05,13.96966507
26.42197747,9.720057666e-05,19.95872139,19.9571184,13.97007957,1.382420921e-05,13.97008704
27.01464279,9.298250232e-05,19.99297827,19.99144472,13.97048359,1.322429451e-05,13.97049074
27.62060205,8.894747184e-05,20.02600856,20.02454146,13.97087012,1.265041362e-05,13.97087696
28.24015344,8.508754218e-05,20.05784711,20.05644358,13.97123991,1.21014368e-05,13.97124645
28.87360184,8.139511494e-05,20.08852842,20.0871857,13.97159369,1.157628332e-05,13.97159994
29.52125898,7.786292146e-05,20.1180866,20.11680207,13.97193214,1.107391934e-05,13.97193812
30.18344357,7.448400848e-05,20.14655534,20.14532648,13.97225593,1.05933559e-05,13.97226165
30.86048147,7.125172446e-05,20.17396787,20.17279227,13.97256569,1.013364694e-05,13.97257117
31.55270586,6.815970649e-05,20.20035691,20.19923226,13.97286204,9.69388747e-06,13.97286727
32.26045737,6.520186778e-05,20.22575466,20.22467875,13.97314554,9.273211764e-06,13.97315055
32.98408429,6.237238566e-05,20.25019273,20.24916346,13.97341676,8.870791667e-06,13.97342155
33.72394272,5.96656901e-05,20.27370217,20.27271752,13.97367623,8.485834965e-06,13.97368081
34.48039674,5.707645283e-05,20.2963134,20.29537143,13.97392445,8.117583814e-06,13.97392884
35.25381862,5.459957673e-05,20.31805622,20.31715509,13.97416192,7.765313271e-06,13.97416611
36.04458894,5.223018591e-05,20.33895979,20.33809773,13.97438909,7.428329835e-06,13.9743931
36.85309685,4.996361605e-05,20.35905261,20.35822792,13.97460642,7.105970114e-06,13.97461026
37.67974021,4.779540521e-05,20.37836249,20.37757357,13.97481433,6.797599498e-06,13.974818
38.52492582,4.572128512e-05,20.39691661,20.39616189,13.97501322,6.502610916e-06,13.97501673
39.3890696,4.373717269e-05,20.41474141,20.41401942,13.97520349,6.220423646e-06,13.97520685
40.27259679,4.183916201e-05,20.4318627,20.43117201,13.97538552,5.950482163e-06,13.97538873
41.17594217,4.00235167e-05,20.44830556,20.44764483,13.97555965,5.692255051e-06,13.97556273
42.09955028,3.828666248e-05,20.46409442,20.46346234,13.97572623,5.445233953e-06,13.97572918
43.04387564,3.662518019e-05,20.47925299,20.47864832,13.9758856,5.208932575e-06,13.97588841
44.00938295,3.503579905e-05,20.49380432,20.49322587,13.97603805,4.982885726e-06,13.97604074
44.99654732,3.351539021e-05,20.50777079,20.50721743,13.97618389,4.766648395e-06,13.97618646
46.00585456,3.206096058e-05,20.52117409,20.52064473,13.9763234,4.559794897e-06,13.97632587
47.03780133,3.066964697e-05,20.53403526,20.53352886,13.97645687,4.361918009e-06,13.97645923
48.09289547,2.933871043e-05,20.5463747,20.54589027,13.97658455,4.172628183e-06,13.9765868
49.17165617,2.806553088e-05,20.55821215,20.55774872,13.97670669,3.991552773e-06,13.97670885
50.27461432,2.684760192e-05,20.56956671,20.56912338,13.97682354,3.81833531e-06,13.9768256
51.40231266,2.568252593e-05,20.58045687,20.58003278,13.97693531,3.65263479e-06,13.97693729
52.55530615,2.456800933e-05,20.59090052,20.59049482,13.97704224,3.494125007e-06,13.97704413
53.73416217,2.350185805e-05,20.60091492,20.60052682,13.97714454,3.342493915e-06,13.97714634
54.93946084,2.248197327e-05,20.61051679,20.61014552,13.97724239,3.197443003e-06,13.97724412
56.17179529,2.150634722e-05,20.61972223,20.61936706,13.977336,3.05868672e-06,13.97733766
57.43177195,2.057305926e-05,20.6285468,20.62820705,13.97742555,2.925951904e-06,13.97742713
58.72001085,1.968027212e-05,20.63700554,20.63668052,13.97751122,2.798977247e-06,13.97751273
60.03714595,1.882622822e-05,20.64511291,20.644802,13.97759317,2.677512785e-06,13.97759462
61.3838254,1.800924628e-05,20.6528829,20.65258547,13.97767157,2.561319391e-06,13.97767295
62.76071191,1.722771797e-05,20.66032896,20.66004443,13.97774656,2.45016833e-06,13.97774789
64.16848305,1.648010477e-05,20.66746406,20.66719188,13.97781831,2.343840778e-06,13.97781957
65.60783158,1.576493488e-05,20.6743007,20.67404033,13.97788694,2.242127416e-06,13.97788815
67.0794658,1.508080043e-05,20.68085093,20.68060185,13.97795259,2.144828012e-06,13.97795375
68.58410992,1.442635459e-05,20.68712632,20.68688805,13.97801539,2.051751009e-06,13.9780165
70.12250436,1.380030902e-05,20.69313802,20.69291009,13.97807547,1.962713178e-06,13.97807653
71.69540617,1.320143125e-05,20.69889678,20.69867874,13.97813295,1.877539236e-06,13.97813396
73.30358939,1.262854233e-05,20.70441291,20.70420432,13.97818793,1.796061499e-06,13.9781889
74.94784539,1.208051444e-05,20.70969633,20.7094968,13.97824052,1.718119574e-06,13.97824145
76.62898332,1.155626873e-05,20.7147566,20.71456573,13.97829084,1.643560016e-06,13.97829172
78.34783048,1.105477314e-05,20.7196029,20.7194203,13.97833897,1.572236048e-06,13.97833982
80.10523269,1.057504042e-05,20.72424404,20.72406937,13.97838501,1.504007253e-06,13.97838582
81.9020548,1.011612615e-05,20.7286885,20.7285214,13.97842906,1.438739319e-06,13.97842983
83.73918101,9.677126885e-06,20.73294441,20.73278457,13.97847119,1.376303749e-06,13.97847193
85.61751537,9.25717841e-06,20.73701962,20.73686671,13.9785115,1.316577639e-06,13.97851221
87.53798223,8.855453994e-06,20.74092161,20.74077534,13.97855005,1.259443401e-06,13.97855073
89.50152663,8.471162787e-06,20.74465762,20.74451769,13.97858694,1.204788564e-06,13.97858759
91.50911485,8.103548267e-06,20.74823456,20.7481007,13.97862222,1.152505527e-06,13.97862284
93.56173482,7.751886726e-06,20.75165908,20.75153103,13.97865597,1.102491364e-06,13.97865657
95.66039664,7.415485874e-06,20.75493756,20.75481507,13.97868826,1.054647621e-06,13.97868883
97.80613306,7.093683462e-06,20.75807613,20.75795895,13.97871915,1.008880105e-06,13.9787197
100,6.785845977e-06,20.76108065,20.76096856,13.9787487,9.650987148e-07,13.97874922
